EOM_DT,CUSIP,SEC_SYM,MF_FAM_DESC,MF_NM,MF_CLASS,EXISTS_ON_MSTA,CHANNEL,ACCT_TYP,PROGRAM,LEGACY_PROGRAM,RTMT_ACCT_TYP,TRADE_SIDE,EXCHANGE_IND,GROSS_AMOUNT,NET_ORIG_AMOUNT,NET_AMOUNT,TRD_CNT,Is_it_a_MF,Rec,ACL,Fund_ID,Brand,Mstar_Cat,US_cat
2025-06-30,3TV3I12VJ,ZZOUX,AMERICAN FUNDS,AMERICAN FUNDS Bond Fund A,A,Y,FINET,BROKERAGE,BROKERAGE,BROKERAGE,QP,S,N,4899500.21,-4899500.21,-4899500.21,42,Y,N,Y,FSUSA1CZS7,capital group,US Fund High Yield Bond,US Fund High Yield Bond
2025-10-31,IUC039TEX,YENPX,DWS FUNDS,DWS FUNDS Bond Fund A,A,Y,PCG,BROKERAGE,BROKERAGE,FUNDSOURCE,IRA,P,N,2621399.55,2621399.55,2621399.55,45,Y,Y,Y,FSUSA4DZT8,DWS,US Fund Multisector Bond,US Fund Multisector Bond
2025-07-31,FB9W1Q5UZ,JKDRX,VANGUARD,VANGUARD Growth Fund A,A,Y,WFAS,BROKERAGE,BROKERAGE,BROKERAGE,NON-RETIREMENT,S,N,2052181.86,-2052181.86,-2052181.86,36,Y,Y,Y,FSCAP3Y8BT,Vanguard,US Fund Large Growth,US Fund Large Growth
2025-03-31,Y6B2KNFTU,UECWX,VANGUARD,VANGUARD Bond Fund INV,INV,Y,WFAS,BROKERAGE,BROKERAGE,MASTERS,QP,P,N,2665868.76,2665868.76,2665868.76,16,Y,Y,N,FSUSAF3MVF,Vanguard,US Fund Short-Term Bond,US Fund Short-Term Bond
2026-01-31,3NX39RBSV,WWLNX,CAPITAL GROUP,CAPITAL GROUP Growth Fund A,A,Y,PCG,ADVISORY,ADVISORY,MASTERS,SEP,P,N,1036785.34,1036785.34,1036785.34,44,Y,N,Y,FSINV8R1QP,capital group,US Fund Small Growth,US Fund Small Growth
2026-01-31,YYO4UDOJE,JTGJX,BLACKROCK,BLACKROCK Bond Fund INST,INST,Y,PCG,BROKERAGE,BROKERAGE,PERSONALIZED UMA,SEP,S,N,1452618.03,-1452618.03,-1452618.03,14,Y,Y,N,FSCAPSG2R8,BlackRock,US Fund Short-Term Bond,US Fund Short-Term Bond
2025-03-31,DMLY4LYK8,VOLIX,BLACKROCK,BLACKROCK Value Fund C,C,Y,FCCS,ADVISORY,ADVISORY,FUNDSOURCE,NON-RETIREMENT,P,N,3704584.44,3704584.44,3704584.44,27,Y,Y,Y,FSINVW6LMH,BlackRock,US Fund Large Value,US Fund Large Value
2025-01-31,0YNCXLL4Z,HIKKX,FIDELITY,FIDELITY Bond Fund A,A,Y,WFAS,BROKERAGE,BROKERAGE,PERSONALIZED UMA,SIM,S,N,4889564.6,-4889564.6,-4889564.6,49,N,Y,Y,FSUSAP0XJP,Fidelity,US Fund Multisector Bond,US Fund Multisector Bond
2025-11-30,HZIOYKL1C,LZZBX,FIRST EAGLE,FIRST EAGLE Bond Fund A,A,Y,FCCS,BROKERAGE,BROKERAGE,CUSTOMCHOICE,SIM,P,N,2675993.81,2675993.81,2675993.81,12,Y,Y,N,FSUSAMFLIX,First Eagle,US Fund Multisector Bond,US Fund Multisector Bond
2025-03-31,EDFQS3D63,XYKKX,INVESCO,INVESCO Allocation Fund A,A,Y,PCG,BROKERAGE,BROKERAGE,ASSET ADVISOR,SEP,S,N,4810675.83,-4810675.83,-4810675.83,42,Y,Y,N,FSC8043975,Invesco,US Fund Tactical Allocation,US Fund Tactical Allocation
2025-08-31,2EK3ZEZQA,CGVOX,JPMORGAN,JPMORGAN Allocation Fund A,A,Y,FINET,BROKERAGE,BROKERAGE,CUSTOMCHOICE,IRA,P,N,4044164.98,4044164.98,4044164.98,19,Y,N,Y,FSUSAD1XUN,JPMorgan,US Fund Moderate Allocation,US Fund Moderate Allocation
2026-02-28,8VMUHXID4,JTOUX,FRANKLIN TEMPLETON,FRANKLIN TEMPLETON Bond Fund INST,INST,N,FCCS,ADVISORY,ADVISORY,PERSONALIZED UMA,SEP,P,N,1639969.33,1639969.33,1639969.33,1,Y,Y,Y,FSINVCNRVP,Franklin Templeton,US Fund Intermediate Core Bond,US Fund Intermediate Core Bond
2025-05-31,2960361I2,FEGTX,JPMORGAN,JPMORGAN Bond Fund A,A,Y,PCG,ADVISORY,ADVISORY,ASSET ADVISOR,SIM,P,N,2864600.3,2864600.3,2864600.3,26,Y,N,N,FSCAP0TE0V,JPMorgan,US Fund Multisector Bond,US Fund Multisector Bond
2025-12-31,WOCLYT8W5,MOQGX,T ROWE PRICE,T ROWE PRICE Blend Fund INST,INST,Y,PCG,BROKERAGE,BROKERAGE,CUSTOMCHOICE,SIM,P,N,4580693.86,4580693.86,4580693.86,48,N,Y,Y,FSINVVY2S9,T. Rowe Price,US Fund Large Blend,US Fund Large Blend
2026-01-31,UXLEZ896D,RNAIX,INVESCO,INVESCO Bond Fund A,A,Y,WFAS,ADVISORY,ADVISORY,ASSET ADVISOR,QP,P,N,3320640.15,3320640.15,3320640.15,46,Y,N,Y,FSC9366170,Invesco,US Fund Intermediate Core Bond,US Fund Intermediate Core Bond
2026-03-31,UVY8N1UTO,QGCTX,INVESCO,INVESCO Allocation Fund S,S,Y,WBS,ADVISORY,ADVISORY,ASSET ADVISOR,NON-RETIREMENT,P,Y,2863722.02,2863722.02,2863722.02,32,Y,Y,N,FSINV12SDD,Invesco,US Fund Tactical Allocation,US Fund Tactical Allocation
2025-03-31,6Q3XLRFCD,XISNX,VANGUARD,VANGUARD Allocation Fund INV,INV,Y,WFAS,ADVISORY,ADVISORY,BROKERAGE,SIM,P,Y,2284263.98,2284263.98,2284263.98,1,Y,Y,Y,FSUSAMIGJS,Vanguard,US Fund Tactical Allocation,US Fund Tactical Allocation
2025-12-31,YYO4UDOJE,JTGJX,BLACKROCK,BLACKROCK Bond Fund INST,INST,Y,FCCS,ADVISORY,ADVISORY,BROKERAGE,SEP,P,N,4970621.24,4970621.24,4970621.24,50,Y,Y,Y,FSCAPSG2R8,BlackRock,US Fund Short-Term Bond,US Fund Short-Term Bond
2025-06-30,WYJXRPJ1E,LHRMX,INVESCO,INVESCO Bond Fund A,A,Y,PCG,BROKERAGE,BROKERAGE,CUSTOMCHOICE,SEP,S,N,1912706.85,-1912706.85,-1912706.85,35,Y,Y,N,FSCAPRK315,Invesco,US Fund Intermediate Core Bond,US Fund Intermediate Core Bond
2026-01-31,VBDIVUZZP,LHWTX,VANGUARD,VANGUARD Growth Fund A,A,Y,WBS,ADVISORY,ADVISORY,FUNDSOURCE,NON-RETIREMENT,P,N,1492165.76,1492165.76,1492165.76,10,Y,N,Y,FSCAP853QJ,Vanguard,US Fund Large Growth,US Fund Large Growth
2025-01-31,6246HID25,KQEYX,FIRST EAGLE,FIRST EAGLE Growth Fund INST,INST,Y,PCG,BROKERAGE,BROKERAGE,FUNDSOURCE,IRA,S,N,2096493.37,-2096493.37,-2096493.37,3,Y,Y,N,FSUSAUK54B,First Eagle,US Fund Small Growth,US Fund Small Growth
2025-12-31,C8D1WJCIT,EKRMX,FRANKLIN TEMPLETON,FRANKLIN TEMPLETON Estate Fund C,C,N,WFAS,BROKERAGE,BROKERAGE,CUSTOMCHOICE,QP,P,N,2195094.58,2195094.58,2195094.58,15,Y,N,Y,FSC7392545,Franklin Templeton,US Fund Real Estate,US Fund Real Estate
2026-01-31,QJIDKNWI5,EIPIX,JPMORGAN,JPMORGAN Allocation Fund INST,INST,Y,FINET,ADVISORY,ADVISORY,FUNDSOURCE,SIM,S,N,1603665.24,-1603665.24,-1603665.24,4,Y,Y,Y,FSCAPZ4DKB,JPMorgan,US Fund Tactical Allocation,US Fund Tactical Allocation
2025-11-30,R7KO64T02,XMHMX,FRANKLIN TEMPLETON,FRANKLIN TEMPLETON Blend Fund C,C,Y,FINET,ADVISORY,ADVISORY,FC/QC,QP,S,Y,2779475.4,-2779475.4,-2779475.4,27,Y,Y,Y,FSC8379085,Franklin Templeton,US Fund Mid-Cap Blend,US Fund Mid-Cap Blend
2025-08-31,8MGYN2JCP,LZEHX,NUVEEN,NUVEEN Estate Fund A,A,Y,WBS,ADVISORY,ADVISORY,BROKERAGE,QP,P,N,1127110.07,1127110.07,1127110.07,27,Y,Y,Y,FSCAP9SFEF,Nuveen,US Fund Real Estate,US Fund Real Estate
2025-06-30,RPN6QFGSX,QXUMX,LORD ABBETT,LORD ABBETT Estate Fund A,A,Y,FINET,ADVISORY,ADVISORY,FUNDSOURCE,IRA,S,N,4611169.41,-4611169.41,-4611169.41,44,Y,Y,Y,FSINVN2N0F,Lord Abbett,US Fund Real Estate,US Fund Real Estate
2025-12-31,WK8R2YKCC,LMFPX,DWS FUNDS,DWS FUNDS Bond Fund INST,INST,N,PCG,BROKERAGE,BROKERAGE,BROKERAGE,NON-RETIREMENT,S,N,1085474.1,-1085474.1,-1085474.1,48,Y,N,Y,FSCAPNRENH,DWS,US Fund High Yield Bond,US Fund High Yield Bond
2025-12-31,C8D1WJCIT,EKRMX,FRANKLIN TEMPLETON,FRANKLIN TEMPLETON Estate Fund C,C,Y,WFAS,ADVISORY,ADVISORY,FC/QC,SIM,S,N,1022963.46,-1022963.46,-1022963.46,23,Y,Y,N,FSC7392545,Franklin Templeton,US Fund Real Estate,US Fund Real Estate
2025-02-28,N1YBWMLUN,GWZPX,INVESCO,INVESCO Blend Fund A,A,Y,PCG,ADVISORY,ADVISORY,PIM,SIM,S,N,3612206.66,-3612206.66,-3612206.66,15,Y,Y,Y,FSINVZILDX,Invesco,US Fund Large Blend,US Fund Large Blend
2025-10-31,KTSG7FXZV,VOVAX,CAPITAL GROUP,CAPITAL GROUP Bond Fund INST,INST,Y,WBS,ADVISORY,ADVISORY,FUNDSOURCE,SIM,S,N,1476313.84,-1476313.84,-1476313.84,44,Y,N,Y,FSCAPU9MJ4,capital group,US Fund Intermediate Core Bond,US Fund Intermediate Core Bond
2025-08-31,QTL3Q4N89,MHJNX,MFS,MFS Blend Fund A,A,Y,WBS,BROKERAGE,BROKERAGE,BROKERAGE,QP,P,N,3974980.08,3974980.08,3974980.08,5,Y,Y,Y,FSCAPO8FAQ,MFS,US Fund Mid-Cap Blend,US Fund Mid-Cap Blend
2025-03-31,17MGFXC08,CNJLX,NUVEEN,NUVEEN Blend Fund INV,INV,Y,WBS,ADVISORY,ADVISORY,PIM,IRA,S,N,1157551.24,-1157551.24,-1157551.24,43,Y,N,Y,FSUSALNO19,Nuveen,US Fund Small Blend,US Fund Small Blend
2025-01-31,4FMYZYCWT,GMHYX,DWS FUNDS,DWS FUNDS Bond Fund A,A,Y,WBS,BROKERAGE,BROKERAGE,MASTERS,IRA,P,Y,2056986.87,2056986.87,2056986.87,45,Y,N,N,FSCAPZUVDG,DWS,US Fund High Yield Bond,US Fund High Yield Bond
2026-03-31,4DPJA1WJ0,OLABX,PIMCO,PIMCO Bond Fund S,S,Y,WFAS,ADVISORY,ADVISORY,MASTERS,SIM,P,N,744912.98,744912.98,744912.98,26,Y,Y,Y,FSCAP7M9HW,PIMCO,US Fund Short-Term Bond,US Fund Short-Term Bond
2025-11-30,3NX39RBSV,WWLNX,CAPITAL GROUP,CAPITAL GROUP Growth Fund A,A,Y,PCG,BROKERAGE,BROKERAGE,FC/QC,SIM,S,N,403544.28,-403544.28,-403544.28,31,Y,Y,Y,FSINV8R1QP,capital group,US Fund Small Growth,US Fund Small Growth
2026-02-28,EDFQS3D63,XYKKX,INVESCO,INVESCO Allocation Fund A,A,Y,PCG,BROKERAGE,BROKERAGE,BROKERAGE,NON-RETIREMENT,P,N,3921989.37,3921989.37,3921989.37,45,Y,Y,Y,FSC8043975,Invesco,US Fund Tactical Allocation,US Fund Tactical Allocation
2025-11-30,4874FRHOC,JZGUX,INVESCO,INVESCO Bond Fund C,C,N,FCCS,ADVISORY,ADVISORY,PIM,IRA,S,N,4496608.6,-4496608.6,-4496608.6,38,Y,N,N,FSUSAFVJ1Z,Invesco,US Fund Short-Term Bond,US Fund Short-Term Bond
2025-05-31,4874FRHOC,JZGUX,INVESCO,INVESCO Bond Fund C,C,Y,WFAS,ADVISORY,ADVISORY,PIM,SIM,P,N,1202740.74,1202740.74,1202740.74,9,Y,Y,Y,FSUSAFVJ1Z,Invesco,US Fund Short-Term Bond,US Fund Short-Term Bond
2025-01-31,YYO4UDOJE,JTGJX,BLACKROCK,BLACKROCK Bond Fund INST,INST,Y,FINET,BROKERAGE,BROKERAGE,FC/QC,SEP,P,Y,1161103.95,1161103.95,1161103.95,18,Y,Y,Y,FSCAPSG2R8,BlackRock,US Fund Short-Term Bond,US Fund Short-Term Bond
2025-07-31,UVY8N1UTO,QGCTX,INVESCO,INVESCO Allocation Fund S,S,Y,FINET,ADVISORY,ADVISORY,FUNDSOURCE,IRA,P,N,3398634.44,3398634.44,3398634.44,10,Y,N,Y,FSINV12SDD,Invesco,US Fund Tactical Allocation,US Fund Tactical Allocation
2025-06-30,LFEWVZNVK,NLUCX,DWS FUNDS,DWS FUNDS Blend Fund INV,INV,Y,WFAS,ADVISORY,ADVISORY,ASSET ADVISOR,NON-RETIREMENT,P,N,458056.38,458056.38,458056.38,28,Y,Y,Y,FSINVF3PFW,DWS,US Fund Large Blend,US Fund Large Blend
2025-02-28,JH75LXO6Q,GGOGX,MFS,MFS Blend Fund A,A,Y,PCG,ADVISORY,ADVISORY,MASTERS,SIM,P,N,465774.77,465774.77,465774.77,6,Y,Y,N,FSCAPUR81B,MFS,US Fund Small Blend,US Fund Small Blend
2025-10-31,C8D1WJCIT,EKRMX,FRANKLIN TEMPLETON,FRANKLIN TEMPLETON Estate Fund C,C,Y,PCG,ADVISORY,ADVISORY,CUSTOMCHOICE,IRA,P,N,3426737.3,3426737.3,3426737.3,18,Y,Y,Y,FSC7392545,Franklin Templeton,US Fund Real Estate,US Fund Real Estate
2025-04-30,WX7PTX63C,EHTOX,DWS FUNDS,DWS FUNDS Allocation Fund A,A,Y,PCG,ADVISORY,ADVISORY,BROKERAGE,SIM,S,N,2479264.28,-2479264.28,-2479264.28,40,Y,N,Y,FSCAPPGOXS,DWS,US Fund Moderate Allocation,US Fund Moderate Allocation
2026-02-28,EAL2W37D4,GPNKX,FIDELITY,FIDELITY Blend Fund C,C,Y,FINET,ADVISORY,ADVISORY,FUNDSOURCE,SIM,S,N,3255358.77,-3255358.77,-3255358.77,26,N,Y,Y,FSUSAVKKPF,Fidelity,US Fund Large Blend,US Fund Large Blend
2025-10-31,QTL3Q4N89,MHJNX,MFS,MFS Blend Fund A,A,N,PCG,BROKERAGE,BROKERAGE,FUNDSOURCE,QP,S,N,1629768.24,-1629768.24,-1629768.24,12,Y,Y,N,FSCAPO8FAQ,MFS,US Fund Mid-Cap Blend,US Fund Mid-Cap Blend
2025-12-31,N1YBWMLUN,GWZPX,INVESCO,INVESCO Blend Fund A,A,Y,WFAS,ADVISORY,ADVISORY,FC/QC,SIM,P,N,3988528.76,3988528.76,3988528.76,20,Y,Y,Y,FSINVZILDX,Invesco,US Fund Large Blend,US Fund Large Blend
2025-02-28,S0R2SDS8B,UWNLX,AMERICAN FUNDS,AMERICAN FUNDS Bond Fund INST,INST,Y,FCCS,ADVISORY,ADVISORY,FC/QC,QP,P,N,2989870.31,2989870.31,2989870.31,24,Y,N,Y,FSC0723107,capital group,US Fund High Yield Bond,US Fund High Yield Bond
2025-02-28,0CVS4F8CG,PRGDX,T ROWE PRICE,T ROWE PRICE Bond Fund C,C,N,PCG,BROKERAGE,BROKERAGE,FC/QC,SEP,S,N,3288179.42,-3288179.42,-3288179.42,28,Y,Y,Y,FSINV5AYKJ,T. Rowe Price,US Fund Short-Term Bond,US Fund Short-Term Bond
2025-09-30,OQW9JA2M0,QUTIX,VANGUARD,VANGUARD Growth Fund C,C,N,WFAS,ADVISORY,ADVISORY,CUSTOMCHOICE,SEP,P,N,2876389.37,2876389.37,2876389.37,31,Y,Y,N,FSCAP2IIZJ,Vanguard,US Fund Large Growth,US Fund Large Growth
2026-02-28,6246HID25,KQEYX,FIRST EAGLE,FIRST EAGLE Growth Fund INST,INST,Y,PCG,ADVISORY,ADVISORY,PERSONALIZED UMA,SEP,S,N,708805.05,-708805.05,-708805.05,29,Y,Y,Y,FSUSAUK54B,First Eagle,US Fund Small Growth,US Fund Small Growth
2026-01-31,JSG65KXVF,TOUNX,FIRST EAGLE,FIRST EAGLE Blend Fund INST,INST,Y,WFAS,ADVISORY,ADVISORY,FUNDSOURCE,QP,S,N,113414.28,-113414.28,-113414.28,11,Y,Y,Y,FSCAP4FGYV,First Eagle,US Fund Small Blend,US Fund Small Blend
2025-11-30,8VMUHXID4,JTOUX,FRANKLIN TEMPLETON,FRANKLIN TEMPLETON Bond Fund INST,INST,Y,FINET,ADVISORY,ADVISORY,FUNDSOURCE,SIM,P,N,3202574.14,3202574.14,3202574.14,25,Y,Y,Y,FSINVCNRVP,Franklin Templeton,US Fund Intermediate Core Bond,US Fund Intermediate Core Bond
2025-10-31,MO5BXXC02,CENDX,FRANKLIN TEMPLETON,FRANKLIN TEMPLETON Value Fund INST,INST,Y,WBS,ADVISORY,ADVISORY,MASTERS,SIM,P,N,4359960.66,4359960.66,4359960.66,41,Y,Y,Y,FSINV8HE3N,Franklin Templeton,US Fund Large Value,US Fund Large Value
2025-06-30,6246HID25,KQEYX,FIRST EAGLE,FIRST EAGLE Growth Fund INST,INST,Y,WFAS,BROKERAGE,BROKERAGE,ASSET ADVISOR,NON-RETIREMENT,P,N,2289574.0,2289574.0,2289574.0,16,Y,Y,Y,FSUSAUK54B,First Eagle,US Fund Small Growth,US Fund Small Growth
2025-07-31,WC4RTWUZK,AJOEX,MFS,MFS Bond Fund C,C,Y,FINET,ADVISORY,ADVISORY,CUSTOMCHOICE,QP,P,N,689767.56,689767.56,689767.56,19,Y,Y,Y,FSUSAR848N,MFS,US Fund Multisector Bond,US Fund Multisector Bond
2026-02-28,IUC039TEX,YENPX,DWS FUNDS,DWS FUNDS Bond Fund A,A,Y,FCCS,BROKERAGE,BROKERAGE,PERSONALIZED UMA,SIM,P,Y,48412.41,48412.41,48412.41,27,Y,Y,Y,FSUSA4DZT8,DWS,US Fund Multisector Bond,US Fund Multisector Bond
2025-01-31,E2ATN2TWD,IZSNX,FRANKLIN TEMPLETON,FRANKLIN TEMPLETON Bond Fund INST,INST,Y,PCG,ADVISORY,ADVISORY,PERSONALIZED UMA,QP,S,Y,1103037.27,-1103037.27,-1103037.27,50,Y,Y,Y,FSC7967512,Franklin Templeton,US Fund Short-Term Bond,US Fund Short-Term Bond
2026-01-31,DMLY4LYK8,VOLIX,BLACKROCK,BLACKROCK Value Fund C,C,Y,WFAS,BROKERAGE,BROKERAGE,PERSONALIZED UMA,QP,P,N,4954472.65,4954472.65,4954472.65,28,Y,N,Y,FSINVW6LMH,BlackRock,US Fund Large Value,US Fund Large Value
2026-02-28,3NX39RBSV,WWLNX,CAPITAL GROUP,CAPITAL GROUP Growth Fund A,A,Y,WBS,BROKERAGE,BROKERAGE,ASSET ADVISOR,NON-RETIREMENT,S,N,2248936.85,-2248936.85,-2248936.85,48,Y,Y,Y,FSINV8R1QP,capital group,US Fund Small Growth,US Fund Small Growth
2025-03-31,1KERPETIU,RJKTX,VANGUARD,VANGUARD Bond Fund A,A,Y,WBS,BROKERAGE,BROKERAGE,MASTERS,QP,S,N,3924354.13,-3924354.13,-3924354.13,21,N,Y,Y,FSINVZ17YR,Vanguard,US Fund Short-Term Bond,US Fund Short-Term Bond
2026-03-31,WC4RTWUZK,AJOEX,MFS,MFS Bond Fund C,C,Y,FCCS,BROKERAGE,BROKERAGE,MASTERS,NON-RETIREMENT,S,N,476578.21,-476578.21,-476578.21,9,Y,N,N,FSUSAR848N,MFS,US Fund Multisector Bond,US Fund Multisector Bond
2025-08-31,LJ8YRDDP0,JDBYX,VANGUARD,VANGUARD Bond Fund INST,INST,Y,PCG,ADVISORY,ADVISORY,ASSET ADVISOR,SIM,P,N,3162193.71,3162193.71,3162193.71,18,Y,N,Y,FSC4848373,Vanguard,US Fund High Yield Bond,US Fund High Yield Bond
2025-06-30,QTL3Q4N89,MHJNX,MFS,MFS Blend Fund A,A,Y,FCCS,ADVISORY,ADVISORY,PIM,IRA,P,N,4344604.36,4344604.36,4344604.36,26,Y,Y,Y,FSCAPO8FAQ,MFS,US Fund Mid-Cap Blend,US Fund Mid-Cap Blend
2025-06-30,DMLY4LYK8,VOLIX,BLACKROCK,BLACKROCK Value Fund C,C,Y,WBS,ADVISORY,ADVISORY,PIM,IRA,S,N,1689106.9,-1689106.9,-1689106.9,41,Y,Y,Y,FSINVW6LMH,BlackRock,US Fund Large Value,US Fund Large Value
2025-08-31,U7EEQTUL1,LVXLX,FIRST EAGLE,FIRST EAGLE Estate Fund INST,INST,Y,FCCS,BROKERAGE,BROKERAGE,MASTERS,NON-RETIREMENT,P,N,4959195.27,4959195.27,4959195.27,18,Y,Y,Y,FSUSAS7SPG,First Eagle,US Fund Real Estate,US Fund Real Estate
2025-01-31,WJCKJLTEI,SSBKX,FIRST EAGLE,FIRST EAGLE Blend Fund C,C,Y,FINET,ADVISORY,ADVISORY,ASSET ADVISOR,IRA,P,N,1527893.47,1527893.47,1527893.47,5,Y,Y,Y,FSC7422675,First Eagle,US Fund Small Blend,US Fund Small Blend
2025-01-31,4V30T9NT3,QWPSX,INVESCO,INVESCO Growth Fund C,C,Y,PCG,ADVISORY,ADVISORY,ASSET ADVISOR,NON-RETIREMENT,S,N,4085636.58,-4085636.58,-4085636.58,47,Y,Y,Y,FSCAP5YC33,Invesco,US Fund Small Growth,US Fund Small Growth
2025-03-31,3NX39RBSV,WWLNX,CAPITAL GROUP,CAPITAL GROUP Growth Fund A,A,Y,FINET,BROKERAGE,BROKERAGE,ASSET ADVISOR,QP,P,N,4066932.93,4066932.93,4066932.93,40,Y,Y,Y,FSINV8R1QP,capital group,US Fund Small Growth,US Fund Small Growth
2026-03-31,FB9W1Q5UZ,JKDRX,VANGUARD,VANGUARD Growth Fund A,A,Y,PCG,ADVISORY,ADVISORY,ASSET ADVISOR,QP,P,N,3432987.57,3432987.57,3432987.57,23,N,Y,Y,FSCAP3Y8BT,Vanguard,US Fund Large Growth,US Fund Large Growth
2025-11-30,BSWRPBJEK,WMAQX,JPMORGAN,JPMORGAN Growth Fund INV,INV,Y,WFAS,BROKERAGE,BROKERAGE,BROKERAGE,SEP,P,N,2767206.46,2767206.46,2767206.46,39,Y,N,Y,FSINVVT0VG,JPMorgan,US Fund Large Growth,US Fund Large Growth
2026-01-31,IUC039TEX,YENPX,DWS FUNDS,DWS FUNDS Bond Fund A,A,Y,WBS,ADVISORY,ADVISORY,ASSET ADVISOR,QP,S,N,4773380.22,-4773380.22,-4773380.22,1,N,N,Y,FSUSA4DZT8,DWS,US Fund Multisector Bond,US Fund Multisector Bond
2025-07-31,E2ATN2TWD,IZSNX,FRANKLIN TEMPLETON,FRANKLIN TEMPLETON Bond Fund INST,INST,Y,WFAS,BROKERAGE,BROKERAGE,BROKERAGE,QP,P,N,3414868.77,3414868.77,3414868.77,17,Y,N,N,FSC7967512,Franklin Templeton,US Fund Short-Term Bond,US Fund Short-Term Bond
2025-09-30,LJ8YRDDP0,JDBYX,VANGUARD,VANGUARD Bond Fund INST,INST,Y,WBS,ADVISORY,ADVISORY,CUSTOMCHOICE,SEP,P,N,3563289.07,3563289.07,3563289.07,6,Y,Y,N,FSC4848373,Vanguard,US Fund High Yield Bond,US Fund High Yield Bond
2025-06-30,8MGYN2JCP,LZEHX,NUVEEN,NUVEEN Estate Fund A,A,Y,PCG,BROKERAGE,BROKERAGE,FC/QC,NON-RETIREMENT,P,N,3171654.09,3171654.09,3171654.09,6,Y,Y,Y,FSCAP9SFEF,Nuveen,US Fund Real Estate,US Fund Real Estate
2025-05-31,CATVAZCCB,INHMX,CAPITAL GROUP,CAPITAL GROUP Blend Fund INST,INST,Y,PCG,ADVISORY,ADVISORY,BROKERAGE,NON-RETIREMENT,S,N,3290432.78,-3290432.78,-3290432.78,23,Y,N,Y,FSC7363842,capital group,US Fund Small Blend,US Fund Small Blend
2025-06-30,WJCKJLTEI,SSBKX,FIRST EAGLE,FIRST EAGLE Blend Fund C,C,Y,WFAS,BROKERAGE,BROKERAGE,BROKERAGE,SEP,P,N,3905729.34,3905729.34,3905729.34,18,Y,Y,N,FSC7422675,First Eagle,US Fund Small Blend,US Fund Small Blend
2025-08-31,4874FRHOC,JZGUX,INVESCO,INVESCO Bond Fund C,C,Y,PCG,ADVISORY,ADVISORY,MASTERS,IRA,P,N,1800939.42,1800939.42,1800939.42,44,Y,Y,Y,FSUSAFVJ1Z,Invesco,US Fund Short-Term Bond,US Fund Short-Term Bond
2026-02-28,JSG65KXVF,TOUNX,FIRST EAGLE,FIRST EAGLE Blend Fund INST,INST,Y,PCG,ADVISORY,ADVISORY,BROKERAGE,QP,S,N,1223134.98,-1223134.98,-1223134.98,46,Y,Y,Y,FSCAP4FGYV,First Eagle,US Fund Small Blend,US Fund Small Blend
2026-03-31,WYJXRPJ1E,LHRMX,INVESCO,INVESCO Bond Fund A,A,Y,WBS,ADVISORY,ADVISORY,BROKERAGE,NON-RETIREMENT,S,Y,1356654.16,-1356654.16,-1356654.16,34,N,N,Y,FSCAPRK315,Invesco,US Fund Intermediate Core Bond,US Fund Intermediate Core Bond
2026-02-28,N1YBWMLUN,GWZPX,INVESCO,INVESCO Blend Fund A,A,Y,PCG,ADVISORY,ADVISORY,FUNDSOURCE,SEP,P,N,4224310.1,4224310.1,4224310.1,20,Y,Y,Y,FSINVZILDX,Invesco,US Fund Large Blend,US Fund Large Blend
2026-01-31,EDFQS3D63,XYKKX,INVESCO,INVESCO Allocation Fund A,A,Y,PCG,BROKERAGE,BROKERAGE,FC/QC,IRA,S,N,3662450.45,-3662450.45,-3662450.45,23,Y,Y,Y,FSC8043975,Invesco,US Fund Tactical Allocation,US Fund Tactical Allocation
2025-01-31,2960361I2,FEGTX,JPMORGAN,JPMORGAN Bond Fund A,A,Y,PCG,ADVISORY,ADVISORY,FUNDSOURCE,SIM,S,N,1881686.01,-1881686.01,-1881686.01,4,N,Y,Y,FSCAP0TE0V,JPMorgan,US Fund Multisector Bond,US Fund Multisector Bond
2026-03-31,JSG65KXVF,TOUNX,FIRST EAGLE,FIRST EAGLE Blend Fund INST,INST,Y,WBS,BROKERAGE,BROKERAGE,ASSET ADVISOR,QP,P,N,4227598.43,4227598.43,4227598.43,9,Y,Y,Y,FSCAP4FGYV,First Eagle,US Fund Small Blend,US Fund Small Blend
2025-07-31,CATVAZCCB,INHMX,CAPITAL GROUP,CAPITAL GROUP Blend Fund INST,INST,Y,FCCS,BROKERAGE,BROKERAGE,FC/QC,SEP,S,N,653976.08,-653976.08,-653976.08,18,Y,N,Y,FSC7363842,capital group,US Fund Small Blend,US Fund Small Blend
2025-02-28,KTSG7FXZV,VOVAX,CAPITAL GROUP,CAPITAL GROUP Bond Fund INST,INST,Y,WBS,ADVISORY,ADVISORY,FUNDSOURCE,SIM,P,N,822292.72,822292.72,822292.72,17,Y,Y,N,FSCAPU9MJ4,capital group,US Fund Intermediate Core Bond,US Fund Intermediate Core Bond
2026-02-28,3NX39RBSV,WWLNX,CAPITAL GROUP,CAPITAL GROUP Growth Fund A,A,Y,PCG,BROKERAGE,BROKERAGE,FUNDSOURCE,SEP,S,N,3016710.78,-3016710.78,-3016710.78,4,Y,Y,N,FSINV8R1QP,capital group,US Fund Small Growth,US Fund Small Growth
2025-07-31,JH75LXO6Q,GGOGX,MFS,MFS Blend Fund A,A,Y,PCG,ADVISORY,ADVISORY,CUSTOMCHOICE,IRA,S,N,2779990.83,-2779990.83,-2779990.83,50,N,Y,N,FSCAPUR81B,MFS,US Fund Small Blend,US Fund Small Blend
2025-11-30,3TV3I12VJ,ZZOUX,AMERICAN FUNDS,AMERICAN FUNDS Bond Fund A,A,Y,WFAS,ADVISORY,ADVISORY,BROKERAGE,IRA,S,N,3223602.74,-3223602.74,-3223602.74,42,Y,Y,N,FSUSA1CZS7,capital group,US Fund High Yield Bond,US Fund High Yield Bond
2025-02-28,2960361I2,FEGTX,JPMORGAN,JPMORGAN Bond Fund A,A,Y,WFAS,ADVISORY,ADVISORY,FC/QC,SIM,P,N,2305244.11,2305244.11,2305244.11,44,Y,Y,N,FSCAP0TE0V,JPMorgan,US Fund Multisector Bond,US Fund Multisector Bond
2025-05-31,BSWRPBJEK,WMAQX,JPMORGAN,JPMORGAN Growth Fund INV,INV,Y,FINET,BROKERAGE,BROKERAGE,PERSONALIZED UMA,SIM,P,N,743582.73,743582.73,743582.73,31,Y,Y,Y,FSINVVT0VG,JPMorgan,US Fund Large Growth,US Fund Large Growth
2025-11-30,U6N7HV3IZ,HRUUX,JPMORGAN,JPMORGAN Value Fund S,S,Y,WFAS,BROKERAGE,BROKERAGE,FC/QC,SEP,S,N,2629307.38,-2629307.38,-2629307.38,32,Y,Y,Y,FSUSAS5BKX,JPMorgan,US Fund Large Value,US Fund Large Value
2025-03-31,DMLY4LYK8,VOLIX,BLACKROCK,BLACKROCK Value Fund C,C,Y,PCG,BROKERAGE,BROKERAGE,PERSONALIZED UMA,QP,P,Y,2985783.21,2985783.21,2985783.21,38,N,N,Y,FSINVW6LMH,BlackRock,US Fund Large Value,US Fund Large Value
2025-05-31,8J5ECRUYF,VYCGX,INVESCO,INVESCO Bond Fund INST,INST,N,FCCS,BROKERAGE,BROKERAGE,FC/QC,SEP,P,N,3956290.44,3956290.44,3956290.44,12,Y,Y,N,FSINV30AHC,Invesco,US Fund High Yield Bond,US Fund High Yield Bond
2026-03-31,QZXEBB9EI,NKJYX,VANGUARD,VANGUARD Bond Fund A,A,Y,PCG,ADVISORY,ADVISORY,FUNDSOURCE,SIM,P,N,3517412.69,3517412.69,3517412.69,12,Y,Y,Y,FSC4693666,Vanguard,US Fund Intermediate Core Bond,US Fund Intermediate Core Bond
2025-01-31,2DHYLURTP,TISHX,CAPITAL GROUP,CAPITAL GROUP Growth Fund A,A,Y,PCG,ADVISORY,ADVISORY,CUSTOMCHOICE,SEP,P,N,3917.14,3917.14,3917.14,10,Y,N,Y,FSINVHRONH,capital group,US Fund Large Growth,US Fund Large Growth
2026-02-28,7BH25LLO3,MAQHX,DWS FUNDS,DWS FUNDS Bond Fund C,C,Y,WBS,BROKERAGE,BROKERAGE,PIM,SEP,P,N,363121.76,363121.76,363121.76,11,Y,Y,Y,FSC8694117,DWS,US Fund Intermediate Core Bond,US Fund Intermediate Core Bond
2025-11-30,QTL3Q4N89,MHJNX,MFS,MFS Blend Fund A,A,Y,FINET,BROKERAGE,BROKERAGE,PIM,NON-RETIREMENT,P,N,3536061.01,3536061.01,3536061.01,12,Y,N,Y,FSCAPO8FAQ,MFS,US Fund Mid-Cap Blend,US Fund Mid-Cap Blend
2025-12-31,R7KO64T02,XMHMX,FRANKLIN TEMPLETON,FRANKLIN TEMPLETON Blend Fund C,C,Y,WFAS,BROKERAGE,BROKERAGE,BROKERAGE,NON-RETIREMENT,P,N,3510191.24,3510191.24,3510191.24,40,Y,Y,N,FSC8379085,Franklin Templeton,US Fund Mid-Cap Blend,US Fund Mid-Cap Blend
2025-06-30,O4KH2VLPY,NUYTX,PIMCO,PIMCO Blend Fund A,A,Y,WFAS,ADVISORY,ADVISORY,ASSET ADVISOR,SEP,S,N,1190360.63,-1190360.63,-1190360.63,17,Y,Y,Y,FSINVNDQ6K,PIMCO,US Fund Small Blend,US Fund Small Blend
2025-12-31,4DPJA1WJ0,OLABX,PIMCO,PIMCO Bond Fund S,S,Y,WFAS,BROKERAGE,BROKERAGE,PERSONALIZED UMA,SIM,P,N,1929992.52,1929992.52,1929992.52,25,Y,Y,N,FSCAP7M9HW,PIMCO,US Fund Short-Term Bond,US Fund Short-Term Bond
2025-03-31,2DHYLURTP,TISHX,CAPITAL GROUP,CAPITAL GROUP Growth Fund A,A,Y,PCG,ADVISORY,ADVISORY,ASSET ADVISOR,IRA,P,Y,3996073.23,3996073.23,3996073.23,25,Y,Y,N,FSINVHRONH,capital group,US Fund Large Growth,US Fund Large Growth
2025-06-30,HZIOYKL1C,LZZBX,FIRST EAGLE,FIRST EAGLE Bond Fund A,A,Y,FCCS,ADVISORY,ADVISORY,CUSTOMCHOICE,QP,P,N,3068416.81,3068416.81,3068416.81,11,Y,Y,N,FSUSAMFLIX,First Eagle,US Fund Multisector Bond,US Fund Multisector Bond
2025-12-31,17MGFXC08,CNJLX,NUVEEN,NUVEEN Blend Fund INV,INV,Y,PCG,BROKERAGE,BROKERAGE,ASSET ADVISOR,IRA,P,N,4627905.21,4627905.21,4627905.21,36,Y,Y,Y,FSUSALNO19,Nuveen,US Fund Small Blend,US Fund Small Blend
2025-02-28,1KERPETIU,RJKTX,VANGUARD,VANGUARD Bond Fund A,A,N,PCG,ADVISORY,ADVISORY,CUSTOMCHOICE,SEP,P,N,3310270.12,3310270.12,3310270.12,31,Y,Y,Y,FSINVZ17YR,Vanguard,US Fund Short-Term Bond,US Fund Short-Term Bond
2026-03-31,QTL3Q4N89,MHJNX,MFS,MFS Blend Fund A,A,Y,WFAS,ADVISORY,ADVISORY,PIM,NON-RETIREMENT,S,N,456138.82,-456138.82,-456138.82,17,Y,Y,N,FSCAPO8FAQ,MFS,US Fund Mid-Cap Blend,US Fund Mid-Cap Blend
2025-01-31,E2ATN2TWD,IZSNX,FRANKLIN TEMPLETON,FRANKLIN TEMPLETON Bond Fund INST,INST,Y,WFAS,BROKERAGE,BROKERAGE,FC/QC,QP,P,Y,3482506.52,3482506.52,3482506.52,4,Y,N,Y,FSC7967512,Franklin Templeton,US Fund Short-Term Bond,US Fund Short-Term Bond
2025-11-30,8MGYN2JCP,LZEHX,NUVEEN,NUVEEN Estate Fund A,A,Y,PCG,ADVISORY,ADVISORY,BROKERAGE,QP,S,N,2374384.53,-2374384.53,-2374384.53,34,Y,Y,Y,FSCAP9SFEF,Nuveen,US Fund Real Estate,US Fund Real Estate
2026-01-31,3J2D54I3Q,HUFAX,NUVEEN,NUVEEN Value Fund INV,INV,Y,PCG,ADVISORY,ADVISORY,BROKERAGE,SIM,P,N,4745332.88,4745332.88,4745332.88,44,Y,N,Y,FSC8073988,Nuveen,US Fund Large Value,US Fund Large Value
2025-05-31,QJIDKNWI5,EIPIX,JPMORGAN,JPMORGAN Allocation Fund INST,INST,Y,WBS,ADVISORY,ADVISORY,PIM,SEP,P,N,3635651.49,3635651.49,3635651.49,1,Y,Y,Y,FSCAPZ4DKB,JPMorgan,US Fund Tactical Allocation,US Fund Tactical Allocation
2025-02-28,WYJXRPJ1E,LHRMX,INVESCO,INVESCO Bond Fund A,A,Y,FCCS,BROKERAGE,BROKERAGE,ASSET ADVISOR,QP,P,N,741424.61,741424.61,741424.61,19,Y,N,N,FSCAPRK315,Invesco,US Fund Intermediate Core Bond,US Fund Intermediate Core Bond
2025-07-31,BPLJD84U8,ZRHBX,PIMCO,PIMCO Blend Fund A,A,Y,WBS,ADVISORY,ADVISORY,FC/QC,IRA,S,N,2860330.19,-2860330.19,-2860330.19,22,Y,Y,Y,FSCAPPXIH2,PIMCO,US Fund Mid-Cap Blend,US Fund Mid-Cap Blend
2026-03-31,DMLY4LYK8,VOLIX,BLACKROCK,BLACKROCK Value Fund C,C,Y,WFAS,ADVISORY,ADVISORY,ASSET ADVISOR,NON-RETIREMENT,P,N,1689661.47,1689661.47,1689661.47,48,Y,N,Y,FSINVW6LMH,BlackRock,US Fund Large Value,US Fund Large Value
2025-10-31,WYJXRPJ1E,LHRMX,INVESCO,INVESCO Bond Fund A,A,Y,FINET,BROKERAGE,BROKERAGE,PIM,IRA,S,N,940084.49,-940084.49,-940084.49,11,Y,N,Y,FSCAPRK315,Invesco,US Fund Intermediate Core Bond,US Fund Intermediate Core Bond
2026-03-31,7BH25LLO3,MAQHX,DWS FUNDS,DWS FUNDS Bond Fund C,C,Y,PCG,ADVISORY,ADVISORY,BROKERAGE,SIM,P,N,869099.91,869099.91,869099.91,24,Y,Y,N,FSC8694117,DWS,US Fund Intermediate Core Bond,US Fund Intermediate Core Bond
2025-07-31,2EK3ZEZQA,CGVOX,JPMORGAN,JPMORGAN Allocation Fund A,A,Y,WBS,ADVISORY,ADVISORY,CUSTOMCHOICE,SIM,S,Y,619802.36,-619802.36,-619802.36,23,Y,N,Y,FSUSAD1XUN,JPMorgan,US Fund Moderate Allocation,US Fund Moderate Allocation
2025-05-31,HZIOYKL1C,LZZBX,FIRST EAGLE,FIRST EAGLE Bond Fund A,A,Y,PCG,BROKERAGE,BROKERAGE,FUNDSOURCE,NON-RETIREMENT,P,N,248730.39,248730.39,248730.39,18,Y,Y,N,FSUSAMFLIX,First Eagle,US Fund Multisector Bond,US Fund Multisector Bond
2025-08-31,4V30T9NT3,QWPSX,INVESCO,INVESCO Growth Fund C,C,Y,PCG,ADVISORY,ADVISORY,MASTERS,SEP,S,N,3237034.09,-3237034.09,-3237034.09,25,Y,Y,Y,FSCAP5YC33,Invesco,US Fund Small Growth,US Fund Small Growth
2025-11-30,3NX39RBSV,WWLNX,CAPITAL GROUP,CAPITAL GROUP Growth Fund A,A,Y,FCCS,ADVISORY,ADVISORY,PIM,QP,P,N,3118218.68,3118218.68,3118218.68,39,Y,Y,Y,FSINV8R1QP,capital group,US Fund Small Growth,US Fund Small Growth
2025-05-31,DK0GET8T6,VGVMX,BLACKROCK,BLACKROCK Bond Fund INST,INST,Y,WFAS,BROKERAGE,BROKERAGE,MASTERS,NON-RETIREMENT,S,N,4307527.26,-4307527.26,-4307527.26,49,Y,Y,N,FSC6963457,BlackRock,US Fund High Yield Bond,US Fund High Yield Bond
2025-07-31,QJIDKNWI5,EIPIX,JPMORGAN,JPMORGAN Allocation Fund INST,INST,Y,FCCS,BROKERAGE,BROKERAGE,MASTERS,SIM,S,N,3403938.37,-3403938.37,-3403938.37,48,Y,N,Y,FSCAPZ4DKB,JPMorgan,US Fund Tactical Allocation,US Fund Tactical Allocation
2025-06-30,C8BBI4WIR,CYMGX,NUVEEN,NUVEEN Blend Fund A,A,Y,FCCS,BROKERAGE,BROKERAGE,PIM,QP,S,N,1112204.79,-1112204.79,-1112204.79,11,Y,N,Y,FSUSAGQ1Y8,Nuveen,US Fund Foreign Large Blend,US Fund Foreign Large Blend
2025-08-31,ZW9XA3KX7,DDCOX,CAPITAL GROUP,CAPITAL GROUP Blend Fund A,A,Y,PCG,BROKERAGE,BROKERAGE,PIM,IRA,P,N,1293629.93,1293629.93,1293629.93,15,Y,Y,Y,FSCAPVVD5U,capital group,US Fund Small Blend,US Fund Small Blend
2025-06-30,2960361I2,FEGTX,JPMORGAN,JPMORGAN Bond Fund A,A,Y,WFAS,ADVISORY,ADVISORY,ASSET ADVISOR,SIM,P,N,1470608.58,1470608.58,1470608.58,33,Y,Y,Y,FSCAP0TE0V,JPMorgan,US Fund Multisector Bond,US Fund Multisector Bond
2025-01-31,17MGFXC08,CNJLX,NUVEEN,NUVEEN Blend Fund INV,INV,Y,FCCS,ADVISORY,ADVISORY,PERSONALIZED UMA,NON-RETIREMENT,S,N,754316.87,-754316.87,-754316.87,46,Y,Y,Y,FSUSALNO19,Nuveen,US Fund Small Blend,US Fund Small Blend
2025-06-30,R7KO64T02,XMHMX,FRANKLIN TEMPLETON,FRANKLIN TEMPLETON Blend Fund C,C,Y,PCG,BROKERAGE,BROKERAGE,CUSTOMCHOICE,SIM,S,N,24065.15,-24065.15,-24065.15,50,Y,Y,Y,FSC8379085,Franklin Templeton,US Fund Mid-Cap Blend,US Fund Mid-Cap Blend
2025-07-31,8VMUHXID4,JTOUX,FRANKLIN TEMPLETON,FRANKLIN TEMPLETON Bond Fund INST,INST,Y,PCG,ADVISORY,ADVISORY,BROKERAGE,SEP,S,Y,1916890.44,-1916890.44,-1916890.44,34,Y,Y,Y,FSINVCNRVP,Franklin Templeton,US Fund Intermediate Core Bond,US Fund Intermediate Core Bond
2025-04-30,C8D1WJCIT,EKRMX,FRANKLIN TEMPLETON,FRANKLIN TEMPLETON Estate Fund C,C,Y,WBS,ADVISORY,ADVISORY,CUSTOMCHOICE,IRA,S,Y,1722076.7,-1722076.7,-1722076.7,20,Y,Y,Y,FSC7392545,Franklin Templeton,US Fund Real Estate,US Fund Real Estate
2025-06-30,7BH25LLO3,MAQHX,DWS FUNDS,DWS FUNDS Bond Fund C,C,N,WBS,BROKERAGE,BROKERAGE,FUNDSOURCE,NON-RETIREMENT,P,Y,3434057.38,3434057.38,3434057.38,26,Y,Y,N,FSC8694117,DWS,US Fund Intermediate Core Bond,US Fund Intermediate Core Bond
2025-12-31,QVNB4GH2M,WSHAX,NUVEEN,NUVEEN Growth Fund S,S,Y,WFAS,BROKERAGE,BROKERAGE,FC/QC,SEP,P,Y,2523415.46,2523415.46,2523415.46,40,Y,N,Y,FSCAPUT3V8,Nuveen,US Fund Small Growth,US Fund Small Growth
2025-01-31,4FMYZYCWT,GMHYX,DWS FUNDS,DWS FUNDS Bond Fund A,A,Y,WBS,ADVISORY,ADVISORY,CUSTOMCHOICE,NON-RETIREMENT,S,N,2084169.44,-2084169.44,-2084169.44,41,Y,Y,Y,FSCAPZUVDG,DWS,US Fund High Yield Bond,US Fund High Yield Bond
2025-05-31,OQW9JA2M0,QUTIX,VANGUARD,VANGUARD Growth Fund C,C,Y,WBS,BROKERAGE,BROKERAGE,ASSET ADVISOR,SEP,S,N,3503781.37,-3503781.37,-3503781.37,7,Y,Y,Y,FSCAP2IIZJ,Vanguard,US Fund Large Growth,US Fund Large Growth
2025-04-30,OQW9JA2M0,QUTIX,VANGUARD,VANGUARD Growth Fund C,C,Y,FCCS,ADVISORY,ADVISORY,PERSONALIZED UMA,SEP,P,N,2049076.27,2049076.27,2049076.27,1,Y,N,N,FSCAP2IIZJ,Vanguard,US Fund Large Growth,US Fund Large Growth
2025-03-31,EDFQS3D63,XYKKX,INVESCO,INVESCO Allocation Fund A,A,N,FCCS,BROKERAGE,BROKERAGE,FUNDSOURCE,SIM,S,Y,3897741.35,-3897741.35,-3897741.35,19,Y,Y,N,FSC8043975,Invesco,US Fund Tactical Allocation,US Fund Tactical Allocation
2026-02-28,JSG65KXVF,TOUNX,FIRST EAGLE,FIRST EAGLE Blend Fund INST,INST,Y,PCG,BROKERAGE,BROKERAGE,BROKERAGE,IRA,P,N,4008079.72,4008079.72,4008079.72,43,Y,Y,N,FSCAP4FGYV,First Eagle,US Fund Small Blend,US Fund Small Blend
2025-05-31,SLWF90KM3,NSHVX,FIDELITY,FIDELITY Blend Fund A,A,Y,WBS,ADVISORY,ADVISORY,PERSONALIZED UMA,SEP,S,N,465210.1,-465210.1,-465210.1,45,Y,N,Y,FSUSA4BHGL,Fidelity,US Fund Small Blend,US Fund Small Blend
2025-02-28,WJCKJLTEI,SSBKX,FIRST EAGLE,FIRST EAGLE Blend Fund C,C,Y,PCG,BROKERAGE,BROKERAGE,PERSONALIZED UMA,QP,P,N,3632192.35,3632192.35,3632192.35,12,Y,N,Y,FSC7422675,First Eagle,US Fund Small Blend,US Fund Small Blend
2025-08-31,T7E8G8JDP,SIPNX,CAPITAL GROUP,CAPITAL GROUP Blend Fund A,A,Y,PCG,ADVISORY,ADVISORY,PIM,IRA,S,N,565130.93,-565130.93,-565130.93,44,Y,N,Y,FSUSAYANEZ,capital group,US Fund Foreign Large Blend,US Fund Foreign Large Blend
2025-11-30,2DHYLURTP,TISHX,CAPITAL GROUP,CAPITAL GROUP Growth Fund A,A,Y,WBS,BROKERAGE,BROKERAGE,FUNDSOURCE,SIM,S,N,2595738.85,-2595738.85,-2595738.85,44,Y,Y,N,FSINVHRONH,capital group,US Fund Large Growth,US Fund Large Growth
2025-01-31,QT3WVEDN9,OJDPX,BLACKROCK,BLACKROCK Blend Fund A,A,Y,WBS,ADVISORY,ADVISORY,CUSTOMCHOICE,IRA,P,N,4671889.92,4671889.92,4671889.92,21,Y,N,Y,FSINV1KDAD,BlackRock,US Fund Foreign Large Blend,US Fund Foreign Large Blend
2025-09-30,2DHYLURTP,TISHX,CAPITAL GROUP,CAPITAL GROUP Growth Fund A,A,Y,WFAS,ADVISORY,ADVISORY,PERSONALIZED UMA,IRA,S,N,2016683.33,-2016683.33,-2016683.33,29,Y,N,Y,FSINVHRONH,capital group,US Fund Large Growth,US Fund Large Growth
2025-02-28,4FMYZYCWT,GMHYX,DWS FUNDS,DWS FUNDS Bond Fund A,A,Y,WFAS,BROKERAGE,BROKERAGE,MASTERS,QP,P,N,179641.75,179641.75,179641.75,42,Y,N,Y,FSCAPZUVDG,DWS,US Fund High Yield Bond,US Fund High Yield Bond
2026-02-28,IUC039TEX,YENPX,DWS FUNDS,DWS FUNDS Bond Fund A,A,Y,WBS,BROKERAGE,BROKERAGE,PIM,SIM,P,N,2272572.68,2272572.68,2272572.68,49,Y,Y,Y,FSUSA4DZT8,DWS,US Fund Multisector Bond,US Fund Multisector Bond
2025-09-30,3KKV9RFTM,OOLIX,FRANKLIN TEMPLETON,FRANKLIN TEMPLETON Growth Fund INST,INST,Y,PCG,ADVISORY,ADVISORY,FC/QC,IRA,P,Y,3510629.22,3510629.22,3510629.22,13,Y,N,Y,FSUSA9SEXI,Franklin Templeton,US Fund Small Growth,US Fund Small Growth
2026-02-28,6Q3XLRFCD,XISNX,VANGUARD,VANGUARD Allocation Fund INV,INV,Y,FCCS,ADVISORY,ADVISORY,ASSET ADVISOR,SIM,S,Y,3584081.18,-3584081.18,-3584081.18,38,N,Y,Y,FSUSAMIGJS,Vanguard,US Fund Tactical Allocation,US Fund Tactical Allocation
2025-12-31,7BH25LLO3,MAQHX,DWS FUNDS,DWS FUNDS Bond Fund C,C,Y,WBS,ADVISORY,ADVISORY,CUSTOMCHOICE,QP,P,N,4676573.75,4676573.75,4676573.75,9,Y,Y,Y,FSC8694117,DWS,US Fund Intermediate Core Bond,US Fund Intermediate Core Bond
2025-09-30,TC89K8YQK,ZWCJX,LORD ABBETT,LORD ABBETT Bond Fund A,A,N,PCG,BROKERAGE,BROKERAGE,FC/QC,SEP,S,N,2093614.4,-2093614.4,-2093614.4,29,Y,Y,Y,FSC2646842,Lord Abbett,US Fund High Yield Bond,US Fund High Yield Bond
2025-05-31,WC4RTWUZK,AJOEX,MFS,MFS Bond Fund C,C,Y,WBS,BROKERAGE,BROKERAGE,FUNDSOURCE,NON-RETIREMENT,S,N,2739255.95,-2739255.95,-2739255.95,46,Y,Y,Y,FSUSAR848N,MFS,US Fund Multisector Bond,US Fund Multisector Bond
2025-09-30,R7KO64T02,XMHMX,FRANKLIN TEMPLETON,FRANKLIN TEMPLETON Blend Fund C,C,Y,WBS,BROKERAGE,BROKERAGE,FC/QC,QP,P,N,3184568.74,3184568.74,3184568.74,28,Y,Y,Y,FSC8379085,Franklin Templeton,US Fund Mid-Cap Blend,US Fund Mid-Cap Blend
2025-01-31,O4KH2VLPY,NUYTX,PIMCO,PIMCO Blend Fund A,A,Y,PCG,ADVISORY,ADVISORY,MASTERS,NON-RETIREMENT,S,N,999912.14,-999912.14,-999912.14,45,Y,Y,Y,FSINVNDQ6K,PIMCO,US Fund Small Blend,US Fund Small Blend
2026-02-28,QZXEBB9EI,NKJYX,VANGUARD,VANGUARD Bond Fund A,A,Y,PCG,ADVISORY,ADVISORY,FC/QC,NON-RETIREMENT,P,N,3080736.11,3080736.11,3080736.11,45,Y,Y,N,FSC4693666,Vanguard,US Fund Intermediate Core Bond,US Fund Intermediate Core Bond
2025-07-31,LFEWVZNVK,NLUCX,DWS FUNDS,DWS FUNDS Blend Fund INV,INV,Y,PCG,ADVISORY,ADVISORY,MASTERS,NON-RETIREMENT,S,N,4879125.7,-4879125.7,-4879125.7,50,Y,Y,Y,FSINVF3PFW,DWS,US Fund Large Blend,US Fund Large Blend
2026-01-31,3TV3I12VJ,ZZOUX,AMERICAN FUNDS,AMERICAN FUNDS Bond Fund A,A,N,PCG,BROKERAGE,BROKERAGE,PERSONALIZED UMA,NON-RETIREMENT,P,N,3692380.94,3692380.94,3692380.94,5,Y,Y,Y,FSUSA1CZS7,capital group,US Fund High Yield Bond,US Fund High Yield Bond
2025-01-31,S0R2SDS8B,UWNLX,AMERICAN FUNDS,AMERICAN FUNDS Bond Fund INST,INST,Y,PCG,ADVISORY,ADVISORY,PIM,SIM,P,Y,2783214.8,2783214.8,2783214.8,10,Y,N,Y,FSC0723107,capital group,US Fund High Yield Bond,US Fund High Yield Bond
2026-02-28,QT3WVEDN9,OJDPX,BLACKROCK,BLACKROCK Blend Fund A,A,Y,WFAS,ADVISORY,ADVISORY,PIM,QP,S,N,2453009.43,-2453009.43,-2453009.43,12,Y,N,Y,FSINV1KDAD,BlackRock,US Fund Foreign Large Blend,US Fund Foreign Large Blend
2025-09-30,B5M9J98CW,JURYX,AMERICAN FUNDS,AMERICAN FUNDS Growth Fund A,A,N,PCG,BROKERAGE,BROKERAGE,MASTERS,NON-RETIREMENT,P,N,1747340.05,1747340.05,1747340.05,40,Y,N,N,FSCAPBLFOC,capital group,US Fund Large Growth,US Fund Large Growth
2025-02-28,4V30T9NT3,QWPSX,INVESCO,INVESCO Growth Fund C,C,Y,FINET,BROKERAGE,BROKERAGE,BROKERAGE,SEP,S,N,2228613.4,-2228613.4,-2228613.4,8,Y,Y,Y,FSCAP5YC33,Invesco,US Fund Small Growth,US Fund Small Growth
2026-02-28,OQW9JA2M0,QUTIX,VANGUARD,VANGUARD Growth Fund C,C,Y,PCG,ADVISORY,ADVISORY,FUNDSOURCE,SEP,S,N,2571788.16,-2571788.16,-2571788.16,7,Y,N,Y,FSCAP2IIZJ,Vanguard,US Fund Large Growth,US Fund Large Growth
2025-11-30,VBDIVUZZP,LHWTX,VANGUARD,VANGUARD Growth Fund A,A,Y,WBS,BROKERAGE,BROKERAGE,ASSET ADVISOR,NON-RETIREMENT,P,N,3351840.46,3351840.46,3351840.46,45,Y,N,Y,FSCAP853QJ,Vanguard,US Fund Large Growth,US Fund Large Growth
2025-12-31,4874FRHOC,JZGUX,INVESCO,INVESCO Bond Fund C,C,Y,PCG,ADVISORY,ADVISORY,CUSTOMCHOICE,SEP,S,N,119252.85,-119252.85,-119252.85,37,Y,N,Y,FSUSAFVJ1Z,Invesco,US Fund Short-Term Bond,US Fund Short-Term Bond
2025-11-30,8LPQW2VMC,MAJHX,T ROWE PRICE,T ROWE PRICE Estate Fund S,S,Y,PCG,ADVISORY,ADVISORY,ASSET ADVISOR,QP,P,N,1582363.03,1582363.03,1582363.03,5,Y,Y,Y,FSINVOVNZB,T. Rowe Price,US Fund Real Estate,US Fund Real Estate
2025-10-31,3NX39RBSV,WWLNX,CAPITAL GROUP,CAPITAL GROUP Growth Fund A,A,Y,FINET,ADVISORY,ADVISORY,PERSONALIZED UMA,NON-RETIREMENT,P,N,3826488.57,3826488.57,3826488.57,9,Y,N,N,FSINV8R1QP,capital group,US Fund Small Growth,US Fund Small Growth
2025-11-30,3KKV9RFTM,OOLIX,FRANKLIN TEMPLETON,FRANKLIN TEMPLETON Growth Fund INST,INST,Y,FINET,BROKERAGE,BROKERAGE,PIM,IRA,P,N,3386606.58,3386606.58,3386606.58,36,Y,Y,Y,FSUSA9SEXI,Franklin Templeton,US Fund Small Growth,US Fund Small Growth
2025-09-30,LJ8YRDDP0,JDBYX,VANGUARD,VANGUARD Bond Fund INST,INST,N,FINET,BROKERAGE,BROKERAGE,FUNDSOURCE,SIM,P,N,426091.72,426091.72,426091.72,33,Y,Y,Y,FSC4848373,Vanguard,US Fund High Yield Bond,US Fund High Yield Bond
2025-04-30,WX7PTX63C,EHTOX,DWS FUNDS,DWS FUNDS Allocation Fund A,A,Y,WFAS,ADVISORY,ADVISORY,PERSONALIZED UMA,QP,P,N,3355054.07,3355054.07,3355054.07,43,Y,Y,Y,FSCAPPGOXS,DWS,US Fund Moderate Allocation,US Fund Moderate Allocation
2025-06-30,QTL3Q4N89,MHJNX,MFS,MFS Blend Fund A,A,Y,PCG,ADVISORY,ADVISORY,FUNDSOURCE,SEP,P,N,3356642.18,3356642.18,3356642.18,22,Y,Y,Y,FSCAPO8FAQ,MFS,US Fund Mid-Cap Blend,US Fund Mid-Cap Blend
2025-10-31,E2ATN2TWD,IZSNX,FRANKLIN TEMPLETON,FRANKLIN TEMPLETON Bond Fund INST,INST,Y,PCG,ADVISORY,ADVISORY,FUNDSOURCE,SIM,P,N,1582007.63,1582007.63,1582007.63,24,Y,N,N,FSC7967512,Franklin Templeton,US Fund Short-Term Bond,US Fund Short-Term Bond
2025-08-31,N1YBWMLUN,GWZPX,INVESCO,INVESCO Blend Fund A,A,Y,FINET,ADVISORY,ADVISORY,MASTERS,NON-RETIREMENT,P,N,1527706.25,1527706.25,1527706.25,13,Y,N,Y,FSINVZILDX,Invesco,US Fund Large Blend,US Fund Large Blend
2026-03-31,4874FRHOC,JZGUX,INVESCO,INVESCO Bond Fund C,C,Y,WBS,ADVISORY,ADVISORY,FUNDSOURCE,IRA,P,Y,2536137.97,2536137.97,2536137.97,35,Y,Y,Y,FSUSAFVJ1Z,Invesco,US Fund Short-Term Bond,US Fund Short-Term Bond
2025-06-30,FB9W1Q5UZ,JKDRX,VANGUARD,VANGUARD Growth Fund A,A,Y,PCG,BROKERAGE,BROKERAGE,ASSET ADVISOR,SIM,P,N,4457242.0,4457242.0,4457242.0,1,Y,N,N,FSCAP3Y8BT,Vanguard,US Fund Large Growth,US Fund Large Growth
2025-11-30,QT3WVEDN9,OJDPX,BLACKROCK,BLACKROCK Blend Fund A,A,N,FCCS,ADVISORY,ADVISORY,CUSTOMCHOICE,SIM,P,N,2570926.33,2570926.33,2570926.33,3,Y,Y,Y,FSINV1KDAD,BlackRock,US Fund Foreign Large Blend,US Fund Foreign Large Blend
2025-04-30,3TV3I12VJ,ZZOUX,AMERICAN FUNDS,AMERICAN FUNDS Bond Fund A,A,Y,WBS,ADVISORY,ADVISORY,PERSONALIZED UMA,IRA,P,N,1034266.99,1034266.99,1034266.99,42,Y,N,Y,FSUSA1CZS7,capital group,US Fund High Yield Bond,US Fund High Yield Bond
2026-02-28,BSWRPBJEK,WMAQX,JPMORGAN,JPMORGAN Growth Fund INV,INV,Y,PCG,ADVISORY,ADVISORY,ASSET ADVISOR,QP,S,N,2893367.86,-2893367.86,-2893367.86,15,Y,Y,N,FSINVVT0VG,JPMorgan,US Fund Large Growth,US Fund Large Growth
2026-01-31,QTL3Q4N89,MHJNX,MFS,MFS Blend Fund A,A,Y,PCG,ADVISORY,ADVISORY,ASSET ADVISOR,QP,P,N,3021252.8,3021252.8,3021252.8,14,Y,Y,Y,FSCAPO8FAQ,MFS,US Fund Mid-Cap Blend,US Fund Mid-Cap Blend
2025-11-30,3J2D54I3Q,HUFAX,NUVEEN,NUVEEN Value Fund INV,INV,Y,WBS,ADVISORY,ADVISORY,FUNDSOURCE,QP,P,N,4055957.56,4055957.56,4055957.56,27,Y,Y,Y,FSC8073988,Nuveen,US Fund Large Value,US Fund Large Value
2025-03-31,U7EEQTUL1,LVXLX,FIRST EAGLE,FIRST EAGLE Estate Fund INST,INST,N,PCG,ADVISORY,ADVISORY,CUSTOMCHOICE,QP,S,N,196434.73,-196434.73,-196434.73,39,N,Y,N,FSUSAS7SPG,First Eagle,US Fund Real Estate,US Fund Real Estate
2025-02-28,QE3RZSJ49,GOJXX,BLACKROCK,BLACKROCK Allocation Fund INST,INST,Y,PCG,ADVISORY,ADVISORY,FC/QC,QP,P,N,3032826.23,3032826.23,3032826.23,38,Y,Y,Y,FSCAPJJ3ZW,BlackRock,US Fund Moderate Allocation,US Fund Moderate Allocation
2025-03-31,BPLJD84U8,ZRHBX,PIMCO,PIMCO Blend Fund A,A,Y,PCG,ADVISORY,ADVISORY,FC/QC,NON-RETIREMENT,S,N,1713685.04,-1713685.04,-1713685.04,13,Y,N,Y,FSCAPPXIH2,PIMCO,US Fund Mid-Cap Blend,US Fund Mid-Cap Blend
2025-10-31,FB9W1Q5UZ,JKDRX,VANGUARD,VANGUARD Growth Fund A,A,Y,WFAS,ADVISORY,ADVISORY,ASSET ADVISOR,IRA,P,N,2379607.99,2379607.99,2379607.99,9,Y,Y,Y,FSCAP3Y8BT,Vanguard,US Fund Large Growth,US Fund Large Growth
2025-09-30,EAL2W37D4,GPNKX,FIDELITY,FIDELITY Blend Fund C,C,Y,FCCS,ADVISORY,ADVISORY,PERSONALIZED UMA,SIM,P,N,4374184.09,4374184.09,4374184.09,48,Y,N,Y,FSUSAVKKPF,Fidelity,US Fund Large Blend,US Fund Large Blend
2025-03-31,1KERPETIU,RJKTX,VANGUARD,VANGUARD Bond Fund A,A,Y,WBS,ADVISORY,ADVISORY,FC/QC,SEP,P,N,3829411.52,3829411.52,3829411.52,46,Y,Y,Y,FSINVZ17YR,Vanguard,US Fund Short-Term Bond,US Fund Short-Term Bond
2025-01-31,OQW9JA2M0,QUTIX,VANGUARD,VANGUARD Growth Fund C,C,Y,PCG,ADVISORY,ADVISORY,FC/QC,QP,P,N,1027490.77,1027490.77,1027490.77,35,Y,Y,Y,FSCAP2IIZJ,Vanguard,US Fund Large Growth,US Fund Large Growth
2026-01-31,LJ8YRDDP0,JDBYX,VANGUARD,VANGUARD Bond Fund INST,INST,N,WBS,ADVISORY,ADVISORY,PERSONALIZED UMA,SEP,P,N,2760748.69,2760748.69,2760748.69,37,Y,N,Y,FSC4848373,Vanguard,US Fund High Yield Bond,US Fund High Yield Bond
2025-12-31,3J2D54I3Q,HUFAX,NUVEEN,NUVEEN Value Fund INV,INV,Y,WBS,ADVISORY,ADVISORY,PIM,QP,P,N,3915654.75,3915654.75,3915654.75,44,Y,Y,N,FSC8073988,Nuveen,US Fund Large Value,US Fund Large Value
2026-01-31,VBDIVUZZP,LHWTX,VANGUARD,VANGUARD Growth Fund A,A,Y,PCG,ADVISORY,ADVISORY,FUNDSOURCE,SEP,P,N,727069.51,727069.51,727069.51,3,Y,N,Y,FSCAP853QJ,Vanguard,US Fund Large Growth,US Fund Large Growth
2025-05-31,OQW9JA2M0,QUTIX,VANGUARD,VANGUARD Growth Fund C,C,Y,FINET,BROKERAGE,BROKERAGE,PERSONALIZED UMA,IRA,S,N,2987564.08,-2987564.08,-2987564.08,43,Y,Y,Y,FSCAP2IIZJ,Vanguard,US Fund Large Growth,US Fund Large Growth
2025-09-30,QJIDKNWI5,EIPIX,JPMORGAN,JPMORGAN Allocation Fund INST,INST,Y,PCG,ADVISORY,ADVISORY,BROKERAGE,NON-RETIREMENT,P,N,1158739.03,1158739.03,1158739.03,18,Y,Y,Y,FSCAPZ4DKB,JPMorgan,US Fund Tactical Allocation,US Fund Tactical Allocation
2025-04-30,WK8R2YKCC,LMFPX,DWS FUNDS,DWS FUNDS Bond Fund INST,INST,N,PCG,ADVISORY,ADVISORY,PIM,SEP,P,Y,3684759.24,3684759.24,3684759.24,18,Y,N,Y,FSCAPNRENH,DWS,US Fund High Yield Bond,US Fund High Yield Bond
2025-10-31,8VMUHXID4,JTOUX,FRANKLIN TEMPLETON,FRANKLIN TEMPLETON Bond Fund INST,INST,Y,WBS,ADVISORY,ADVISORY,PIM,IRA,P,N,875586.42,875586.42,875586.42,17,Y,N,Y,FSINVCNRVP,Franklin Templeton,US Fund Intermediate Core Bond,US Fund Intermediate Core Bond
2025-07-31,1M8XFDJGF,TBYQX,PIMCO,PIMCO Growth Fund A,A,Y,WBS,BROKERAGE,BROKERAGE,PERSONALIZED UMA,QP,P,N,3849950.98,3849950.98,3849950.98,31,Y,Y,Y,FSCAPS2MJ6,PIMCO,US Fund Small Growth,US Fund Small Growth
2025-11-30,2DHYLURTP,TISHX,CAPITAL GROUP,CAPITAL GROUP Growth Fund A,A,Y,WBS,ADVISORY,ADVISORY,MASTERS,NON-RETIREMENT,S,N,4000906.89,-4000906.89,-4000906.89,26,Y,N,Y,FSINVHRONH,capital group,US Fund Large Growth,US Fund Large Growth
2025-08-31,R7KO64T02,XMHMX,FRANKLIN TEMPLETON,FRANKLIN TEMPLETON Blend Fund C,C,Y,FINET,ADVISORY,ADVISORY,FUNDSOURCE,SIM,P,N,1093221.39,1093221.39,1093221.39,16,Y,N,Y,FSC8379085,Franklin Templeton,US Fund Mid-Cap Blend,US Fund Mid-Cap Blend
2026-02-28,U6N7HV3IZ,HRUUX,JPMORGAN,JPMORGAN Value Fund S,S,Y,FCCS,ADVISORY,ADVISORY,PERSONALIZED UMA,QP,P,N,3093175.2,3093175.2,3093175.2,35,N,N,Y,FSUSAS5BKX,JPMorgan,US Fund Large Value,US Fund Large Value
2025-08-31,Y6B2KNFTU,UECWX,VANGUARD,VANGUARD Bond Fund INV,INV,Y,PCG,ADVISORY,ADVISORY,MASTERS,SIM,S,N,4404995.75,-4404995.75,-4404995.75,37,Y,Y,Y,FSUSAF3MVF,Vanguard,US Fund Short-Term Bond,US Fund Short-Term Bond
2025-01-31,B5M9J98CW,JURYX,AMERICAN FUNDS,AMERICAN FUNDS Growth Fund A,A,Y,FCCS,ADVISORY,ADVISORY,PERSONALIZED UMA,SEP,P,N,1968887.76,1968887.76,1968887.76,1,Y,Y,Y,FSCAPBLFOC,capital group,US Fund Large Growth,US Fund Large Growth
2025-10-31,HQIN9N6XC,HZYVX,MFS,MFS Blend Fund C,C,Y,FCCS,ADVISORY,ADVISORY,PIM,SEP,S,N,936168.63,-936168.63,-936168.63,28,Y,N,Y,FSC8686926,MFS,US Fund Small Blend,US Fund Small Blend
2025-05-31,8VMUHXID4,JTOUX,FRANKLIN TEMPLETON,FRANKLIN TEMPLETON Bond Fund INST,INST,Y,WFAS,BROKERAGE,BROKERAGE,MASTERS,NON-RETIREMENT,P,N,2857262.89,2857262.89,2857262.89,25,Y,N,Y,FSINVCNRVP,Franklin Templeton,US Fund Intermediate Core Bond,US Fund Intermediate Core Bond
2026-01-31,UXLEZ896D,RNAIX,INVESCO,INVESCO Bond Fund A,A,Y,FINET,BROKERAGE,BROKERAGE,PIM,SIM,P,Y,2107892.58,2107892.58,2107892.58,36,Y,Y,Y,FSC9366170,Invesco,US Fund Intermediate Core Bond,US Fund Intermediate Core Bond
2025-01-31,U7EEQTUL1,LVXLX,FIRST EAGLE,FIRST EAGLE Estate Fund INST,INST,Y,FINET,ADVISORY,ADVISORY,MASTERS,SEP,P,N,1271821.27,1271821.27,1271821.27,36,Y,Y,Y,FSUSAS7SPG,First Eagle,US Fund Real Estate,US Fund Real Estate
2025-06-30,3J2D54I3Q,HUFAX,NUVEEN,NUVEEN Value Fund INV,INV,Y,FINET,ADVISORY,ADVISORY,CUSTOMCHOICE,SEP,S,N,4815601.25,-4815601.25,-4815601.25,44,Y,N,Y,FSC8073988,Nuveen,US Fund Large Value,US Fund Large Value
2025-07-31,0CVS4F8CG,PRGDX,T ROWE PRICE,T ROWE PRICE Bond Fund C,C,Y,FINET,BROKERAGE,BROKERAGE,PIM,SIM,S,N,2319028.53,-2319028.53,-2319028.53,37,Y,N,Y,FSINV5AYKJ,T. Rowe Price,US Fund Short-Term Bond,US Fund Short-Term Bond
2025-04-30,DK0GET8T6,VGVMX,BLACKROCK,BLACKROCK Bond Fund INST,INST,Y,PCG,BROKERAGE,BROKERAGE,PERSONALIZED UMA,SEP,P,N,3265238.98,3265238.98,3265238.98,34,N,Y,Y,FSC6963457,BlackRock,US Fund High Yield Bond,US Fund High Yield Bond
2025-03-31,4FMYZYCWT,GMHYX,DWS FUNDS,DWS FUNDS Bond Fund A,A,Y,PCG,BROKERAGE,BROKERAGE,CUSTOMCHOICE,SIM,S,N,3310281.73,-3310281.73,-3310281.73,5,Y,Y,Y,FSCAPZUVDG,DWS,US Fund High Yield Bond,US Fund High Yield Bond
2025-09-30,LJ8YRDDP0,JDBYX,VANGUARD,VANGUARD Bond Fund INST,INST,Y,FINET,ADVISORY,ADVISORY,FC/QC,SEP,S,N,416714.38,-416714.38,-416714.38,48,Y,Y,Y,FSC4848373,Vanguard,US Fund High Yield Bond,US Fund High Yield Bond
2025-01-31,WJCKJLTEI,SSBKX,FIRST EAGLE,FIRST EAGLE Blend Fund C,C,Y,WBS,BROKERAGE,BROKERAGE,MASTERS,QP,P,N,1784527.79,1784527.79,1784527.79,45,Y,Y,Y,FSC7422675,First Eagle,US Fund Small Blend,US Fund Small Blend
2025-07-31,E2ATN2TWD,IZSNX,FRANKLIN TEMPLETON,FRANKLIN TEMPLETON Bond Fund INST,INST,Y,WBS,ADVISORY,ADVISORY,ASSET ADVISOR,SIM,P,N,3197821.48,3197821.48,3197821.48,27,Y,Y,Y,FSC7967512,Franklin Templeton,US Fund Short-Term Bond,US Fund Short-Term Bond
2025-06-30,0YNCXLL4Z,HIKKX,FIDELITY,FIDELITY Bond Fund A,A,Y,WFAS,ADVISORY,ADVISORY,MASTERS,IRA,P,N,2675726.89,2675726.89,2675726.89,19,Y,N,Y,FSUSAP0XJP,Fidelity,US Fund Multisector Bond,US Fund Multisector Bond
2025-07-31,C8BBI4WIR,CYMGX,NUVEEN,NUVEEN Blend Fund A,A,Y,FINET,BROKERAGE,BROKERAGE,FC/QC,NON-RETIREMENT,S,N,2185813.28,-2185813.28,-2185813.28,28,Y,Y,Y,FSUSAGQ1Y8,Nuveen,US Fund Foreign Large Blend,US Fund Foreign Large Blend
2026-01-31,QT3WVEDN9,OJDPX,BLACKROCK,BLACKROCK Blend Fund A,A,Y,PCG,ADVISORY,ADVISORY,FUNDSOURCE,IRA,S,N,1359689.65,-1359689.65,-1359689.65,19,Y,Y,Y,FSINV1KDAD,BlackRock,US Fund Foreign Large Blend,US Fund Foreign Large Blend
2025-08-31,SLWF90KM3,NSHVX,FIDELITY,FIDELITY Blend Fund A,A,Y,PCG,ADVISORY,ADVISORY,ASSET ADVISOR,SEP,P,Y,97467.29,97467.29,97467.29,46,Y,Y,Y,FSUSA4BHGL,Fidelity,US Fund Small Blend,US Fund Small Blend
2025-08-31,4V30T9NT3,QWPSX,INVESCO,INVESCO Growth Fund C,C,Y,PCG,ADVISORY,ADVISORY,BROKERAGE,SEP,P,N,2101505.01,2101505.01,2101505.01,49,N,Y,Y,FSCAP5YC33,Invesco,US Fund Small Growth,US Fund Small Growth
2025-09-30,4874FRHOC,JZGUX,INVESCO,INVESCO Bond Fund C,C,Y,WFAS,BROKERAGE,BROKERAGE,ASSET ADVISOR,NON-RETIREMENT,P,N,961365.37,961365.37,961365.37,29,Y,N,Y,FSUSAFVJ1Z,Invesco,US Fund Short-Term Bond,US Fund Short-Term Bond
2025-09-30,ZW9XA3KX7,DDCOX,CAPITAL GROUP,CAPITAL GROUP Blend Fund A,A,Y,FCCS,BROKERAGE,BROKERAGE,CUSTOMCHOICE,IRA,S,N,1042631.44,-1042631.44,-1042631.44,36,Y,Y,Y,FSCAPVVD5U,capital group,US Fund Small Blend,US Fund Small Blend
2025-06-30,U6N7HV3IZ,HRUUX,JPMORGAN,JPMORGAN Value Fund S,S,Y,FINET,ADVISORY,ADVISORY,PIM,IRA,S,N,4318356.5,-4318356.5,-4318356.5,18,Y,Y,Y,FSUSAS5BKX,JPMorgan,US Fund Large Value,US Fund Large Value
2025-10-31,JSG65KXVF,TOUNX,FIRST EAGLE,FIRST EAGLE Blend Fund INST,INST,Y,PCG,ADVISORY,ADVISORY,CUSTOMCHOICE,SIM,S,N,2376615.76,-2376615.76,-2376615.76,40,Y,N,Y,FSCAP4FGYV,First Eagle,US Fund Small Blend,US Fund Small Blend
2025-01-31,CATVAZCCB,INHMX,CAPITAL GROUP,CAPITAL GROUP Blend Fund INST,INST,Y,WBS,ADVISORY,ADVISORY,PIM,QP,P,N,770015.22,770015.22,770015.22,49,Y,N,Y,FSC7363842,capital group,US Fund Small Blend,US Fund Small Blend
2025-12-31,4FMYZYCWT,GMHYX,DWS FUNDS,DWS FUNDS Bond Fund A,A,Y,FINET,ADVISORY,ADVISORY,MASTERS,QP,P,N,3622133.59,3622133.59,3622133.59,13,Y,Y,Y,FSCAPZUVDG,DWS,US Fund High Yield Bond,US Fund High Yield Bond
2025-05-31,N1YBWMLUN,GWZPX,INVESCO,INVESCO Blend Fund A,A,Y,WBS,ADVISORY,ADVISORY,PERSONALIZED UMA,SEP,S,N,2993600.38,-2993600.38,-2993600.38,35,Y,Y,Y,FSINVZILDX,Invesco,US Fund Large Blend,US Fund Large Blend
2025-12-31,S0R2SDS8B,UWNLX,AMERICAN FUNDS,AMERICAN FUNDS Bond Fund INST,INST,Y,PCG,BROKERAGE,BROKERAGE,ASSET ADVISOR,QP,P,N,94089.92,94089.92,94089.92,13,Y,Y,Y,FSC0723107,capital group,US Fund High Yield Bond,US Fund High Yield Bond
2025-05-31,QT3WVEDN9,OJDPX,BLACKROCK,BLACKROCK Blend Fund A,A,Y,PCG,ADVISORY,ADVISORY,CUSTOMCHOICE,NON-RETIREMENT,P,Y,3204699.2,3204699.2,3204699.2,13,Y,Y,Y,FSINV1KDAD,BlackRock,US Fund Foreign Large Blend,US Fund Foreign Large Blend
2025-11-30,LFEWVZNVK,NLUCX,DWS FUNDS,DWS FUNDS Blend Fund INV,INV,N,PCG,ADVISORY,ADVISORY,ASSET ADVISOR,IRA,P,N,3120040.43,3120040.43,3120040.43,14,Y,N,N,FSINVF3PFW,DWS,US Fund Large Blend,US Fund Large Blend
2026-01-31,N1YBWMLUN,GWZPX,INVESCO,INVESCO Blend Fund A,A,Y,WFAS,BROKERAGE,BROKERAGE,BROKERAGE,QP,S,N,1804949.79,-1804949.79,-1804949.79,3,Y,N,Y,FSINVZILDX,Invesco,US Fund Large Blend,US Fund Large Blend
2025-09-30,QVNB4GH2M,WSHAX,NUVEEN,NUVEEN Growth Fund S,S,Y,WBS,ADVISORY,ADVISORY,FUNDSOURCE,QP,P,N,3625997.08,3625997.08,3625997.08,12,Y,Y,Y,FSCAPUT3V8,Nuveen,US Fund Small Growth,US Fund Small Growth
2025-06-30,E3TV1ES53,NHEYX,BLACKROCK,BLACKROCK Blend Fund INST,INST,Y,WFAS,ADVISORY,ADVISORY,FC/QC,QP,S,N,3512900.81,-3512900.81,-3512900.81,11,Y,Y,N,FSUSA4B2GI,BlackRock,US Fund Foreign Large Blend,US Fund Foreign Large Blend
2025-09-30,Y6B2KNFTU,UECWX,VANGUARD,VANGUARD Bond Fund INV,INV,Y,WBS,BROKERAGE,BROKERAGE,PIM,QP,S,N,1623608.22,-1623608.22,-1623608.22,35,Y,N,N,FSUSAF3MVF,Vanguard,US Fund Short-Term Bond,US Fund Short-Term Bond
2025-06-30,WX7PTX63C,EHTOX,DWS FUNDS,DWS FUNDS Allocation Fund A,A,Y,FCCS,BROKERAGE,BROKERAGE,BROKERAGE,QP,S,N,2237775.2,-2237775.2,-2237775.2,20,Y,N,Y,FSCAPPGOXS,DWS,US Fund Moderate Allocation,US Fund Moderate Allocation
2025-01-31,Y6B2KNFTU,UECWX,VANGUARD,VANGUARD Bond Fund INV,INV,Y,WBS,BROKERAGE,BROKERAGE,CUSTOMCHOICE,IRA,S,N,4716767.86,-4716767.86,-4716767.86,23,Y,Y,N,FSUSAF3MVF,Vanguard,US Fund Short-Term Bond,US Fund Short-Term Bond
2025-04-30,C8D1WJCIT,EKRMX,FRANKLIN TEMPLETON,FRANKLIN TEMPLETON Estate Fund C,C,Y,PCG,ADVISORY,ADVISORY,ASSET ADVISOR,SEP,P,N,1501862.01,1501862.01,1501862.01,12,Y,N,Y,FSC7392545,Franklin Templeton,US Fund Real Estate,US Fund Real Estate
2025-10-31,ZW9XA3KX7,DDCOX,CAPITAL GROUP,CAPITAL GROUP Blend Fund A,A,Y,WFAS,ADVISORY,ADVISORY,PIM,SEP,S,N,187339.3,-187339.3,-187339.3,28,Y,N,N,FSCAPVVD5U,capital group,US Fund Small Blend,US Fund Small Blend
2025-12-31,V1V93KMKZ,DBBHX,PIMCO,PIMCO Allocation Fund A,A,Y,PCG,BROKERAGE,BROKERAGE,MASTERS,QP,S,Y,3011707.02,-3011707.02,-3011707.02,35,Y,Y,Y,FSC3796172,PIMCO,US Fund Moderate Allocation,US Fund Moderate Allocation
2025-01-31,FB9W1Q5UZ,JKDRX,VANGUARD,VANGUARD Growth Fund A,A,Y,WBS,BROKERAGE,BROKERAGE,ASSET ADVISOR,NON-RETIREMENT,S,N,4986837.83,-4986837.83,-4986837.83,26,Y,Y,Y,FSCAP3Y8BT,Vanguard,US Fund Large Growth,US Fund Large Growth
2025-09-30,IUC039TEX,YENPX,DWS FUNDS,DWS FUNDS Bond Fund A,A,Y,PCG,BROKERAGE,BROKERAGE,CUSTOMCHOICE,SIM,P,N,425852.4,425852.4,425852.4,32,Y,Y,Y,FSUSA4DZT8,DWS,US Fund Multisector Bond,US Fund Multisector Bond
2025-04-30,7BH25LLO3,MAQHX,DWS FUNDS,DWS FUNDS Bond Fund C,C,Y,WBS,BROKERAGE,BROKERAGE,ASSET ADVISOR,SIM,P,N,1331652.32,1331652.32,1331652.32,23,Y,Y,Y,FSC8694117,DWS,US Fund Intermediate Core Bond,US Fund Intermediate Core Bond
2025-03-31,WOCLYT8W5,MOQGX,T ROWE PRICE,T ROWE PRICE Blend Fund INST,INST,Y,PCG,ADVISORY,ADVISORY,BROKERAGE,NON-RETIREMENT,S,N,3081296.86,-3081296.86,-3081296.86,24,Y,N,Y,FSINVVY2S9,T. Rowe Price,US Fund Large Blend,US Fund Large Blend
2025-04-30,IUC039TEX,YENPX,DWS FUNDS,DWS FUNDS Bond Fund A,A,Y,PCG,BROKERAGE,BROKERAGE,ASSET ADVISOR,SEP,S,N,4633685.11,-4633685.11,-4633685.11,2,Y,N,Y,FSUSA4DZT8,DWS,US Fund Multisector Bond,US Fund Multisector Bond
2025-09-30,B5M9J98CW,JURYX,AMERICAN FUNDS,AMERICAN FUNDS Growth Fund A,A,Y,FINET,BROKERAGE,BROKERAGE,BROKERAGE,SIM,S,N,2744225.87,-2744225.87,-2744225.87,43,Y,Y,Y,FSCAPBLFOC,capital group,US Fund Large Growth,US Fund Large Growth
2026-01-31,U6N7HV3IZ,HRUUX,JPMORGAN,JPMORGAN Value Fund S,S,Y,PCG,BROKERAGE,BROKERAGE,MASTERS,SEP,S,N,1356771.62,-1356771.62,-1356771.62,2,Y,N,Y,FSUSAS5BKX,JPMorgan,US Fund Large Value,US Fund Large Value
2025-09-30,S0R2SDS8B,UWNLX,AMERICAN FUNDS,AMERICAN FUNDS Bond Fund INST,INST,Y,WBS,BROKERAGE,BROKERAGE,CUSTOMCHOICE,NON-RETIREMENT,S,N,498468.76,-498468.76,-498468.76,30,Y,N,Y,FSC0723107,capital group,US Fund High Yield Bond,US Fund High Yield Bond
2025-05-31,7BH25LLO3,MAQHX,DWS FUNDS,DWS FUNDS Bond Fund C,C,N,PCG,ADVISORY,ADVISORY,MASTERS,NON-RETIREMENT,P,N,1967302.39,1967302.39,1967302.39,33,Y,Y,Y,FSC8694117,DWS,US Fund Intermediate Core Bond,US Fund Intermediate Core Bond
2026-03-31,LFEWVZNVK,NLUCX,DWS FUNDS,DWS FUNDS Blend Fund INV,INV,Y,PCG,BROKERAGE,BROKERAGE,PIM,SIM,S,N,4951812.75,-4951812.75,-4951812.75,6,Y,Y,Y,FSINVF3PFW,DWS,US Fund Large Blend,US Fund Large Blend
2025-07-31,V1V93KMKZ,DBBHX,PIMCO,PIMCO Allocation Fund A,A,Y,PCG,BROKERAGE,BROKERAGE,CUSTOMCHOICE,NON-RETIREMENT,P,N,764169.4,764169.4,764169.4,38,Y,N,N,FSC3796172,PIMCO,US Fund Moderate Allocation,US Fund Moderate Allocation
2025-12-31,WOCLYT8W5,MOQGX,T ROWE PRICE,T ROWE PRICE Blend Fund INST,INST,N,FCCS,BROKERAGE,BROKERAGE,CUSTOMCHOICE,QP,S,Y,2619265.51,-2619265.51,-2619265.51,21,Y,Y,Y,FSINVVY2S9,T. Rowe Price,US Fund Large Blend,US Fund Large Blend
2025-06-30,6VXDP5GJL,LIWHX,FIDELITY,FIDELITY Bond Fund INST,INST,Y,FCCS,ADVISORY,ADVISORY,FC/QC,SEP,S,Y,728041.39,-728041.39,-728041.39,41,Y,Y,Y,FSINVQUXZJ,Fidelity,US Fund Intermediate Core Bond,US Fund Intermediate Core Bond
2025-03-31,4DPJA1WJ0,OLABX,PIMCO,PIMCO Bond Fund S,S,Y,WBS,ADVISORY,ADVISORY,FUNDSOURCE,QP,P,N,3812356.19,3812356.19,3812356.19,44,Y,Y,Y,FSCAP7M9HW,PIMCO,US Fund Short-Term Bond,US Fund Short-Term Bond
2025-09-30,0YNCXLL4Z,HIKKX,FIDELITY,FIDELITY Bond Fund A,A,Y,PCG,ADVISORY,ADVISORY,PERSONALIZED UMA,NON-RETIREMENT,S,N,2344083.11,-2344083.11,-2344083.11,15,Y,N,Y,FSUSAP0XJP,Fidelity,US Fund Multisector Bond,US Fund Multisector Bond
2025-07-31,DMLY4LYK8,VOLIX,BLACKROCK,BLACKROCK Value Fund C,C,Y,PCG,ADVISORY,ADVISORY,PERSONALIZED UMA,QP,P,N,3356859.77,3356859.77,3356859.77,21,Y,N,Y,FSINVW6LMH,BlackRock,US Fund Large Value,US Fund Large Value
2025-10-31,JSG65KXVF,TOUNX,FIRST EAGLE,FIRST EAGLE Blend Fund INST,INST,Y,FINET,BROKERAGE,BROKERAGE,BROKERAGE,QP,S,N,1902180.66,-1902180.66,-1902180.66,30,Y,Y,N,FSCAP4FGYV,First Eagle,US Fund Small Blend,US Fund Small Blend
2025-09-30,OQW9JA2M0,QUTIX,VANGUARD,VANGUARD Growth Fund C,C,Y,FINET,ADVISORY,ADVISORY,BROKERAGE,NON-RETIREMENT,P,N,3675982.82,3675982.82,3675982.82,26,Y,N,Y,FSCAP2IIZJ,Vanguard,US Fund Large Growth,US Fund Large Growth
2025-07-31,WJCKJLTEI,SSBKX,FIRST EAGLE,FIRST EAGLE Blend Fund C,C,Y,WBS,BROKERAGE,BROKERAGE,PERSONALIZED UMA,IRA,P,N,4595204.58,4595204.58,4595204.58,8,Y,Y,N,FSC7422675,First Eagle,US Fund Small Blend,US Fund Small Blend
2025-03-31,B5M9J98CW,JURYX,AMERICAN FUNDS,AMERICAN FUNDS Growth Fund A,A,Y,WFAS,ADVISORY,ADVISORY,FUNDSOURCE,SIM,P,Y,1617642.93,1617642.93,1617642.93,21,Y,N,Y,FSCAPBLFOC,capital group,US Fund Large Growth,US Fund Large Growth
2025-02-28,3J2D54I3Q,HUFAX,NUVEEN,NUVEEN Value Fund INV,INV,Y,PCG,ADVISORY,ADVISORY,CUSTOMCHOICE,SIM,P,N,2247267.39,2247267.39,2247267.39,3,Y,N,Y,FSC8073988,Nuveen,US Fund Large Value,US Fund Large Value
2025-03-31,FB9W1Q5UZ,JKDRX,VANGUARD,VANGUARD Growth Fund A,A,Y,PCG,ADVISORY,ADVISORY,PERSONALIZED UMA,SEP,S,N,894744.39,-894744.39,-894744.39,8,Y,N,Y,FSCAP3Y8BT,Vanguard,US Fund Large Growth,US Fund Large Growth
2025-01-31,WX7PTX63C,EHTOX,DWS FUNDS,DWS FUNDS Allocation Fund A,A,Y,WFAS,ADVISORY,ADVISORY,FUNDSOURCE,NON-RETIREMENT,P,N,4277127.58,4277127.58,4277127.58,31,Y,Y,Y,FSCAPPGOXS,DWS,US Fund Moderate Allocation,US Fund Moderate Allocation
2025-04-30,VBDIVUZZP,LHWTX,VANGUARD,VANGUARD Growth Fund A,A,Y,PCG,BROKERAGE,BROKERAGE,CUSTOMCHOICE,NON-RETIREMENT,S,N,1390925.63,-1390925.63,-1390925.63,23,Y,N,Y,FSCAP853QJ,Vanguard,US Fund Large Growth,US Fund Large Growth
2025-05-31,8HMBR5XQT,WLWSX,BLACKROCK,BLACKROCK Value Fund C,C,Y,PCG,BROKERAGE,BROKERAGE,MASTERS,QP,P,Y,438969.57,438969.57,438969.57,45,Y,N,Y,FSINVHB0YI,BlackRock,US Fund Large Value,US Fund Large Value
2025-12-31,6Q3XLRFCD,XISNX,VANGUARD,VANGUARD Allocation Fund INV,INV,Y,PCG,ADVISORY,ADVISORY,FC/QC,IRA,P,Y,4657433.36,4657433.36,4657433.36,36,Y,Y,Y,FSUSAMIGJS,Vanguard,US Fund Tactical Allocation,US Fund Tactical Allocation
2025-06-30,BSWRPBJEK,WMAQX,JPMORGAN,JPMORGAN Growth Fund INV,INV,Y,PCG,BROKERAGE,BROKERAGE,ASSET ADVISOR,SIM,P,N,2623468.72,2623468.72,2623468.72,39,Y,N,Y,FSINVVT0VG,JPMorgan,US Fund Large Growth,US Fund Large Growth
2026-02-28,8HMBR5XQT,WLWSX,BLACKROCK,BLACKROCK Value Fund C,C,Y,PCG,ADVISORY,ADVISORY,PERSONALIZED UMA,QP,P,N,2627193.43,2627193.43,2627193.43,32,Y,Y,Y,FSINVHB0YI,BlackRock,US Fund Large Value,US Fund Large Value
2025-04-30,3KKV9RFTM,OOLIX,FRANKLIN TEMPLETON,FRANKLIN TEMPLETON Growth Fund INST,INST,Y,WFAS,ADVISORY,ADVISORY,FC/QC,SIM,P,N,120421.99,120421.99,120421.99,23,Y,Y,Y,FSUSA9SEXI,Franklin Templeton,US Fund Small Growth,US Fund Small Growth
2025-12-31,U6N7HV3IZ,HRUUX,JPMORGAN,JPMORGAN Value Fund S,S,Y,PCG,ADVISORY,ADVISORY,BROKERAGE,IRA,P,N,3951082.42,3951082.42,3951082.42,22,Y,Y,N,FSUSAS5BKX,JPMorgan,US Fund Large Value,US Fund Large Value
2025-04-30,R7KO64T02,XMHMX,FRANKLIN TEMPLETON,FRANKLIN TEMPLETON Blend Fund C,C,Y,WFAS,BROKERAGE,BROKERAGE,CUSTOMCHOICE,SIM,P,N,1690015.31,1690015.31,1690015.31,30,Y,Y,Y,FSC8379085,Franklin Templeton,US Fund Mid-Cap Blend,US Fund Mid-Cap Blend
2026-03-31,17MGFXC08,CNJLX,NUVEEN,NUVEEN Blend Fund INV,INV,Y,PCG,BROKERAGE,BROKERAGE,BROKERAGE,NON-RETIREMENT,S,N,4175611.13,-4175611.13,-4175611.13,22,Y,N,Y,FSUSALNO19,Nuveen,US Fund Small Blend,US Fund Small Blend
2025-05-31,FB9W1Q5UZ,JKDRX,VANGUARD,VANGUARD Growth Fund A,A,Y,PCG,ADVISORY,ADVISORY,FC/QC,NON-RETIREMENT,S,N,1696092.51,-1696092.51,-1696092.51,49,Y,N,Y,FSCAP3Y8BT,Vanguard,US Fund Large Growth,US Fund Large Growth
2025-07-31,DMLY4LYK8,VOLIX,BLACKROCK,BLACKROCK Value Fund C,C,Y,PCG,BROKERAGE,BROKERAGE,MASTERS,NON-RETIREMENT,P,N,4385305.14,4385305.14,4385305.14,3,Y,N,Y,FSINVW6LMH,BlackRock,US Fund Large Value,US Fund Large Value
2026-01-31,JH75LXO6Q,GGOGX,MFS,MFS Blend Fund A,A,Y,FINET,BROKERAGE,BROKERAGE,MASTERS,SEP,P,N,2500521.51,2500521.51,2500521.51,7,Y,N,Y,FSCAPUR81B,MFS,US Fund Small Blend,US Fund Small Blend
2025-04-30,T7E8G8JDP,SIPNX,CAPITAL GROUP,CAPITAL GROUP Blend Fund A,A,Y,PCG,ADVISORY,ADVISORY,BROKERAGE,QP,S,N,2297112.37,-2297112.37,-2297112.37,22,Y,Y,Y,FSUSAYANEZ,capital group,US Fund Foreign Large Blend,US Fund Foreign Large Blend
2025-01-31,WOCLYT8W5,MOQGX,T ROWE PRICE,T ROWE PRICE Blend Fund INST,INST,Y,PCG,ADVISORY,ADVISORY,MASTERS,QP,P,N,1561058.42,1561058.42,1561058.42,29,Y,Y,Y,FSINVVY2S9,T. Rowe Price,US Fund Large Blend,US Fund Large Blend
2025-01-31,6246HID25,KQEYX,FIRST EAGLE,FIRST EAGLE Growth Fund INST,INST,N,WBS,ADVISORY,ADVISORY,MASTERS,NON-RETIREMENT,S,Y,2798349.0,-2798349.0,-2798349.0,19,Y,Y,Y,FSUSAUK54B,First Eagle,US Fund Small Growth,US Fund Small Growth
2025-09-30,DK0GET8T6,VGVMX,BLACKROCK,BLACKROCK Bond Fund INST,INST,Y,PCG,BROKERAGE,BROKERAGE,BROKERAGE,IRA,P,N,650804.97,650804.97,650804.97,12,Y,N,Y,FSC6963457,BlackRock,US Fund High Yield Bond,US Fund High Yield Bond
2025-10-31,8LPQW2VMC,MAJHX,T ROWE PRICE,T ROWE PRICE Estate Fund S,S,Y,WFAS,BROKERAGE,BROKERAGE,ASSET ADVISOR,SIM,P,N,1661994.31,1661994.31,1661994.31,6,Y,N,Y,FSINVOVNZB,T. Rowe Price,US Fund Real Estate,US Fund Real Estate
2025-05-31,6Q3XLRFCD,XISNX,VANGUARD,VANGUARD Allocation Fund INV,INV,Y,PCG,ADVISORY,ADVISORY,MASTERS,SEP,S,N,3551224.4,-3551224.4,-3551224.4,45,Y,Y,N,FSUSAMIGJS,Vanguard,US Fund Tactical Allocation,US Fund Tactical Allocation
2025-08-31,TC89K8YQK,ZWCJX,LORD ABBETT,LORD ABBETT Bond Fund A,A,Y,WFAS,ADVISORY,ADVISORY,MASTERS,SEP,P,Y,327293.31,327293.31,327293.31,9,Y,Y,Y,FSC2646842,Lord Abbett,US Fund High Yield Bond,US Fund High Yield Bond
2025-06-30,4DPJA1WJ0,OLABX,PIMCO,PIMCO Bond Fund S,S,Y,WBS,ADVISORY,ADVISORY,FUNDSOURCE,QP,P,N,355084.49,355084.49,355084.49,11,N,Y,Y,FSCAP7M9HW,PIMCO,US Fund Short-Term Bond,US Fund Short-Term Bond
2025-07-31,WK8R2YKCC,LMFPX,DWS FUNDS,DWS FUNDS Bond Fund INST,INST,Y,PCG,ADVISORY,ADVISORY,ASSET ADVISOR,QP,S,N,2177050.86,-2177050.86,-2177050.86,8,Y,Y,Y,FSCAPNRENH,DWS,US Fund High Yield Bond,US Fund High Yield Bond
2025-03-31,1M8XFDJGF,TBYQX,PIMCO,PIMCO Growth Fund A,A,Y,WBS,BROKERAGE,BROKERAGE,FC/QC,SEP,P,N,2029265.59,2029265.59,2029265.59,43,Y,Y,Y,FSCAPS2MJ6,PIMCO,US Fund Small Growth,US Fund Small Growth
2026-03-31,KTSG7FXZV,VOVAX,CAPITAL GROUP,CAPITAL GROUP Bond Fund INST,INST,Y,WBS,BROKERAGE,BROKERAGE,MASTERS,SIM,S,N,4049291.92,-4049291.92,-4049291.92,29,Y,Y,Y,FSCAPU9MJ4,capital group,US Fund Intermediate Core Bond,US Fund Intermediate Core Bond
2026-01-31,E2ATN2TWD,IZSNX,FRANKLIN TEMPLETON,FRANKLIN TEMPLETON Bond Fund INST,INST,Y,FCCS,ADVISORY,ADVISORY,PIM,IRA,S,N,1523098.39,-1523098.39,-1523098.39,40,N,Y,Y,FSC7967512,Franklin Templeton,US Fund Short-Term Bond,US Fund Short-Term Bond
2025-01-31,3KKV9RFTM,OOLIX,FRANKLIN TEMPLETON,FRANKLIN TEMPLETON Growth Fund INST,INST,Y,WFAS,BROKERAGE,BROKERAGE,PIM,IRA,P,Y,2744651.24,2744651.24,2744651.24,2,Y,N,Y,FSUSA9SEXI,Franklin Templeton,US Fund Small Growth,US Fund Small Growth
2025-12-31,Y6B2KNFTU,UECWX,VANGUARD,VANGUARD Bond Fund INV,INV,Y,WBS,BROKERAGE,BROKERAGE,FUNDSOURCE,QP,P,N,1908134.44,1908134.44,1908134.44,24,Y,Y,N,FSUSAF3MVF,Vanguard,US Fund Short-Term Bond,US Fund Short-Term Bond
2025-03-31,T7E8G8JDP,SIPNX,CAPITAL GROUP,CAPITAL GROUP Blend Fund A,A,Y,FINET,BROKERAGE,BROKERAGE,CUSTOMCHOICE,IRA,P,Y,3242122.02,3242122.02,3242122.02,27,Y,N,Y,FSUSAYANEZ,capital group,US Fund Foreign Large Blend,US Fund Foreign Large Blend
2025-10-31,1KERPETIU,RJKTX,VANGUARD,VANGUARD Bond Fund A,A,Y,PCG,ADVISORY,ADVISORY,CUSTOMCHOICE,SIM,P,N,2547319.86,2547319.86,2547319.86,37,Y,N,Y,FSINVZ17YR,Vanguard,US Fund Short-Term Bond,US Fund Short-Term Bond
2025-07-31,DMLY4LYK8,VOLIX,BLACKROCK,BLACKROCK Value Fund C,C,Y,WBS,ADVISORY,ADVISORY,PIM,IRA,S,Y,2881973.59,-2881973.59,-2881973.59,45,Y,N,Y,FSINVW6LMH,BlackRock,US Fund Large Value,US Fund Large Value
2025-08-31,BSWRPBJEK,WMAQX,JPMORGAN,JPMORGAN Growth Fund INV,INV,Y,FINET,ADVISORY,ADVISORY,ASSET ADVISOR,QP,P,N,2617022.29,2617022.29,2617022.29,20,Y,N,Y,FSINVVT0VG,JPMorgan,US Fund Large Growth,US Fund Large Growth
2025-08-31,4V30T9NT3,QWPSX,INVESCO,INVESCO Growth Fund C,C,Y,PCG,ADVISORY,ADVISORY,MASTERS,SEP,P,N,4530322.38,4530322.38,4530322.38,45,Y,N,Y,FSCAP5YC33,Invesco,US Fund Small Growth,US Fund Small Growth
2025-05-31,E2ATN2TWD,IZSNX,FRANKLIN TEMPLETON,FRANKLIN TEMPLETON Bond Fund INST,INST,Y,FCCS,ADVISORY,ADVISORY,BROKERAGE,SEP,P,N,2366066.08,2366066.08,2366066.08,9,Y,N,Y,FSC7967512,Franklin Templeton,US Fund Short-Term Bond,US Fund Short-Term Bond
2025-10-31,T7E8G8JDP,SIPNX,CAPITAL GROUP,CAPITAL GROUP Blend Fund A,A,Y,PCG,ADVISORY,ADVISORY,CUSTOMCHOICE,SIM,P,Y,4289362.99,4289362.99,4289362.99,12,Y,N,Y,FSUSAYANEZ,capital group,US Fund Foreign Large Blend,US Fund Foreign Large Blend
2026-02-28,7BH25LLO3,MAQHX,DWS FUNDS,DWS FUNDS Bond Fund C,C,Y,WFAS,ADVISORY,ADVISORY,PERSONALIZED UMA,SIM,P,N,4920366.25,4920366.25,4920366.25,16,Y,N,Y,FSC8694117,DWS,US Fund Intermediate Core Bond,US Fund Intermediate Core Bond
2025-12-31,E3TV1ES53,NHEYX,BLACKROCK,BLACKROCK Blend Fund INST,INST,Y,PCG,BROKERAGE,BROKERAGE,PERSONALIZED UMA,SIM,S,N,272101.77,-272101.77,-272101.77,31,Y,N,Y,FSUSA4B2GI,BlackRock,US Fund Foreign Large Blend,US Fund Foreign Large Blend
2025-11-30,S0R2SDS8B,UWNLX,AMERICAN FUNDS,AMERICAN FUNDS Bond Fund INST,INST,Y,PCG,BROKERAGE,BROKERAGE,PERSONALIZED UMA,SIM,S,Y,2373210.61,-2373210.61,-2373210.61,34,Y,Y,N,FSC0723107,capital group,US Fund High Yield Bond,US Fund High Yield Bond
2026-02-28,QZXEBB9EI,NKJYX,VANGUARD,VANGUARD Bond Fund A,A,Y,PCG,ADVISORY,ADVISORY,ASSET ADVISOR,SEP,P,N,4590251.06,4590251.06,4590251.06,26,Y,Y,Y,FSC4693666,Vanguard,US Fund Intermediate Core Bond,US Fund Intermediate Core Bond
2026-01-31,WK8R2YKCC,LMFPX,DWS FUNDS,DWS FUNDS Bond Fund INST,INST,Y,WBS,ADVISORY,ADVISORY,BROKERAGE,IRA,P,N,1687364.31,1687364.31,1687364.31,7,Y,Y,Y,FSCAPNRENH,DWS,US Fund High Yield Bond,US Fund High Yield Bond
2025-05-31,QE3RZSJ49,GOJXX,BLACKROCK,BLACKROCK Allocation Fund INST,INST,Y,FINET,BROKERAGE,BROKERAGE,FUNDSOURCE,QP,P,Y,118990.51,118990.51,118990.51,46,N,Y,Y,FSCAPJJ3ZW,BlackRock,US Fund Moderate Allocation,US Fund Moderate Allocation
2025-11-30,S0R2SDS8B,UWNLX,AMERICAN FUNDS,AMERICAN FUNDS Bond Fund INST,INST,Y,PCG,ADVISORY,ADVISORY,CUSTOMCHOICE,SEP,S,N,3239705.24,-3239705.24,-3239705.24,43,Y,Y,N,FSC0723107,capital group,US Fund High Yield Bond,US Fund High Yield Bond
2026-01-31,BSWRPBJEK,WMAQX,JPMORGAN,JPMORGAN Growth Fund INV,INV,Y,PCG,ADVISORY,ADVISORY,ASSET ADVISOR,SEP,P,N,4517005.77,4517005.77,4517005.77,25,Y,N,Y,FSINVVT0VG,JPMorgan,US Fund Large Growth,US Fund Large Growth
2025-03-31,BPLJD84U8,ZRHBX,PIMCO,PIMCO Blend Fund A,A,Y,PCG,BROKERAGE,BROKERAGE,PERSONALIZED UMA,IRA,P,N,2458863.07,2458863.07,2458863.07,50,Y,Y,Y,FSCAPPXIH2,PIMCO,US Fund Mid-Cap Blend,US Fund Mid-Cap Blend
2025-12-31,1M8XFDJGF,TBYQX,PIMCO,PIMCO Growth Fund A,A,Y,WFAS,BROKERAGE,BROKERAGE,BROKERAGE,SIM,P,Y,174787.04,174787.04,174787.04,41,Y,Y,Y,FSCAPS2MJ6,PIMCO,US Fund Small Growth,US Fund Small Growth
2025-12-31,FB9W1Q5UZ,JKDRX,VANGUARD,VANGUARD Growth Fund A,A,Y,WFAS,BROKERAGE,BROKERAGE,PERSONALIZED UMA,SIM,P,Y,1956956.16,1956956.16,1956956.16,47,Y,N,Y,FSCAP3Y8BT,Vanguard,US Fund Large Growth,US Fund Large Growth
2025-07-31,VBDIVUZZP,LHWTX,VANGUARD,VANGUARD Growth Fund A,A,Y,FCCS,ADVISORY,ADVISORY,PIM,SEP,S,N,4089974.31,-4089974.31,-4089974.31,26,Y,N,Y,FSCAP853QJ,Vanguard,US Fund Large Growth,US Fund Large Growth
2025-09-30,HQIN9N6XC,HZYVX,MFS,MFS Blend Fund C,C,Y,PCG,BROKERAGE,BROKERAGE,FUNDSOURCE,NON-RETIREMENT,S,N,1700643.92,-1700643.92,-1700643.92,25,Y,Y,Y,FSC8686926,MFS,US Fund Small Blend,US Fund Small Blend
2025-11-30,4DPJA1WJ0,OLABX,PIMCO,PIMCO Bond Fund S,S,Y,PCG,ADVISORY,ADVISORY,BROKERAGE,NON-RETIREMENT,S,N,2432774.46,-2432774.46,-2432774.46,38,Y,Y,Y,FSCAP7M9HW,PIMCO,US Fund Short-Term Bond,US Fund Short-Term Bond
2025-08-31,WOCLYT8W5,MOQGX,T ROWE PRICE,T ROWE PRICE Blend Fund INST,INST,Y,PCG,BROKERAGE,BROKERAGE,BROKERAGE,SEP,P,N,4171334.34,4171334.34,4171334.34,3,Y,Y,Y,FSINVVY2S9,T. Rowe Price,US Fund Large Blend,US Fund Large Blend
2025-08-31,OQW9JA2M0,QUTIX,VANGUARD,VANGUARD Growth Fund C,C,Y,PCG,BROKERAGE,BROKERAGE,ASSET ADVISOR,IRA,S,N,4351065.05,-4351065.05,-4351065.05,32,Y,Y,N,FSCAP2IIZJ,Vanguard,US Fund Large Growth,US Fund Large Growth
2025-04-30,JSG65KXVF,TOUNX,FIRST EAGLE,FIRST EAGLE Blend Fund INST,INST,Y,PCG,ADVISORY,ADVISORY,ASSET ADVISOR,SIM,S,N,653123.4,-653123.4,-653123.4,38,Y,N,Y,FSCAP4FGYV,First Eagle,US Fund Small Blend,US Fund Small Blend
2026-01-31,QJIDKNWI5,EIPIX,JPMORGAN,JPMORGAN Allocation Fund INST,INST,Y,WFAS,ADVISORY,ADVISORY,FC/QC,SEP,S,N,316019.0,-316019.0,-316019.0,44,Y,Y,N,FSCAPZ4DKB,JPMorgan,US Fund Tactical Allocation,US Fund Tactical Allocation
2026-01-31,QVNB4GH2M,WSHAX,NUVEEN,NUVEEN Growth Fund S,S,Y,WFAS,ADVISORY,ADVISORY,CUSTOMCHOICE,SEP,P,Y,867651.52,867651.52,867651.52,29,Y,Y,Y,FSCAPUT3V8,Nuveen,US Fund Small Growth,US Fund Small Growth
2025-07-31,QT3WVEDN9,OJDPX,BLACKROCK,BLACKROCK Blend Fund A,A,Y,PCG,ADVISORY,ADVISORY,ASSET ADVISOR,QP,S,N,78643.82,-78643.82,-78643.82,27,Y,N,Y,FSINV1KDAD,BlackRock,US Fund Foreign Large Blend,US Fund Foreign Large Blend
2025-04-30,T7E8G8JDP,SIPNX,CAPITAL GROUP,CAPITAL GROUP Blend Fund A,A,Y,PCG,ADVISORY,ADVISORY,BROKERAGE,QP,P,N,1355113.26,1355113.26,1355113.26,32,Y,Y,N,FSUSAYANEZ,capital group,US Fund Foreign Large Blend,US Fund Foreign Large Blend
2025-06-30,3NX39RBSV,WWLNX,CAPITAL GROUP,CAPITAL GROUP Growth Fund A,A,Y,FCCS,BROKERAGE,BROKERAGE,PIM,QP,P,N,2788773.16,2788773.16,2788773.16,30,Y,Y,Y,FSINV8R1QP,capital group,US Fund Small Growth,US Fund Small Growth
2025-02-28,C8BBI4WIR,CYMGX,NUVEEN,NUVEEN Blend Fund A,A,Y,PCG,ADVISORY,ADVISORY,BROKERAGE,IRA,S,N,3426376.15,-3426376.15,-3426376.15,19,Y,Y,Y,FSUSAGQ1Y8,Nuveen,US Fund Foreign Large Blend,US Fund Foreign Large Blend
2025-01-31,6Q3XLRFCD,XISNX,VANGUARD,VANGUARD Allocation Fund INV,INV,Y,PCG,ADVISORY,ADVISORY,ASSET ADVISOR,IRA,P,N,262756.67,262756.67,262756.67,47,Y,Y,Y,FSUSAMIGJS,Vanguard,US Fund Tactical Allocation,US Fund Tactical Allocation
2025-04-30,TC89K8YQK,ZWCJX,LORD ABBETT,LORD ABBETT Bond Fund A,A,Y,WFAS,BROKERAGE,BROKERAGE,FC/QC,NON-RETIREMENT,S,Y,1630998.06,-1630998.06,-1630998.06,38,Y,N,Y,FSC2646842,Lord Abbett,US Fund High Yield Bond,US Fund High Yield Bond
2025-08-31,QT3WVEDN9,OJDPX,BLACKROCK,BLACKROCK Blend Fund A,A,Y,PCG,ADVISORY,ADVISORY,MASTERS,NON-RETIREMENT,P,N,1867738.67,1867738.67,1867738.67,3,Y,Y,Y,FSINV1KDAD,BlackRock,US Fund Foreign Large Blend,US Fund Foreign Large Blend
2025-08-31,N1YBWMLUN,GWZPX,INVESCO,INVESCO Blend Fund A,A,N,PCG,ADVISORY,ADVISORY,CUSTOMCHOICE,QP,P,N,3801817.75,3801817.75,3801817.75,15,Y,N,Y,FSINVZILDX,Invesco,US Fund Large Blend,US Fund Large Blend
2025-10-31,QVNB4GH2M,WSHAX,NUVEEN,NUVEEN Growth Fund S,S,Y,WFAS,ADVISORY,ADVISORY,FUNDSOURCE,SEP,P,Y,2314083.2,2314083.2,2314083.2,15,Y,Y,Y,FSCAPUT3V8,Nuveen,US Fund Small Growth,US Fund Small Growth
2026-03-31,E3TV1ES53,NHEYX,BLACKROCK,BLACKROCK Blend Fund INST,INST,Y,WFAS,ADVISORY,ADVISORY,BROKERAGE,SIM,P,Y,4900930.11,4900930.11,4900930.11,31,Y,Y,Y,FSUSA4B2GI,BlackRock,US Fund Foreign Large Blend,US Fund Foreign Large Blend
2025-04-30,EDFQS3D63,XYKKX,INVESCO,INVESCO Allocation Fund A,A,Y,PCG,ADVISORY,ADVISORY,PIM,SEP,P,N,3765516.92,3765516.92,3765516.92,6,Y,Y,Y,FSC8043975,Invesco,US Fund Tactical Allocation,US Fund Tactical Allocation
2026-02-28,6Q3XLRFCD,XISNX,VANGUARD,VANGUARD Allocation Fund INV,INV,Y,PCG,ADVISORY,ADVISORY,FC/QC,NON-RETIREMENT,P,N,2918508.73,2918508.73,2918508.73,24,Y,N,Y,FSUSAMIGJS,Vanguard,US Fund Tactical Allocation,US Fund Tactical Allocation
2025-07-31,4874FRHOC,JZGUX,INVESCO,INVESCO Bond Fund C,C,Y,PCG,ADVISORY,ADVISORY,FUNDSOURCE,IRA,S,Y,1664864.24,-1664864.24,-1664864.24,22,Y,Y,N,FSUSAFVJ1Z,Invesco,US Fund Short-Term Bond,US Fund Short-Term Bond
2026-03-31,HQIN9N6XC,HZYVX,MFS,MFS Blend Fund C,C,Y,PCG,ADVISORY,ADVISORY,ASSET ADVISOR,QP,P,N,1915083.5,1915083.5,1915083.5,14,Y,Y,Y,FSC8686926,MFS,US Fund Small Blend,US Fund Small Blend
2025-12-31,ST0SX5WVF,ESQXX,CAPITAL GROUP,CAPITAL GROUP Bond Fund INST,INST,Y,FINET,ADVISORY,ADVISORY,FUNDSOURCE,SEP,S,N,2900806.87,-2900806.87,-2900806.87,18,Y,Y,Y,FSINV6Z5AS,capital group,US Fund Intermediate Core Bond,US Fund Intermediate Core Bond
2025-06-30,3TV3I12VJ,ZZOUX,AMERICAN FUNDS,AMERICAN FUNDS Bond Fund A,A,Y,WBS,ADVISORY,ADVISORY,MASTERS,SIM,P,N,2507499.75,2507499.75,2507499.75,44,Y,N,N,FSUSA1CZS7,capital group,US Fund High Yield Bond,US Fund High Yield Bond
2025-04-30,MO5BXXC02,CENDX,FRANKLIN TEMPLETON,FRANKLIN TEMPLETON Value Fund INST,INST,Y,PCG,BROKERAGE,BROKERAGE,ASSET ADVISOR,IRA,S,Y,2289641.66,-2289641.66,-2289641.66,8,Y,Y,N,FSINV8HE3N,Franklin Templeton,US Fund Large Value,US Fund Large Value
2025-11-30,OQW9JA2M0,QUTIX,VANGUARD,VANGUARD Growth Fund C,C,Y,WBS,BROKERAGE,BROKERAGE,FC/QC,SIM,P,N,2082975.03,2082975.03,2082975.03,2,Y,Y,N,FSCAP2IIZJ,Vanguard,US Fund Large Growth,US Fund Large Growth
2026-02-28,V1V93KMKZ,DBBHX,PIMCO,PIMCO Allocation Fund A,A,Y,FINET,ADVISORY,ADVISORY,PIM,SIM,S,N,3223537.82,-3223537.82,-3223537.82,45,Y,Y,Y,FSC3796172,PIMCO,US Fund Moderate Allocation,US Fund Moderate Allocation
2025-03-31,E2ATN2TWD,IZSNX,FRANKLIN TEMPLETON,FRANKLIN TEMPLETON Bond Fund INST,INST,Y,PCG,ADVISORY,ADVISORY,MASTERS,IRA,S,N,1532821.78,-1532821.78,-1532821.78,19,Y,Y,N,FSC7967512,Franklin Templeton,US Fund Short-Term Bond,US Fund Short-Term Bond
2025-05-31,8MGYN2JCP,LZEHX,NUVEEN,NUVEEN Estate Fund A,A,Y,WFAS,BROKERAGE,BROKERAGE,CUSTOMCHOICE,NON-RETIREMENT,P,N,877209.04,877209.04,877209.04,21,Y,Y,Y,FSCAP9SFEF,Nuveen,US Fund Real Estate,US Fund Real Estate
2025-09-30,RPN6QFGSX,QXUMX,LORD ABBETT,LORD ABBETT Estate Fund A,A,Y,WBS,ADVISORY,ADVISORY,CUSTOMCHOICE,QP,S,N,3327933.63,-3327933.63,-3327933.63,2,Y,Y,Y,FSINVN2N0F,Lord Abbett,US Fund Real Estate,US Fund Real Estate
2026-03-31,6Q3XLRFCD,XISNX,VANGUARD,VANGUARD Allocation Fund INV,INV,Y,PCG,BROKERAGE,BROKERAGE,MASTERS,SIM,P,N,21969.38,21969.38,21969.38,49,N,Y,Y,FSUSAMIGJS,Vanguard,US Fund Tactical Allocation,US Fund Tactical Allocation
2025-12-31,E2ATN2TWD,IZSNX,FRANKLIN TEMPLETON,FRANKLIN TEMPLETON Bond Fund INST,INST,Y,FCCS,BROKERAGE,BROKERAGE,CUSTOMCHOICE,QP,S,N,2210806.62,-2210806.62,-2210806.62,2,Y,N,Y,FSC7967512,Franklin Templeton,US Fund Short-Term Bond,US Fund Short-Term Bond
2025-06-30,HZIOYKL1C,LZZBX,FIRST EAGLE,FIRST EAGLE Bond Fund A,A,Y,FCCS,ADVISORY,ADVISORY,MASTERS,NON-RETIREMENT,P,N,3206742.61,3206742.61,3206742.61,35,Y,Y,N,FSUSAMFLIX,First Eagle,US Fund Multisector Bond,US Fund Multisector Bond
2025-07-31,WC4RTWUZK,AJOEX,MFS,MFS Bond Fund C,C,Y,FCCS,BROKERAGE,BROKERAGE,PIM,SIM,P,N,1589130.18,1589130.18,1589130.18,28,Y,Y,Y,FSUSAR848N,MFS,US Fund Multisector Bond,US Fund Multisector Bond
2025-05-31,YYO4UDOJE,JTGJX,BLACKROCK,BLACKROCK Bond Fund INST,INST,Y,WBS,BROKERAGE,BROKERAGE,FC/QC,SIM,S,Y,4371571.53,-4371571.53,-4371571.53,47,N,Y,N,FSCAPSG2R8,BlackRock,US Fund Short-Term Bond,US Fund Short-Term Bond
2026-02-28,0YNCXLL4Z,HIKKX,FIDELITY,FIDELITY Bond Fund A,A,N,WFAS,ADVISORY,ADVISORY,PIM,IRA,P,N,430846.83,430846.83,430846.83,38,Y,Y,Y,FSUSAP0XJP,Fidelity,US Fund Multisector Bond,US Fund Multisector Bond
2025-07-31,DMLY4LYK8,VOLIX,BLACKROCK,BLACKROCK Value Fund C,C,Y,PCG,BROKERAGE,BROKERAGE,FC/QC,SEP,P,N,2310868.76,2310868.76,2310868.76,3,Y,Y,Y,FSINVW6LMH,BlackRock,US Fund Large Value,US Fund Large Value
2025-09-30,EDFQS3D63,XYKKX,INVESCO,INVESCO Allocation Fund A,A,Y,PCG,ADVISORY,ADVISORY,PERSONALIZED UMA,IRA,S,N,1122988.85,-1122988.85,-1122988.85,19,Y,Y,Y,FSC8043975,Invesco,US Fund Tactical Allocation,US Fund Tactical Allocation
2025-01-31,C8D1WJCIT,EKRMX,FRANKLIN TEMPLETON,FRANKLIN TEMPLETON Estate Fund C,C,Y,FINET,ADVISORY,ADVISORY,PERSONALIZED UMA,QP,P,N,1386446.56,1386446.56,1386446.56,17,Y,Y,Y,FSC7392545,Franklin Templeton,US Fund Real Estate,US Fund Real Estate
2025-06-30,3J2D54I3Q,HUFAX,NUVEEN,NUVEEN Value Fund INV,INV,Y,PCG,ADVISORY,ADVISORY,PIM,SIM,P,N,2876530.8,2876530.8,2876530.8,9,Y,Y,Y,FSC8073988,Nuveen,US Fund Large Value,US Fund Large Value
2025-01-31,QZXEBB9EI,NKJYX,VANGUARD,VANGUARD Bond Fund A,A,Y,WFAS,ADVISORY,ADVISORY,CUSTOMCHOICE,IRA,P,N,2648296.84,2648296.84,2648296.84,11,Y,N,N,FSC4693666,Vanguard,US Fund Intermediate Core Bond,US Fund Intermediate Core Bond
2025-05-31,3NX39RBSV,WWLNX,CAPITAL GROUP,CAPITAL GROUP Growth Fund A,A,Y,WFAS,ADVISORY,ADVISORY,BROKERAGE,NON-RETIREMENT,S,Y,3441889.04,-3441889.04,-3441889.04,24,Y,Y,N,FSINV8R1QP,capital group,US Fund Small Growth,US Fund Small Growth
2025-02-28,U7EEQTUL1,LVXLX,FIRST EAGLE,FIRST EAGLE Estate Fund INST,INST,Y,WBS,BROKERAGE,BROKERAGE,ASSET ADVISOR,SIM,P,N,2517162.77,2517162.77,2517162.77,5,Y,Y,Y,FSUSAS7SPG,First Eagle,US Fund Real Estate,US Fund Real Estate
2025-05-31,YYO4UDOJE,JTGJX,BLACKROCK,BLACKROCK Bond Fund INST,INST,Y,WBS,BROKERAGE,BROKERAGE,PIM,NON-RETIREMENT,S,N,695500.4,-695500.4,-695500.4,2,Y,Y,Y,FSCAPSG2R8,BlackRock,US Fund Short-Term Bond,US Fund Short-Term Bond
2025-12-31,O4KH2VLPY,NUYTX,PIMCO,PIMCO Blend Fund A,A,Y,FINET,ADVISORY,ADVISORY,ASSET ADVISOR,IRA,P,Y,627158.23,627158.23,627158.23,31,Y,Y,Y,FSINVNDQ6K,PIMCO,US Fund Small Blend,US Fund Small Blend
2025-10-31,WC4RTWUZK,AJOEX,MFS,MFS Bond Fund C,C,N,FINET,ADVISORY,ADVISORY,ASSET ADVISOR,IRA,P,N,595051.63,595051.63,595051.63,14,Y,Y,Y,FSUSAR848N,MFS,US Fund Multisector Bond,US Fund Multisector Bond
2025-02-28,JH75LXO6Q,GGOGX,MFS,MFS Blend Fund A,A,Y,PCG,ADVISORY,ADVISORY,FUNDSOURCE,QP,P,N,3731116.97,3731116.97,3731116.97,7,Y,N,Y,FSCAPUR81B,MFS,US Fund Small Blend,US Fund Small Blend
2025-05-31,C8BBI4WIR,CYMGX,NUVEEN,NUVEEN Blend Fund A,A,Y,FCCS,BROKERAGE,BROKERAGE,PERSONALIZED UMA,SEP,P,Y,3770212.35,3770212.35,3770212.35,12,Y,N,Y,FSUSAGQ1Y8,Nuveen,US Fund Foreign Large Blend,US Fund Foreign Large Blend
2025-07-31,QZXEBB9EI,NKJYX,VANGUARD,VANGUARD Bond Fund A,A,Y,PCG,BROKERAGE,BROKERAGE,PERSONALIZED UMA,IRA,P,N,2571497.89,2571497.89,2571497.89,32,Y,N,Y,FSC4693666,Vanguard,US Fund Intermediate Core Bond,US Fund Intermediate Core Bond
2025-02-28,JSG65KXVF,TOUNX,FIRST EAGLE,FIRST EAGLE Blend Fund INST,INST,Y,PCG,BROKERAGE,BROKERAGE,PERSONALIZED UMA,NON-RETIREMENT,P,N,579055.17,579055.17,579055.17,19,N,Y,N,FSCAP4FGYV,First Eagle,US Fund Small Blend,US Fund Small Blend
2025-11-30,UXLEZ896D,RNAIX,INVESCO,INVESCO Bond Fund A,A,Y,PCG,BROKERAGE,BROKERAGE,ASSET ADVISOR,IRA,P,N,64422.83,64422.83,64422.83,26,Y,N,Y,FSC9366170,Invesco,US Fund Intermediate Core Bond,US Fund Intermediate Core Bond
2025-02-28,WJCKJLTEI,SSBKX,FIRST EAGLE,FIRST EAGLE Blend Fund C,C,Y,WBS,BROKERAGE,BROKERAGE,FUNDSOURCE,SIM,P,N,995832.38,995832.38,995832.38,18,Y,N,Y,FSC7422675,First Eagle,US Fund Small Blend,US Fund Small Blend
2025-06-30,8VMUHXID4,JTOUX,FRANKLIN TEMPLETON,FRANKLIN TEMPLETON Bond Fund INST,INST,Y,PCG,ADVISORY,ADVISORY,PERSONALIZED UMA,IRA,P,N,3016025.58,3016025.58,3016025.58,32,Y,Y,Y,FSINVCNRVP,Franklin Templeton,US Fund Intermediate Core Bond,US Fund Intermediate Core Bond
2025-12-31,ZW9XA3KX7,DDCOX,CAPITAL GROUP,CAPITAL GROUP Blend Fund A,A,Y,PCG,BROKERAGE,BROKERAGE,PIM,NON-RETIREMENT,P,N,341609.25,341609.25,341609.25,40,Y,Y,Y,FSCAPVVD5U,capital group,US Fund Small Blend,US Fund Small Blend
2026-01-31,EDFQS3D63,XYKKX,INVESCO,INVESCO Allocation Fund A,A,N,WBS,ADVISORY,ADVISORY,BROKERAGE,IRA,P,N,1468167.87,1468167.87,1468167.87,8,Y,Y,Y,FSC8043975,Invesco,US Fund Tactical Allocation,US Fund Tactical Allocation
2025-01-31,6Q3XLRFCD,XISNX,VANGUARD,VANGUARD Allocation Fund INV,INV,Y,FINET,ADVISORY,ADVISORY,PERSONALIZED UMA,SIM,P,N,2783554.42,2783554.42,2783554.42,46,Y,N,Y,FSUSAMIGJS,Vanguard,US Fund Tactical Allocation,US Fund Tactical Allocation
2025-11-30,QTL3Q4N89,MHJNX,MFS,MFS Blend Fund A,A,Y,PCG,ADVISORY,ADVISORY,BROKERAGE,SIM,P,N,2697192.23,2697192.23,2697192.23,38,N,Y,Y,FSCAPO8FAQ,MFS,US Fund Mid-Cap Blend,US Fund Mid-Cap Blend
2025-06-30,QE3RZSJ49,GOJXX,BLACKROCK,BLACKROCK Allocation Fund INST,INST,Y,WFAS,ADVISORY,ADVISORY,BROKERAGE,SEP,P,Y,2952521.84,2952521.84,2952521.84,28,Y,Y,Y,FSCAPJJ3ZW,BlackRock,US Fund Moderate Allocation,US Fund Moderate Allocation
2025-04-30,C8D1WJCIT,EKRMX,FRANKLIN TEMPLETON,FRANKLIN TEMPLETON Estate Fund C,C,Y,WFAS,BROKERAGE,BROKERAGE,ASSET ADVISOR,SEP,P,Y,1560841.59,1560841.59,1560841.59,35,Y,Y,N,FSC7392545,Franklin Templeton,US Fund Real Estate,US Fund Real Estate
2025-09-30,E2ATN2TWD,IZSNX,FRANKLIN TEMPLETON,FRANKLIN TEMPLETON Bond Fund INST,INST,Y,FCCS,ADVISORY,ADVISORY,FC/QC,QP,S,N,1333461.12,-1333461.12,-1333461.12,37,Y,Y,Y,FSC7967512,Franklin Templeton,US Fund Short-Term Bond,US Fund Short-Term Bond
2025-06-30,RPN6QFGSX,QXUMX,LORD ABBETT,LORD ABBETT Estate Fund A,A,Y,PCG,ADVISORY,ADVISORY,FC/QC,NON-RETIREMENT,P,N,4057380.16,4057380.16,4057380.16,5,Y,Y,Y,FSINVN2N0F,Lord Abbett,US Fund Real Estate,US Fund Real Estate
2025-05-31,IUC039TEX,YENPX,DWS FUNDS,DWS FUNDS Bond Fund A,A,Y,PCG,BROKERAGE,BROKERAGE,ASSET ADVISOR,QP,S,N,2010435.75,-2010435.75,-2010435.75,5,Y,Y,Y,FSUSA4DZT8,DWS,US Fund Multisector Bond,US Fund Multisector Bond
2026-01-31,YYO4UDOJE,JTGJX,BLACKROCK,BLACKROCK Bond Fund INST,INST,Y,FINET,ADVISORY,ADVISORY,PIM,NON-RETIREMENT,P,N,4118782.88,4118782.88,4118782.88,17,Y,Y,Y,FSCAPSG2R8,BlackRock,US Fund Short-Term Bond,US Fund Short-Term Bond
2026-03-31,6VXDP5GJL,LIWHX,FIDELITY,FIDELITY Bond Fund INST,INST,N,PCG,ADVISORY,ADVISORY,PERSONALIZED UMA,SEP,P,N,3516806.56,3516806.56,3516806.56,35,Y,N,N,FSINVQUXZJ,Fidelity,US Fund Intermediate Core Bond,US Fund Intermediate Core Bond
2025-12-31,E2ATN2TWD,IZSNX,FRANKLIN TEMPLETON,FRANKLIN TEMPLETON Bond Fund INST,INST,Y,PCG,ADVISORY,ADVISORY,MASTERS,SIM,S,N,2611586.79,-2611586.79,-2611586.79,5,Y,N,Y,FSC7967512,Franklin Templeton,US Fund Short-Term Bond,US Fund Short-Term Bond
2025-11-30,QE3RZSJ49,GOJXX,BLACKROCK,BLACKROCK Allocation Fund INST,INST,Y,PCG,ADVISORY,ADVISORY,BROKERAGE,NON-RETIREMENT,P,N,3434431.09,3434431.09,3434431.09,20,Y,Y,Y,FSCAPJJ3ZW,BlackRock,US Fund Moderate Allocation,US Fund Moderate Allocation
2025-04-30,4FFYVNVQJ,OYRCX,LORD ABBETT,LORD ABBETT Blend Fund INST,INST,N,FINET,BROKERAGE,BROKERAGE,CUSTOMCHOICE,IRA,P,N,682584.93,682584.93,682584.93,32,Y,Y,N,FSINVDZ4HR,Lord Abbett,US Fund Foreign Large Blend,US Fund Foreign Large Blend
2025-10-31,Y6B2KNFTU,UECWX,VANGUARD,VANGUARD Bond Fund INV,INV,N,FINET,BROKERAGE,BROKERAGE,ASSET ADVISOR,SIM,P,N,318376.69,318376.69,318376.69,47,Y,Y,Y,FSUSAF3MVF,Vanguard,US Fund Short-Term Bond,US Fund Short-Term Bond
2026-03-31,2EK3ZEZQA,CGVOX,JPMORGAN,JPMORGAN Allocation Fund A,A,Y,WBS,BROKERAGE,BROKERAGE,PERSONALIZED UMA,IRA,P,N,3321253.57,3321253.57,3321253.57,8,Y,Y,N,FSUSAD1XUN,JPMorgan,US Fund Moderate Allocation,US Fund Moderate Allocation
2026-01-31,LFEWVZNVK,NLUCX,DWS FUNDS,DWS FUNDS Blend Fund INV,INV,Y,PCG,ADVISORY,ADVISORY,MASTERS,SIM,S,N,1180072.43,-1180072.43,-1180072.43,38,Y,Y,Y,FSINVF3PFW,DWS,US Fund Large Blend,US Fund Large Blend
2025-06-30,6246HID25,KQEYX,FIRST EAGLE,FIRST EAGLE Growth Fund INST,INST,Y,WFAS,ADVISORY,ADVISORY,CUSTOMCHOICE,SEP,P,N,2374533.19,2374533.19,2374533.19,24,Y,Y,N,FSUSAUK54B,First Eagle,US Fund Small Growth,US Fund Small Growth
2025-01-31,8HMBR5XQT,WLWSX,BLACKROCK,BLACKROCK Value Fund C,C,Y,WFAS,BROKERAGE,BROKERAGE,FUNDSOURCE,SEP,S,N,3311286.06,-3311286.06,-3311286.06,20,Y,N,N,FSINVHB0YI,BlackRock,US Fund Large Value,US Fund Large Value
2025-09-30,3J2D54I3Q,HUFAX,NUVEEN,NUVEEN Value Fund INV,INV,Y,PCG,BROKERAGE,BROKERAGE,MASTERS,SEP,S,N,4288306.87,-4288306.87,-4288306.87,49,Y,Y,N,FSC8073988,Nuveen,US Fund Large Value,US Fund Large Value
2025-11-30,1M8XFDJGF,TBYQX,PIMCO,PIMCO Growth Fund A,A,Y,PCG,BROKERAGE,BROKERAGE,ASSET ADVISOR,SIM,P,N,4061332.67,4061332.67,4061332.67,27,Y,Y,Y,FSCAPS2MJ6,PIMCO,US Fund Small Growth,US Fund Small Growth
2026-02-28,ZW9XA3KX7,DDCOX,CAPITAL GROUP,CAPITAL GROUP Blend Fund A,A,Y,FINET,ADVISORY,ADVISORY,PIM,SIM,P,Y,1305219.89,1305219.89,1305219.89,49,Y,Y,Y,FSCAPVVD5U,capital group,US Fund Small Blend,US Fund Small Blend
2025-01-31,0YNCXLL4Z,HIKKX,FIDELITY,FIDELITY Bond Fund A,A,Y,PCG,ADVISORY,ADVISORY,CUSTOMCHOICE,QP,P,N,3141667.22,3141667.22,3141667.22,21,Y,N,Y,FSUSAP0XJP,Fidelity,US Fund Multisector Bond,US Fund Multisector Bond
2025-11-30,R7KO64T02,XMHMX,FRANKLIN TEMPLETON,FRANKLIN TEMPLETON Blend Fund C,C,N,PCG,ADVISORY,ADVISORY,FC/QC,SIM,P,N,1638238.39,1638238.39,1638238.39,37,Y,N,N,FSC8379085,Franklin Templeton,US Fund Mid-Cap Blend,US Fund Mid-Cap Blend
2025-11-30,QT3WVEDN9,OJDPX,BLACKROCK,BLACKROCK Blend Fund A,A,Y,WFAS,ADVISORY,ADVISORY,BROKERAGE,SIM,P,N,445338.36,445338.36,445338.36,39,Y,Y,Y,FSINV1KDAD,BlackRock,US Fund Foreign Large Blend,US Fund Foreign Large Blend
2025-02-28,E2ATN2TWD,IZSNX,FRANKLIN TEMPLETON,FRANKLIN TEMPLETON Bond Fund INST,INST,Y,WFAS,BROKERAGE,BROKERAGE,PERSONALIZED UMA,IRA,P,N,2629425.58,2629425.58,2629425.58,14,Y,N,Y,FSC7967512,Franklin Templeton,US Fund Short-Term Bond,US Fund Short-Term Bond
2025-12-31,QE3RZSJ49,GOJXX,BLACKROCK,BLACKROCK Allocation Fund INST,INST,Y,FCCS,BROKERAGE,BROKERAGE,MASTERS,NON-RETIREMENT,P,N,651431.56,651431.56,651431.56,27,Y,Y,N,FSCAPJJ3ZW,BlackRock,US Fund Moderate Allocation,US Fund Moderate Allocation
2025-10-31,8J5ECRUYF,VYCGX,INVESCO,INVESCO Bond Fund INST,INST,Y,PCG,BROKERAGE,BROKERAGE,PERSONALIZED UMA,NON-RETIREMENT,P,N,1241965.64,1241965.64,1241965.64,45,Y,Y,Y,FSINV30AHC,Invesco,US Fund High Yield Bond,US Fund High Yield Bond
2025-12-31,1KERPETIU,RJKTX,VANGUARD,VANGUARD Bond Fund A,A,N,FCCS,ADVISORY,ADVISORY,PERSONALIZED UMA,SEP,P,N,365741.56,365741.56,365741.56,43,N,Y,Y,FSINVZ17YR,Vanguard,US Fund Short-Term Bond,US Fund Short-Term Bond
2025-01-31,JSG65KXVF,TOUNX,FIRST EAGLE,FIRST EAGLE Blend Fund INST,INST,Y,PCG,ADVISORY,ADVISORY,BROKERAGE,QP,P,N,3098479.56,3098479.56,3098479.56,11,Y,N,N,FSCAP4FGYV,First Eagle,US Fund Small Blend,US Fund Small Blend
2025-02-28,T7E8G8JDP,SIPNX,CAPITAL GROUP,CAPITAL GROUP Blend Fund A,A,Y,PCG,ADVISORY,ADVISORY,CUSTOMCHOICE,SIM,P,Y,2652353.79,2652353.79,2652353.79,18,Y,N,Y,FSUSAYANEZ,capital group,US Fund Foreign Large Blend,US Fund Foreign Large Blend
2025-10-31,BPLJD84U8,ZRHBX,PIMCO,PIMCO Blend Fund A,A,Y,PCG,ADVISORY,ADVISORY,PERSONALIZED UMA,NON-RETIREMENT,S,N,4633621.05,-4633621.05,-4633621.05,43,Y,Y,Y,FSCAPPXIH2,PIMCO,US Fund Mid-Cap Blend,US Fund Mid-Cap Blend
2025-04-30,IUC039TEX,YENPX,DWS FUNDS,DWS FUNDS Bond Fund A,A,Y,PCG,ADVISORY,ADVISORY,PERSONALIZED UMA,IRA,P,N,2351502.53,2351502.53,2351502.53,46,Y,Y,Y,FSUSA4DZT8,DWS,US Fund Multisector Bond,US Fund Multisector Bond
2025-02-28,O4KH2VLPY,NUYTX,PIMCO,PIMCO Blend Fund A,A,Y,FINET,BROKERAGE,BROKERAGE,MASTERS,QP,P,N,1019066.69,1019066.69,1019066.69,38,Y,N,Y,FSINVNDQ6K,PIMCO,US Fund Small Blend,US Fund Small Blend
2025-03-31,E3TV1ES53,NHEYX,BLACKROCK,BLACKROCK Blend Fund INST,INST,Y,WFAS,BROKERAGE,BROKERAGE,BROKERAGE,SEP,P,N,384638.9,384638.9,384638.9,44,Y,Y,N,FSUSA4B2GI,BlackRock,US Fund Foreign Large Blend,US Fund Foreign Large Blend
2026-02-28,4DPJA1WJ0,OLABX,PIMCO,PIMCO Bond Fund S,S,Y,WBS,BROKERAGE,BROKERAGE,MASTERS,QP,P,N,144858.07,144858.07,144858.07,22,N,Y,N,FSCAP7M9HW,PIMCO,US Fund Short-Term Bond,US Fund Short-Term Bond
2025-12-31,TC89K8YQK,ZWCJX,LORD ABBETT,LORD ABBETT Bond Fund A,A,Y,WFAS,ADVISORY,ADVISORY,MASTERS,SEP,S,N,4534438.39,-4534438.39,-4534438.39,48,Y,N,Y,FSC2646842,Lord Abbett,US Fund High Yield Bond,US Fund High Yield Bond
2025-05-31,8VMUHXID4,JTOUX,FRANKLIN TEMPLETON,FRANKLIN TEMPLETON Bond Fund INST,INST,Y,WFAS,ADVISORY,ADVISORY,CUSTOMCHOICE,SIM,P,N,4825264.02,4825264.02,4825264.02,19,Y,N,Y,FSINVCNRVP,Franklin Templeton,US Fund Intermediate Core Bond,US Fund Intermediate Core Bond
2025-08-31,3NX39RBSV,WWLNX,CAPITAL GROUP,CAPITAL GROUP Growth Fund A,A,Y,FINET,BROKERAGE,BROKERAGE,PIM,IRA,S,N,3679578.48,-3679578.48,-3679578.48,33,Y,Y,Y,FSINV8R1QP,capital group,US Fund Small Growth,US Fund Small Growth
2025-10-31,DMLY4LYK8,VOLIX,BLACKROCK,BLACKROCK Value Fund C,C,Y,PCG,ADVISORY,ADVISORY,FC/QC,IRA,S,N,451566.64,-451566.64,-451566.64,22,N,Y,Y,FSINVW6LMH,BlackRock,US Fund Large Value,US Fund Large Value
2026-03-31,FB9W1Q5UZ,JKDRX,VANGUARD,VANGUARD Growth Fund A,A,Y,WBS,ADVISORY,ADVISORY,PERSONALIZED UMA,SEP,P,N,3147983.13,3147983.13,3147983.13,9,Y,Y,Y,FSCAP3Y8BT,Vanguard,US Fund Large Growth,US Fund Large Growth
2025-05-31,1KERPETIU,RJKTX,VANGUARD,VANGUARD Bond Fund A,A,Y,WBS,ADVISORY,ADVISORY,FC/QC,IRA,P,N,2755196.15,2755196.15,2755196.15,47,Y,Y,Y,FSINVZ17YR,Vanguard,US Fund Short-Term Bond,US Fund Short-Term Bond
2026-01-31,0CVS4F8CG,PRGDX,T ROWE PRICE,T ROWE PRICE Bond Fund C,C,Y,PCG,ADVISORY,ADVISORY,FC/QC,IRA,P,N,570120.49,570120.49,570120.49,46,Y,Y,Y,FSINV5AYKJ,T. Rowe Price,US Fund Short-Term Bond,US Fund Short-Term Bond
2025-10-31,8LPQW2VMC,MAJHX,T ROWE PRICE,T ROWE PRICE Estate Fund S,S,Y,PCG,BROKERAGE,BROKERAGE,ASSET ADVISOR,QP,S,N,1707001.23,-1707001.23,-1707001.23,44,Y,Y,Y,FSINVOVNZB,T. Rowe Price,US Fund Real Estate,US Fund Real Estate
2025-01-31,6246HID25,KQEYX,FIRST EAGLE,FIRST EAGLE Growth Fund INST,INST,Y,FCCS,BROKERAGE,BROKERAGE,PERSONALIZED UMA,SEP,P,N,2385860.81,2385860.81,2385860.81,40,Y,Y,Y,FSUSAUK54B,First Eagle,US Fund Small Growth,US Fund Small Growth
2026-01-31,LJ8YRDDP0,JDBYX,VANGUARD,VANGUARD Bond Fund INST,INST,Y,PCG,ADVISORY,ADVISORY,FUNDSOURCE,IRA,P,Y,625884.9,625884.9,625884.9,42,Y,Y,N,FSC4848373,Vanguard,US Fund High Yield Bond,US Fund High Yield Bond
2025-04-30,8MGYN2JCP,LZEHX,NUVEEN,NUVEEN Estate Fund A,A,N,PCG,ADVISORY,ADVISORY,CUSTOMCHOICE,SIM,P,Y,3848720.87,3848720.87,3848720.87,31,Y,Y,Y,FSCAP9SFEF,Nuveen,US Fund Real Estate,US Fund Real Estate
2025-10-31,3KKV9RFTM,OOLIX,FRANKLIN TEMPLETON,FRANKLIN TEMPLETON Growth Fund INST,INST,Y,WFAS,ADVISORY,ADVISORY,FC/QC,SIM,S,N,1958971.1,-1958971.1,-1958971.1,48,Y,N,N,FSUSA9SEXI,Franklin Templeton,US Fund Small Growth,US Fund Small Growth
2025-08-31,4FFYVNVQJ,OYRCX,LORD ABBETT,LORD ABBETT Blend Fund INST,INST,Y,FCCS,BROKERAGE,BROKERAGE,PERSONALIZED UMA,NON-RETIREMENT,P,N,2567021.93,2567021.93,2567021.93,34,Y,Y,Y,FSINVDZ4HR,Lord Abbett,US Fund Foreign Large Blend,US Fund Foreign Large Blend
2026-03-31,DMLY4LYK8,VOLIX,BLACKROCK,BLACKROCK Value Fund C,C,Y,FINET,BROKERAGE,BROKERAGE,PERSONALIZED UMA,SIM,S,Y,4445758.4,-4445758.4,-4445758.4,19,Y,Y,Y,FSINVW6LMH,BlackRock,US Fund Large Value,US Fund Large Value
2025-04-30,2EK3ZEZQA,CGVOX,JPMORGAN,JPMORGAN Allocation Fund A,A,Y,FINET,BROKERAGE,BROKERAGE,PERSONALIZED UMA,NON-RETIREMENT,P,N,3425027.93,3425027.93,3425027.93,47,Y,N,N,FSUSAD1XUN,JPMorgan,US Fund Moderate Allocation,US Fund Moderate Allocation
2026-01-31,HQIN9N6XC,HZYVX,MFS,MFS Blend Fund C,C,Y,FINET,ADVISORY,ADVISORY,ASSET ADVISOR,SIM,P,N,4854722.73,4854722.73,4854722.73,13,Y,Y,Y,FSC8686926,MFS,US Fund Small Blend,US Fund Small Blend
2025-05-31,EDFQS3D63,XYKKX,INVESCO,INVESCO Allocation Fund A,A,Y,PCG,ADVISORY,ADVISORY,CUSTOMCHOICE,NON-RETIREMENT,P,N,2784374.14,2784374.14,2784374.14,33,Y,Y,Y,FSC8043975,Invesco,US Fund Tactical Allocation,US Fund Tactical Allocation
2025-04-30,SLWF90KM3,NSHVX,FIDELITY,FIDELITY Blend Fund A,A,Y,PCG,ADVISORY,ADVISORY,BROKERAGE,QP,P,N,1120866.15,1120866.15,1120866.15,10,Y,N,Y,FSUSA4BHGL,Fidelity,US Fund Small Blend,US Fund Small Blend
2025-12-31,4DPJA1WJ0,OLABX,PIMCO,PIMCO Bond Fund S,S,Y,WFAS,BROKERAGE,BROKERAGE,ASSET ADVISOR,QP,P,N,4731365.5,4731365.5,4731365.5,7,Y,Y,Y,FSCAP7M9HW,PIMCO,US Fund Short-Term Bond,US Fund Short-Term Bond
2026-02-28,3J2D54I3Q,HUFAX,NUVEEN,NUVEEN Value Fund INV,INV,Y,WFAS,BROKERAGE,BROKERAGE,PERSONALIZED UMA,IRA,P,N,1808511.36,1808511.36,1808511.36,24,Y,Y,N,FSC8073988,Nuveen,US Fund Large Value,US Fund Large Value
2025-07-31,1M8XFDJGF,TBYQX,PIMCO,PIMCO Growth Fund A,A,Y,PCG,ADVISORY,ADVISORY,CUSTOMCHOICE,IRA,S,N,33434.58,-33434.58,-33434.58,46,Y,Y,Y,FSCAPS2MJ6,PIMCO,US Fund Small Growth,US Fund Small Growth
2026-01-31,FB9W1Q5UZ,JKDRX,VANGUARD,VANGUARD Growth Fund A,A,N,WBS,BROKERAGE,BROKERAGE,FC/QC,SIM,S,N,2108900.19,-2108900.19,-2108900.19,34,Y,Y,Y,FSCAP3Y8BT,Vanguard,US Fund Large Growth,US Fund Large Growth
2026-01-31,O4KH2VLPY,NUYTX,PIMCO,PIMCO Blend Fund A,A,Y,PCG,ADVISORY,ADVISORY,CUSTOMCHOICE,SIM,P,N,4031331.2,4031331.2,4031331.2,49,Y,N,Y,FSINVNDQ6K,PIMCO,US Fund Small Blend,US Fund Small Blend
2025-01-31,E3TV1ES53,NHEYX,BLACKROCK,BLACKROCK Blend Fund INST,INST,Y,FCCS,BROKERAGE,BROKERAGE,FC/QC,SIM,S,N,4900245.35,-4900245.35,-4900245.35,45,Y,Y,Y,FSUSA4B2GI,BlackRock,US Fund Foreign Large Blend,US Fund Foreign Large Blend
2025-01-31,YYO4UDOJE,JTGJX,BLACKROCK,BLACKROCK Bond Fund INST,INST,Y,WBS,ADVISORY,ADVISORY,FUNDSOURCE,QP,S,N,4501092.5,-4501092.5,-4501092.5,40,Y,Y,N,FSCAPSG2R8,BlackRock,US Fund Short-Term Bond,US Fund Short-Term Bond
2026-01-31,8VMUHXID4,JTOUX,FRANKLIN TEMPLETON,FRANKLIN TEMPLETON Bond Fund INST,INST,N,FINET,ADVISORY,ADVISORY,CUSTOMCHOICE,QP,P,Y,1508006.3,1508006.3,1508006.3,19,Y,Y,Y,FSINVCNRVP,Franklin Templeton,US Fund Intermediate Core Bond,US Fund Intermediate Core Bond
2026-01-31,DK0GET8T6,VGVMX,BLACKROCK,BLACKROCK Bond Fund INST,INST,N,PCG,ADVISORY,ADVISORY,MASTERS,SIM,S,N,117597.0,-117597.0,-117597.0,8,Y,N,Y,FSC6963457,BlackRock,US Fund High Yield Bond,US Fund High Yield Bond
2025-06-30,2EK3ZEZQA,CGVOX,JPMORGAN,JPMORGAN Allocation Fund A,A,Y,WBS,ADVISORY,ADVISORY,BROKERAGE,SIM,P,N,3782921.44,3782921.44,3782921.44,16,Y,N,Y,FSUSAD1XUN,JPMorgan,US Fund Moderate Allocation,US Fund Moderate Allocation
2026-02-28,8MGYN2JCP,LZEHX,NUVEEN,NUVEEN Estate Fund A,A,Y,FINET,BROKERAGE,BROKERAGE,CUSTOMCHOICE,SIM,P,N,1752010.51,1752010.51,1752010.51,16,Y,Y,Y,FSCAP9SFEF,Nuveen,US Fund Real Estate,US Fund Real Estate
2025-08-31,HQIN9N6XC,HZYVX,MFS,MFS Blend Fund C,C,Y,PCG,ADVISORY,ADVISORY,CUSTOMCHOICE,SIM,P,N,3558346.28,3558346.28,3558346.28,5,Y,Y,Y,FSC8686926,MFS,US Fund Small Blend,US Fund Small Blend
2026-01-31,OQW9JA2M0,QUTIX,VANGUARD,VANGUARD Growth Fund C,C,Y,WBS,ADVISORY,ADVISORY,PERSONALIZED UMA,SIM,P,N,1318836.7,1318836.7,1318836.7,10,Y,Y,Y,FSCAP2IIZJ,Vanguard,US Fund Large Growth,US Fund Large Growth
2026-02-28,WC4RTWUZK,AJOEX,MFS,MFS Bond Fund C,C,Y,PCG,ADVISORY,ADVISORY,PIM,IRA,P,N,3472506.29,3472506.29,3472506.29,27,Y,Y,Y,FSUSAR848N,MFS,US Fund Multisector Bond,US Fund Multisector Bond
2025-03-31,OQW9JA2M0,QUTIX,VANGUARD,VANGUARD Growth Fund C,C,Y,PCG,ADVISORY,ADVISORY,CUSTOMCHOICE,NON-RETIREMENT,P,N,1524970.5,1524970.5,1524970.5,27,Y,N,N,FSCAP2IIZJ,Vanguard,US Fund Large Growth,US Fund Large Growth
2025-03-31,QVNB4GH2M,WSHAX,NUVEEN,NUVEEN Growth Fund S,S,Y,WFAS,ADVISORY,ADVISORY,FC/QC,SIM,S,Y,2444223.88,-2444223.88,-2444223.88,37,Y,Y,Y,FSCAPUT3V8,Nuveen,US Fund Small Growth,US Fund Small Growth
2025-03-31,8HMBR5XQT,WLWSX,BLACKROCK,BLACKROCK Value Fund C,C,Y,WBS,ADVISORY,ADVISORY,PIM,IRA,S,N,2524066.92,-2524066.92,-2524066.92,43,Y,Y,N,FSINVHB0YI,BlackRock,US Fund Large Value,US Fund Large Value
2025-09-30,DK0GET8T6,VGVMX,BLACKROCK,BLACKROCK Bond Fund INST,INST,Y,PCG,ADVISORY,ADVISORY,CUSTOMCHOICE,IRA,P,N,3352383.98,3352383.98,3352383.98,50,Y,Y,Y,FSC6963457,BlackRock,US Fund High Yield Bond,US Fund High Yield Bond
2025-02-28,6RE4Q6QDY,VIJBX,T ROWE PRICE,T ROWE PRICE Blend Fund A,A,Y,WBS,ADVISORY,ADVISORY,FUNDSOURCE,SIM,P,N,3093710.92,3093710.92,3093710.92,2,Y,N,Y,FSUSA99GZA,T. Rowe Price,US Fund Small Blend,US Fund Small Blend
2025-05-31,4FMYZYCWT,GMHYX,DWS FUNDS,DWS FUNDS Bond Fund A,A,Y,WBS,BROKERAGE,BROKERAGE,PIM,SIM,S,N,1226810.83,-1226810.83,-1226810.83,32,Y,Y,Y,FSCAPZUVDG,DWS,US Fund High Yield Bond,US Fund High Yield Bond
2025-01-31,WYJXRPJ1E,LHRMX,INVESCO,INVESCO Bond Fund A,A,Y,PCG,ADVISORY,ADVISORY,CUSTOMCHOICE,SEP,S,N,1587253.49,-1587253.49,-1587253.49,17,Y,Y,N,FSCAPRK315,Invesco,US Fund Intermediate Core Bond,US Fund Intermediate Core Bond
2025-01-31,WJCKJLTEI,SSBKX,FIRST EAGLE,FIRST EAGLE Blend Fund C,C,Y,PCG,ADVISORY,ADVISORY,PIM,NON-RETIREMENT,S,Y,1626790.84,-1626790.84,-1626790.84,21,Y,N,N,FSC7422675,First Eagle,US Fund Small Blend,US Fund Small Blend
2025-04-30,IUC039TEX,YENPX,DWS FUNDS,DWS FUNDS Bond Fund A,A,Y,WBS,ADVISORY,ADVISORY,ASSET ADVISOR,SEP,P,N,2985224.59,2985224.59,2985224.59,30,Y,Y,Y,FSUSA4DZT8,DWS,US Fund Multisector Bond,US Fund Multisector Bond
2026-03-31,V1V93KMKZ,DBBHX,PIMCO,PIMCO Allocation Fund A,A,Y,PCG,BROKERAGE,BROKERAGE,CUSTOMCHOICE,SEP,S,N,1346164.11,-1346164.11,-1346164.11,29,Y,Y,Y,FSC3796172,PIMCO,US Fund Moderate Allocation,US Fund Moderate Allocation
2025-06-30,O4KH2VLPY,NUYTX,PIMCO,PIMCO Blend Fund A,A,Y,FCCS,BROKERAGE,BROKERAGE,PERSONALIZED UMA,IRA,P,N,841357.57,841357.57,841357.57,30,N,Y,Y,FSINVNDQ6K,PIMCO,US Fund Small Blend,US Fund Small Blend
2025-01-31,WJCKJLTEI,SSBKX,FIRST EAGLE,FIRST EAGLE Blend Fund C,C,Y,FINET,ADVISORY,ADVISORY,PIM,NON-RETIREMENT,P,N,4609092.66,4609092.66,4609092.66,33,Y,Y,Y,FSC7422675,First Eagle,US Fund Small Blend,US Fund Small Blend
2025-05-31,MO5BXXC02,CENDX,FRANKLIN TEMPLETON,FRANKLIN TEMPLETON Value Fund INST,INST,Y,FCCS,BROKERAGE,BROKERAGE,FC/QC,NON-RETIREMENT,P,N,3492297.33,3492297.33,3492297.33,21,Y,N,Y,FSINV8HE3N,Franklin Templeton,US Fund Large Value,US Fund Large Value
2025-05-31,8LPQW2VMC,MAJHX,T ROWE PRICE,T ROWE PRICE Estate Fund S,S,Y,WBS,ADVISORY,ADVISORY,BROKERAGE,NON-RETIREMENT,P,N,4915118.22,4915118.22,4915118.22,1,Y,Y,Y,FSINVOVNZB,T. Rowe Price,US Fund Real Estate,US Fund Real Estate
2025-07-31,R7KO64T02,XMHMX,FRANKLIN TEMPLETON,FRANKLIN TEMPLETON Blend Fund C,C,Y,PCG,ADVISORY,ADVISORY,ASSET ADVISOR,QP,P,N,3482601.47,3482601.47,3482601.47,43,Y,Y,N,FSC8379085,Franklin Templeton,US Fund Mid-Cap Blend,US Fund Mid-Cap Blend
2026-02-28,S0R2SDS8B,UWNLX,AMERICAN FUNDS,AMERICAN FUNDS Bond Fund INST,INST,Y,FCCS,BROKERAGE,BROKERAGE,ASSET ADVISOR,SIM,S,N,1934061.8,-1934061.8,-1934061.8,13,Y,Y,Y,FSC0723107,capital group,US Fund High Yield Bond,US Fund High Yield Bond
2025-11-30,BSWRPBJEK,WMAQX,JPMORGAN,JPMORGAN Growth Fund INV,INV,N,PCG,BROKERAGE,BROKERAGE,FUNDSOURCE,NON-RETIREMENT,S,Y,1789426.18,-1789426.18,-1789426.18,24,Y,Y,Y,FSINVVT0VG,JPMorgan,US Fund Large Growth,US Fund Large Growth
2025-04-30,8HMBR5XQT,WLWSX,BLACKROCK,BLACKROCK Value Fund C,C,Y,PCG,ADVISORY,ADVISORY,PERSONALIZED UMA,NON-RETIREMENT,P,N,4921325.56,4921325.56,4921325.56,43,Y,Y,Y,FSINVHB0YI,BlackRock,US Fund Large Value,US Fund Large Value
2025-02-28,R7KO64T02,XMHMX,FRANKLIN TEMPLETON,FRANKLIN TEMPLETON Blend Fund C,C,Y,WFAS,BROKERAGE,BROKERAGE,MASTERS,NON-RETIREMENT,P,Y,3729994.21,3729994.21,3729994.21,2,N,Y,Y,FSC8379085,Franklin Templeton,US Fund Mid-Cap Blend,US Fund Mid-Cap Blend
2025-11-30,WX7PTX63C,EHTOX,DWS FUNDS,DWS FUNDS Allocation Fund A,A,Y,FCCS,BROKERAGE,BROKERAGE,BROKERAGE,SEP,P,N,2269903.66,2269903.66,2269903.66,27,Y,Y,Y,FSCAPPGOXS,DWS,US Fund Moderate Allocation,US Fund Moderate Allocation
2025-09-30,HQIN9N6XC,HZYVX,MFS,MFS Blend Fund C,C,Y,WBS,ADVISORY,ADVISORY,PERSONALIZED UMA,SEP,S,N,4419070.31,-4419070.31,-4419070.31,13,Y,N,N,FSC8686926,MFS,US Fund Small Blend,US Fund Small Blend
2025-12-31,2DHYLURTP,TISHX,CAPITAL GROUP,CAPITAL GROUP Growth Fund A,A,Y,PCG,ADVISORY,ADVISORY,ASSET ADVISOR,IRA,P,N,372664.61,372664.61,372664.61,2,Y,Y,Y,FSINVHRONH,capital group,US Fund Large Growth,US Fund Large Growth
2025-04-30,WX7PTX63C,EHTOX,DWS FUNDS,DWS FUNDS Allocation Fund A,A,Y,PCG,ADVISORY,ADVISORY,FUNDSOURCE,IRA,P,N,1192176.88,1192176.88,1192176.88,40,Y,Y,Y,FSCAPPGOXS,DWS,US Fund Moderate Allocation,US Fund Moderate Allocation
2025-02-28,3J2D54I3Q,HUFAX,NUVEEN,NUVEEN Value Fund INV,INV,N,FINET,BROKERAGE,BROKERAGE,CUSTOMCHOICE,IRA,S,N,4583613.53,-4583613.53,-4583613.53,29,Y,Y,Y,FSC8073988,Nuveen,US Fund Large Value,US Fund Large Value
2025-11-30,4DPJA1WJ0,OLABX,PIMCO,PIMCO Bond Fund S,S,Y,FINET,ADVISORY,ADVISORY,FC/QC,NON-RETIREMENT,P,N,261489.62,261489.62,261489.62,43,Y,Y,Y,FSCAP7M9HW,PIMCO,US Fund Short-Term Bond,US Fund Short-Term Bond
2026-03-31,1KERPETIU,RJKTX,VANGUARD,VANGUARD Bond Fund A,A,Y,PCG,BROKERAGE,BROKERAGE,PIM,QP,S,N,506839.0,-506839.0,-506839.0,7,Y,N,Y,FSINVZ17YR,Vanguard,US Fund Short-Term Bond,US Fund Short-Term Bond
2026-03-31,C8BBI4WIR,CYMGX,NUVEEN,NUVEEN Blend Fund A,A,Y,FINET,ADVISORY,ADVISORY,PERSONALIZED UMA,NON-RETIREMENT,P,N,3187000.0,3187000.0,3187000.0,3,Y,Y,Y,FSUSAGQ1Y8,Nuveen,US Fund Foreign Large Blend,US Fund Foreign Large Blend
2025-05-31,QZXEBB9EI,NKJYX,VANGUARD,VANGUARD Bond Fund A,A,N,FINET,ADVISORY,ADVISORY,MASTERS,SEP,P,Y,2705947.96,2705947.96,2705947.96,34,Y,Y,Y,FSC4693666,Vanguard,US Fund Intermediate Core Bond,US Fund Intermediate Core Bond
2026-02-28,2EK3ZEZQA,CGVOX,JPMORGAN,JPMORGAN Allocation Fund A,A,Y,PCG,ADVISORY,ADVISORY,FUNDSOURCE,IRA,S,N,4293581.68,-4293581.68,-4293581.68,43,Y,Y,Y,FSUSAD1XUN,JPMorgan,US Fund Moderate Allocation,US Fund Moderate Allocation
2026-02-28,2960361I2,FEGTX,JPMORGAN,JPMORGAN Bond Fund A,A,Y,PCG,ADVISORY,ADVISORY,PERSONALIZED UMA,IRA,P,N,4815342.91,4815342.91,4815342.91,1,Y,Y,Y,FSCAP0TE0V,JPMorgan,US Fund Multisector Bond,US Fund Multisector Bond
2025-04-30,QVNB4GH2M,WSHAX,NUVEEN,NUVEEN Growth Fund S,S,Y,PCG,BROKERAGE,BROKERAGE,FC/QC,NON-RETIREMENT,P,N,3841857.88,3841857.88,3841857.88,1,Y,Y,Y,FSCAPUT3V8,Nuveen,US Fund Small Growth,US Fund Small Growth
2025-03-31,6246HID25,KQEYX,FIRST EAGLE,FIRST EAGLE Growth Fund INST,INST,Y,PCG,BROKERAGE,BROKERAGE,BROKERAGE,NON-RETIREMENT,P,N,972420.02,972420.02,972420.02,12,Y,Y,Y,FSUSAUK54B,First Eagle,US Fund Small Growth,US Fund Small Growth
2025-04-30,UVY8N1UTO,QGCTX,INVESCO,INVESCO Allocation Fund S,S,Y,PCG,BROKERAGE,BROKERAGE,CUSTOMCHOICE,SIM,P,N,107949.39,107949.39,107949.39,8,Y,Y,Y,FSINV12SDD,Invesco,US Fund Tactical Allocation,US Fund Tactical Allocation
2026-01-31,3TV3I12VJ,ZZOUX,AMERICAN FUNDS,AMERICAN FUNDS Bond Fund A,A,Y,FINET,BROKERAGE,BROKERAGE,FC/QC,IRA,P,N,857213.35,857213.35,857213.35,9,Y,Y,Y,FSUSA1CZS7,capital group,US Fund High Yield Bond,US Fund High Yield Bond
2025-06-30,3TV3I12VJ,ZZOUX,AMERICAN FUNDS,AMERICAN FUNDS Bond Fund A,A,Y,FINET,ADVISORY,ADVISORY,FUNDSOURCE,QP,P,N,4884919.21,4884919.21,4884919.21,10,Y,Y,Y,FSUSA1CZS7,capital group,US Fund High Yield Bond,US Fund High Yield Bond
2026-02-28,T7E8G8JDP,SIPNX,CAPITAL GROUP,CAPITAL GROUP Blend Fund A,A,Y,WFAS,BROKERAGE,BROKERAGE,ASSET ADVISOR,NON-RETIREMENT,P,N,2920619.07,2920619.07,2920619.07,49,Y,N,Y,FSUSAYANEZ,capital group,US Fund Foreign Large Blend,US Fund Foreign Large Blend
2025-08-31,OQW9JA2M0,QUTIX,VANGUARD,VANGUARD Growth Fund C,C,Y,FCCS,ADVISORY,ADVISORY,PERSONALIZED UMA,SEP,P,N,3562578.12,3562578.12,3562578.12,41,Y,Y,Y,FSCAP2IIZJ,Vanguard,US Fund Large Growth,US Fund Large Growth
2026-03-31,2DHYLURTP,TISHX,CAPITAL GROUP,CAPITAL GROUP Growth Fund A,A,Y,WFAS,ADVISORY,ADVISORY,CUSTOMCHOICE,SEP,P,N,4315909.73,4315909.73,4315909.73,6,Y,Y,Y,FSINVHRONH,capital group,US Fund Large Growth,US Fund Large Growth
2025-04-30,QZXEBB9EI,NKJYX,VANGUARD,VANGUARD Bond Fund A,A,Y,WBS,ADVISORY,ADVISORY,FC/QC,SEP,P,N,2326532.93,2326532.93,2326532.93,21,Y,Y,Y,FSC4693666,Vanguard,US Fund Intermediate Core Bond,US Fund Intermediate Core Bond
2025-11-30,BPLJD84U8,ZRHBX,PIMCO,PIMCO Blend Fund A,A,N,WBS,ADVISORY,ADVISORY,ASSET ADVISOR,SEP,P,N,4507428.5,4507428.5,4507428.5,7,Y,Y,Y,FSCAPPXIH2,PIMCO,US Fund Mid-Cap Blend,US Fund Mid-Cap Blend
2025-04-30,2960361I2,FEGTX,JPMORGAN,JPMORGAN Bond Fund A,A,N,WFAS,BROKERAGE,BROKERAGE,FUNDSOURCE,QP,S,N,1250493.2,-1250493.2,-1250493.2,49,Y,Y,Y,FSCAP0TE0V,JPMorgan,US Fund Multisector Bond,US Fund Multisector Bond
2025-05-31,3NX39RBSV,WWLNX,CAPITAL GROUP,CAPITAL GROUP Growth Fund A,A,Y,WBS,ADVISORY,ADVISORY,BROKERAGE,SIM,S,N,3915749.71,-3915749.71,-3915749.71,49,N,N,Y,FSINV8R1QP,capital group,US Fund Small Growth,US Fund Small Growth
2025-08-31,RPN6QFGSX,QXUMX,LORD ABBETT,LORD ABBETT Estate Fund A,A,Y,WFAS,ADVISORY,ADVISORY,PIM,IRA,P,N,2935224.69,2935224.69,2935224.69,13,Y,N,Y,FSINVN2N0F,Lord Abbett,US Fund Real Estate,US Fund Real Estate
2025-08-31,1M8XFDJGF,TBYQX,PIMCO,PIMCO Growth Fund A,A,Y,PCG,BROKERAGE,BROKERAGE,BROKERAGE,SIM,S,Y,151005.32,-151005.32,-151005.32,23,Y,Y,Y,FSCAPS2MJ6,PIMCO,US Fund Small Growth,US Fund Small Growth
2026-01-31,8VMUHXID4,JTOUX,FRANKLIN TEMPLETON,FRANKLIN TEMPLETON Bond Fund INST,INST,N,WFAS,ADVISORY,ADVISORY,CUSTOMCHOICE,NON-RETIREMENT,S,N,2688251.23,-2688251.23,-2688251.23,22,Y,N,N,FSINVCNRVP,Franklin Templeton,US Fund Intermediate Core Bond,US Fund Intermediate Core Bond
2026-02-28,E3TV1ES53,NHEYX,BLACKROCK,BLACKROCK Blend Fund INST,INST,Y,PCG,ADVISORY,ADVISORY,PERSONALIZED UMA,IRA,P,N,1906902.16,1906902.16,1906902.16,29,Y,Y,Y,FSUSA4B2GI,BlackRock,US Fund Foreign Large Blend,US Fund Foreign Large Blend
2025-03-31,UVY8N1UTO,QGCTX,INVESCO,INVESCO Allocation Fund S,S,Y,PCG,ADVISORY,ADVISORY,FC/QC,SEP,P,N,3445278.24,3445278.24,3445278.24,19,Y,Y,Y,FSINV12SDD,Invesco,US Fund Tactical Allocation,US Fund Tactical Allocation
2025-01-31,OQW9JA2M0,QUTIX,VANGUARD,VANGUARD Growth Fund C,C,Y,PCG,ADVISORY,ADVISORY,FC/QC,SIM,P,N,4298606.88,4298606.88,4298606.88,25,N,N,Y,FSCAP2IIZJ,Vanguard,US Fund Large Growth,US Fund Large Growth
2025-05-31,RPN6QFGSX,QXUMX,LORD ABBETT,LORD ABBETT Estate Fund A,A,Y,FCCS,BROKERAGE,BROKERAGE,FUNDSOURCE,QP,P,N,3548503.23,3548503.23,3548503.23,30,Y,Y,Y,FSINVN2N0F,Lord Abbett,US Fund Real Estate,US Fund Real Estate
2026-02-28,MO5BXXC02,CENDX,FRANKLIN TEMPLETON,FRANKLIN TEMPLETON Value Fund INST,INST,Y,WFAS,BROKERAGE,BROKERAGE,PERSONALIZED UMA,SIM,P,N,4037925.38,4037925.38,4037925.38,48,Y,Y,N,FSINV8HE3N,Franklin Templeton,US Fund Large Value,US Fund Large Value
2025-12-31,YYO4UDOJE,JTGJX,BLACKROCK,BLACKROCK Bond Fund INST,INST,Y,WFAS,BROKERAGE,BROKERAGE,FC/QC,NON-RETIREMENT,S,N,3961837.75,-3961837.75,-3961837.75,40,Y,Y,N,FSCAPSG2R8,BlackRock,US Fund Short-Term Bond,US Fund Short-Term Bond
2025-12-31,6VXDP5GJL,LIWHX,FIDELITY,FIDELITY Bond Fund INST,INST,Y,WFAS,ADVISORY,ADVISORY,MASTERS,QP,P,N,1968059.81,1968059.81,1968059.81,5,Y,N,Y,FSINVQUXZJ,Fidelity,US Fund Intermediate Core Bond,US Fund Intermediate Core Bond
2025-07-31,EDFQS3D63,XYKKX,INVESCO,INVESCO Allocation Fund A,A,Y,PCG,ADVISORY,ADVISORY,PIM,SIM,S,N,2764343.06,-2764343.06,-2764343.06,17,Y,Y,Y,FSC8043975,Invesco,US Fund Tactical Allocation,US Fund Tactical Allocation
2025-07-31,N1YBWMLUN,GWZPX,INVESCO,INVESCO Blend Fund A,A,Y,PCG,ADVISORY,ADVISORY,CUSTOMCHOICE,SEP,P,N,1997009.51,1997009.51,1997009.51,30,Y,Y,Y,FSINVZILDX,Invesco,US Fund Large Blend,US Fund Large Blend
2025-12-31,C8D1WJCIT,EKRMX,FRANKLIN TEMPLETON,FRANKLIN TEMPLETON Estate Fund C,C,Y,PCG,BROKERAGE,BROKERAGE,BROKERAGE,QP,S,N,701708.67,-701708.67,-701708.67,19,Y,N,Y,FSC7392545,Franklin Templeton,US Fund Real Estate,US Fund Real Estate
2025-11-30,4V30T9NT3,QWPSX,INVESCO,INVESCO Growth Fund C,C,Y,WFAS,BROKERAGE,BROKERAGE,FUNDSOURCE,SIM,P,N,2203569.63,2203569.63,2203569.63,41,Y,Y,Y,FSCAP5YC33,Invesco,US Fund Small Growth,US Fund Small Growth
2025-07-31,4DPJA1WJ0,OLABX,PIMCO,PIMCO Bond Fund S,S,Y,PCG,ADVISORY,ADVISORY,FUNDSOURCE,NON-RETIREMENT,S,N,2220211.43,-2220211.43,-2220211.43,16,Y,Y,Y,FSCAP7M9HW,PIMCO,US Fund Short-Term Bond,US Fund Short-Term Bond
2025-06-30,4V30T9NT3,QWPSX,INVESCO,INVESCO Growth Fund C,C,Y,PCG,BROKERAGE,BROKERAGE,CUSTOMCHOICE,NON-RETIREMENT,S,Y,3399957.65,-3399957.65,-3399957.65,33,Y,Y,Y,FSCAP5YC33,Invesco,US Fund Small Growth,US Fund Small Growth
2025-10-31,C8BBI4WIR,CYMGX,NUVEEN,NUVEEN Blend Fund A,A,Y,PCG,ADVISORY,ADVISORY,PIM,SEP,P,N,2708742.42,2708742.42,2708742.42,26,Y,Y,Y,FSUSAGQ1Y8,Nuveen,US Fund Foreign Large Blend,US Fund Foreign Large Blend
2025-02-28,2DHYLURTP,TISHX,CAPITAL GROUP,CAPITAL GROUP Growth Fund A,A,Y,WFAS,ADVISORY,ADVISORY,FC/QC,SEP,S,N,1392648.89,-1392648.89,-1392648.89,32,N,Y,Y,FSINVHRONH,capital group,US Fund Large Growth,US Fund Large Growth
2025-03-31,E2ATN2TWD,IZSNX,FRANKLIN TEMPLETON,FRANKLIN TEMPLETON Bond Fund INST,INST,Y,PCG,BROKERAGE,BROKERAGE,CUSTOMCHOICE,SEP,P,N,474175.47,474175.47,474175.47,49,Y,Y,N,FSC7967512,Franklin Templeton,US Fund Short-Term Bond,US Fund Short-Term Bond
2025-02-28,ST0SX5WVF,ESQXX,CAPITAL GROUP,CAPITAL GROUP Bond Fund INST,INST,Y,FINET,ADVISORY,ADVISORY,FUNDSOURCE,QP,P,N,3042862.34,3042862.34,3042862.34,1,Y,Y,N,FSINV6Z5AS,capital group,US Fund Intermediate Core Bond,US Fund Intermediate Core Bond
2025-04-30,WOCLYT8W5,MOQGX,T ROWE PRICE,T ROWE PRICE Blend Fund INST,INST,Y,PCG,ADVISORY,ADVISORY,MASTERS,NON-RETIREMENT,S,N,3786350.1,-3786350.1,-3786350.1,14,Y,Y,Y,FSINVVY2S9,T. Rowe Price,US Fund Large Blend,US Fund Large Blend
2025-12-31,1M8XFDJGF,TBYQX,PIMCO,PIMCO Growth Fund A,A,Y,PCG,BROKERAGE,BROKERAGE,FC/QC,SEP,S,N,671767.93,-671767.93,-671767.93,15,Y,Y,Y,FSCAPS2MJ6,PIMCO,US Fund Small Growth,US Fund Small Growth
2025-01-31,B5M9J98CW,JURYX,AMERICAN FUNDS,AMERICAN FUNDS Growth Fund A,A,Y,FINET,BROKERAGE,BROKERAGE,FC/QC,QP,S,N,3325197.59,-3325197.59,-3325197.59,29,Y,Y,Y,FSCAPBLFOC,capital group,US Fund Large Growth,US Fund Large Growth
2025-01-31,C8BBI4WIR,CYMGX,NUVEEN,NUVEEN Blend Fund A,A,Y,WBS,ADVISORY,ADVISORY,FUNDSOURCE,NON-RETIREMENT,S,N,708089.29,-708089.29,-708089.29,28,Y,Y,Y,FSUSAGQ1Y8,Nuveen,US Fund Foreign Large Blend,US Fund Foreign Large Blend
2025-07-31,C8D1WJCIT,EKRMX,FRANKLIN TEMPLETON,FRANKLIN TEMPLETON Estate Fund C,C,Y,FINET,ADVISORY,ADVISORY,MASTERS,SIM,P,N,1245222.67,1245222.67,1245222.67,24,Y,Y,Y,FSC7392545,Franklin Templeton,US Fund Real Estate,US Fund Real Estate
2025-10-31,2EK3ZEZQA,CGVOX,JPMORGAN,JPMORGAN Allocation Fund A,A,Y,PCG,BROKERAGE,BROKERAGE,FC/QC,SIM,S,N,3801742.16,-3801742.16,-3801742.16,49,Y,Y,Y,FSUSAD1XUN,JPMorgan,US Fund Moderate Allocation,US Fund Moderate Allocation
2025-12-31,UVY8N1UTO,QGCTX,INVESCO,INVESCO Allocation Fund S,S,Y,WBS,ADVISORY,ADVISORY,PERSONALIZED UMA,IRA,P,N,1902560.96,1902560.96,1902560.96,46,Y,Y,Y,FSINV12SDD,Invesco,US Fund Tactical Allocation,US Fund Tactical Allocation
2026-02-28,4V30T9NT3,QWPSX,INVESCO,INVESCO Growth Fund C,C,Y,FCCS,BROKERAGE,BROKERAGE,PIM,SIM,P,N,3626864.21,3626864.21,3626864.21,42,N,Y,N,FSCAP5YC33,Invesco,US Fund Small Growth,US Fund Small Growth
2025-07-31,3J2D54I3Q,HUFAX,NUVEEN,NUVEEN Value Fund INV,INV,Y,WFAS,BROKERAGE,BROKERAGE,PIM,QP,S,N,812230.74,-812230.74,-812230.74,41,Y,Y,Y,FSC8073988,Nuveen,US Fund Large Value,US Fund Large Value
2025-12-31,1KERPETIU,RJKTX,VANGUARD,VANGUARD Bond Fund A,A,Y,FINET,ADVISORY,ADVISORY,BROKERAGE,NON-RETIREMENT,P,N,2388888.93,2388888.93,2388888.93,30,Y,Y,Y,FSINVZ17YR,Vanguard,US Fund Short-Term Bond,US Fund Short-Term Bond
2025-11-30,KTSG7FXZV,VOVAX,CAPITAL GROUP,CAPITAL GROUP Bond Fund INST,INST,N,FCCS,BROKERAGE,BROKERAGE,FC/QC,QP,S,N,62180.77,-62180.77,-62180.77,6,Y,Y,Y,FSCAPU9MJ4,capital group,US Fund Intermediate Core Bond,US Fund Intermediate Core Bond
2025-05-31,1KERPETIU,RJKTX,VANGUARD,VANGUARD Bond Fund A,A,Y,WBS,BROKERAGE,BROKERAGE,FC/QC,IRA,S,N,2503483.79,-2503483.79,-2503483.79,37,Y,Y,Y,FSINVZ17YR,Vanguard,US Fund Short-Term Bond,US Fund Short-Term Bond
2026-03-31,RPN6QFGSX,QXUMX,LORD ABBETT,LORD ABBETT Estate Fund A,A,Y,WBS,ADVISORY,ADVISORY,ASSET ADVISOR,IRA,S,Y,3495195.48,-3495195.48,-3495195.48,27,Y,Y,Y,FSINVN2N0F,Lord Abbett,US Fund Real Estate,US Fund Real Estate
2025-03-31,WJCKJLTEI,SSBKX,FIRST EAGLE,FIRST EAGLE Blend Fund C,C,Y,FCCS,ADVISORY,ADVISORY,PERSONALIZED UMA,QP,P,N,3520383.96,3520383.96,3520383.96,12,Y,N,N,FSC7422675,First Eagle,US Fund Small Blend,US Fund Small Blend
2025-05-31,C8BBI4WIR,CYMGX,NUVEEN,NUVEEN Blend Fund A,A,Y,PCG,BROKERAGE,BROKERAGE,CUSTOMCHOICE,IRA,S,N,4358141.93,-4358141.93,-4358141.93,25,Y,Y,Y,FSUSAGQ1Y8,Nuveen,US Fund Foreign Large Blend,US Fund Foreign Large Blend
2025-08-31,8J5ECRUYF,VYCGX,INVESCO,INVESCO Bond Fund INST,INST,Y,FCCS,ADVISORY,ADVISORY,BROKERAGE,IRA,P,Y,3802787.7,3802787.7,3802787.7,1,Y,Y,N,FSINV30AHC,Invesco,US Fund High Yield Bond,US Fund High Yield Bond
2026-03-31,DMLY4LYK8,VOLIX,BLACKROCK,BLACKROCK Value Fund C,C,Y,FINET,ADVISORY,ADVISORY,PIM,SEP,P,N,3784679.73,3784679.73,3784679.73,24,Y,Y,Y,FSINVW6LMH,BlackRock,US Fund Large Value,US Fund Large Value
2026-02-28,QZXEBB9EI,NKJYX,VANGUARD,VANGUARD Bond Fund A,A,Y,FINET,BROKERAGE,BROKERAGE,CUSTOMCHOICE,IRA,P,N,501336.72,501336.72,501336.72,34,Y,Y,N,FSC4693666,Vanguard,US Fund Intermediate Core Bond,US Fund Intermediate Core Bond
2025-08-31,3TV3I12VJ,ZZOUX,AMERICAN FUNDS,AMERICAN FUNDS Bond Fund A,A,Y,PCG,ADVISORY,ADVISORY,PIM,IRA,S,N,3294551.09,-3294551.09,-3294551.09,3,N,N,Y,FSUSA1CZS7,capital group,US Fund High Yield Bond,US Fund High Yield Bond
2025-10-31,V1V93KMKZ,DBBHX,PIMCO,PIMCO Allocation Fund A,A,Y,FCCS,ADVISORY,ADVISORY,PERSONALIZED UMA,IRA,P,N,3696153.57,3696153.57,3696153.57,19,Y,N,N,FSC3796172,PIMCO,US Fund Moderate Allocation,US Fund Moderate Allocation
2026-01-31,E3TV1ES53,NHEYX,BLACKROCK,BLACKROCK Blend Fund INST,INST,Y,PCG,BROKERAGE,BROKERAGE,PERSONALIZED UMA,NON-RETIREMENT,S,Y,2523430.76,-2523430.76,-2523430.76,8,Y,Y,Y,FSUSA4B2GI,BlackRock,US Fund Foreign Large Blend,US Fund Foreign Large Blend
2026-01-31,WJCKJLTEI,SSBKX,FIRST EAGLE,FIRST EAGLE Blend Fund C,C,Y,PCG,BROKERAGE,BROKERAGE,PIM,SIM,S,Y,3499695.06,-3499695.06,-3499695.06,15,Y,Y,N,FSC7422675,First Eagle,US Fund Small Blend,US Fund Small Blend
2025-11-30,3J2D54I3Q,HUFAX,NUVEEN,NUVEEN Value Fund INV,INV,Y,FINET,ADVISORY,ADVISORY,FUNDSOURCE,QP,P,N,2672949.24,2672949.24,2672949.24,39,Y,Y,N,FSC8073988,Nuveen,US Fund Large Value,US Fund Large Value
2025-11-30,S0R2SDS8B,UWNLX,AMERICAN FUNDS,AMERICAN FUNDS Bond Fund INST,INST,Y,PCG,BROKERAGE,BROKERAGE,ASSET ADVISOR,SEP,S,N,2809718.77,-2809718.77,-2809718.77,6,Y,Y,Y,FSC0723107,capital group,US Fund High Yield Bond,US Fund High Yield Bond
2025-10-31,6246HID25,KQEYX,FIRST EAGLE,FIRST EAGLE Growth Fund INST,INST,Y,PCG,ADVISORY,ADVISORY,BROKERAGE,QP,P,N,4266724.88,4266724.88,4266724.88,25,N,Y,Y,FSUSAUK54B,First Eagle,US Fund Small Growth,US Fund Small Growth
2025-09-30,T7E8G8JDP,SIPNX,CAPITAL GROUP,CAPITAL GROUP Blend Fund A,A,Y,WFAS,ADVISORY,ADVISORY,PIM,NON-RETIREMENT,S,Y,2954084.53,-2954084.53,-2954084.53,19,Y,Y,Y,FSUSAYANEZ,capital group,US Fund Foreign Large Blend,US Fund Foreign Large Blend
2025-05-31,QJIDKNWI5,EIPIX,JPMORGAN,JPMORGAN Allocation Fund INST,INST,N,WBS,BROKERAGE,BROKERAGE,MASTERS,QP,P,N,3326920.85,3326920.85,3326920.85,8,Y,N,Y,FSCAPZ4DKB,JPMorgan,US Fund Tactical Allocation,US Fund Tactical Allocation
2025-08-31,QVNB4GH2M,WSHAX,NUVEEN,NUVEEN Growth Fund S,S,Y,PCG,BROKERAGE,BROKERAGE,FUNDSOURCE,NON-RETIREMENT,P,Y,4832495.27,4832495.27,4832495.27,4,Y,N,N,FSCAPUT3V8,Nuveen,US Fund Small Growth,US Fund Small Growth
2025-05-31,LJ8YRDDP0,JDBYX,VANGUARD,VANGUARD Bond Fund INST,INST,Y,WBS,BROKERAGE,BROKERAGE,PIM,SIM,S,N,3296421.93,-3296421.93,-3296421.93,23,Y,Y,Y,FSC4848373,Vanguard,US Fund High Yield Bond,US Fund High Yield Bond
2025-05-31,QE3RZSJ49,GOJXX,BLACKROCK,BLACKROCK Allocation Fund INST,INST,Y,PCG,ADVISORY,ADVISORY,BROKERAGE,SEP,S,N,975863.34,-975863.34,-975863.34,11,Y,Y,Y,FSCAPJJ3ZW,BlackRock,US Fund Moderate Allocation,US Fund Moderate Allocation
2025-04-30,O4KH2VLPY,NUYTX,PIMCO,PIMCO Blend Fund A,A,Y,FINET,ADVISORY,ADVISORY,ASSET ADVISOR,NON-RETIREMENT,P,N,3742038.4,3742038.4,3742038.4,28,Y,Y,Y,FSINVNDQ6K,PIMCO,US Fund Small Blend,US Fund Small Blend
2025-08-31,QZXEBB9EI,NKJYX,VANGUARD,VANGUARD Bond Fund A,A,Y,WBS,BROKERAGE,BROKERAGE,CUSTOMCHOICE,SIM,P,N,262834.34,262834.34,262834.34,8,Y,Y,Y,FSC4693666,Vanguard,US Fund Intermediate Core Bond,US Fund Intermediate Core Bond
2025-11-30,R7KO64T02,XMHMX,FRANKLIN TEMPLETON,FRANKLIN TEMPLETON Blend Fund C,C,Y,PCG,BROKERAGE,BROKERAGE,PERSONALIZED UMA,SIM,S,N,3879361.12,-3879361.12,-3879361.12,42,Y,Y,Y,FSC8379085,Franklin Templeton,US Fund Mid-Cap Blend,US Fund Mid-Cap Blend
2025-08-31,3J2D54I3Q,HUFAX,NUVEEN,NUVEEN Value Fund INV,INV,Y,FCCS,ADVISORY,ADVISORY,PERSONALIZED UMA,SEP,S,N,4542438.01,-4542438.01,-4542438.01,7,Y,Y,Y,FSC8073988,Nuveen,US Fund Large Value,US Fund Large Value
2025-05-31,EAL2W37D4,GPNKX,FIDELITY,FIDELITY Blend Fund C,C,Y,WFAS,BROKERAGE,BROKERAGE,CUSTOMCHOICE,SIM,P,Y,497656.55,497656.55,497656.55,2,Y,N,Y,FSUSAVKKPF,Fidelity,US Fund Large Blend,US Fund Large Blend
2025-08-31,7BH25LLO3,MAQHX,DWS FUNDS,DWS FUNDS Bond Fund C,C,Y,FINET,BROKERAGE,BROKERAGE,FUNDSOURCE,IRA,P,N,4185801.13,4185801.13,4185801.13,39,Y,Y,Y,FSC8694117,DWS,US Fund Intermediate Core Bond,US Fund Intermediate Core Bond
2025-02-28,Y6B2KNFTU,UECWX,VANGUARD,VANGUARD Bond Fund INV,INV,N,PCG,ADVISORY,ADVISORY,BROKERAGE,IRA,P,N,2875617.61,2875617.61,2875617.61,33,Y,N,Y,FSUSAF3MVF,Vanguard,US Fund Short-Term Bond,US Fund Short-Term Bond
2025-04-30,VBDIVUZZP,LHWTX,VANGUARD,VANGUARD Growth Fund A,A,Y,FINET,BROKERAGE,BROKERAGE,PERSONALIZED UMA,NON-RETIREMENT,P,N,4731099.97,4731099.97,4731099.97,45,Y,N,N,FSCAP853QJ,Vanguard,US Fund Large Growth,US Fund Large Growth
2025-09-30,8HMBR5XQT,WLWSX,BLACKROCK,BLACKROCK Value Fund C,C,Y,PCG,ADVISORY,ADVISORY,CUSTOMCHOICE,SEP,P,N,3439807.58,3439807.58,3439807.58,14,N,Y,Y,FSINVHB0YI,BlackRock,US Fund Large Value,US Fund Large Value
2025-05-31,QZXEBB9EI,NKJYX,VANGUARD,VANGUARD Bond Fund A,A,Y,PCG,ADVISORY,ADVISORY,CUSTOMCHOICE,SIM,P,Y,3111752.56,3111752.56,3111752.56,17,Y,N,Y,FSC4693666,Vanguard,US Fund Intermediate Core Bond,US Fund Intermediate Core Bond
2025-02-28,RPN6QFGSX,QXUMX,LORD ABBETT,LORD ABBETT Estate Fund A,A,Y,FINET,BROKERAGE,BROKERAGE,CUSTOMCHOICE,SIM,S,N,1347363.74,-1347363.74,-1347363.74,21,N,Y,Y,FSINVN2N0F,Lord Abbett,US Fund Real Estate,US Fund Real Estate
2025-04-30,8HMBR5XQT,WLWSX,BLACKROCK,BLACKROCK Value Fund C,C,N,PCG,ADVISORY,ADVISORY,ASSET ADVISOR,SEP,P,Y,623543.81,623543.81,623543.81,50,Y,N,Y,FSINVHB0YI,BlackRock,US Fund Large Value,US Fund Large Value
2025-02-28,4V30T9NT3,QWPSX,INVESCO,INVESCO Growth Fund C,C,Y,FCCS,ADVISORY,ADVISORY,CUSTOMCHOICE,QP,P,N,4843883.04,4843883.04,4843883.04,20,Y,N,Y,FSCAP5YC33,Invesco,US Fund Small Growth,US Fund Small Growth
2025-12-31,YYO4UDOJE,JTGJX,BLACKROCK,BLACKROCK Bond Fund INST,INST,Y,PCG,ADVISORY,ADVISORY,PIM,SIM,P,N,1410342.62,1410342.62,1410342.62,48,Y,N,Y,FSCAPSG2R8,BlackRock,US Fund Short-Term Bond,US Fund Short-Term Bond
2025-08-31,8VMUHXID4,JTOUX,FRANKLIN TEMPLETON,FRANKLIN TEMPLETON Bond Fund INST,INST,Y,FINET,BROKERAGE,BROKERAGE,CUSTOMCHOICE,SIM,P,N,1295675.63,1295675.63,1295675.63,18,Y,N,N,FSINVCNRVP,Franklin Templeton,US Fund Intermediate Core Bond,US Fund Intermediate Core Bond
2025-11-30,C8D1WJCIT,EKRMX,FRANKLIN TEMPLETON,FRANKLIN TEMPLETON Estate Fund C,C,N,WFAS,BROKERAGE,BROKERAGE,MASTERS,SEP,S,N,3534080.42,-3534080.42,-3534080.42,34,Y,N,N,FSC7392545,Franklin Templeton,US Fund Real Estate,US Fund Real Estate
2025-11-30,WOCLYT8W5,MOQGX,T ROWE PRICE,T ROWE PRICE Blend Fund INST,INST,Y,PCG,ADVISORY,ADVISORY,ASSET ADVISOR,IRA,S,N,4737299.52,-4737299.52,-4737299.52,6,Y,Y,Y,FSINVVY2S9,T. Rowe Price,US Fund Large Blend,US Fund Large Blend
2026-03-31,UVY8N1UTO,QGCTX,INVESCO,INVESCO Allocation Fund S,S,Y,WBS,ADVISORY,ADVISORY,CUSTOMCHOICE,SIM,P,N,4371827.63,4371827.63,4371827.63,44,N,N,Y,FSINV12SDD,Invesco,US Fund Tactical Allocation,US Fund Tactical Allocation
2025-01-31,8VMUHXID4,JTOUX,FRANKLIN TEMPLETON,FRANKLIN TEMPLETON Bond Fund INST,INST,N,FINET,BROKERAGE,BROKERAGE,PIM,NON-RETIREMENT,S,N,4554476.59,-4554476.59,-4554476.59,43,N,N,N,FSINVCNRVP,Franklin Templeton,US Fund Intermediate Core Bond,US Fund Intermediate Core Bond
2025-11-30,7BH25LLO3,MAQHX,DWS FUNDS,DWS FUNDS Bond Fund C,C,Y,WFAS,BROKERAGE,BROKERAGE,FUNDSOURCE,NON-RETIREMENT,S,N,3037064.05,-3037064.05,-3037064.05,9,Y,N,Y,FSC8694117,DWS,US Fund Intermediate Core Bond,US Fund Intermediate Core Bond
2025-03-31,S0R2SDS8B,UWNLX,AMERICAN FUNDS,AMERICAN FUNDS Bond Fund INST,INST,Y,WBS,ADVISORY,ADVISORY,ASSET ADVISOR,SEP,P,N,566610.93,566610.93,566610.93,19,Y,Y,Y,FSC0723107,capital group,US Fund High Yield Bond,US Fund High Yield Bond
2025-04-30,LJ8YRDDP0,JDBYX,VANGUARD,VANGUARD Bond Fund INST,INST,Y,WFAS,ADVISORY,ADVISORY,PERSONALIZED UMA,QP,S,N,4645580.48,-4645580.48,-4645580.48,4,Y,Y,Y,FSC4848373,Vanguard,US Fund High Yield Bond,US Fund High Yield Bond
2025-02-28,QZXEBB9EI,NKJYX,VANGUARD,VANGUARD Bond Fund A,A,Y,PCG,ADVISORY,ADVISORY,PERSONALIZED UMA,NON-RETIREMENT,P,N,4451036.28,4451036.28,4451036.28,33,Y,Y,N,FSC4693666,Vanguard,US Fund Intermediate Core Bond,US Fund Intermediate Core Bond
2025-03-31,VBDIVUZZP,LHWTX,VANGUARD,VANGUARD Growth Fund A,A,Y,PCG,ADVISORY,ADVISORY,CUSTOMCHOICE,QP,S,N,1251048.7,-1251048.7,-1251048.7,7,N,Y,Y,FSCAP853QJ,Vanguard,US Fund Large Growth,US Fund Large Growth
2025-06-30,0YNCXLL4Z,HIKKX,FIDELITY,FIDELITY Bond Fund A,A,Y,PCG,BROKERAGE,BROKERAGE,MASTERS,IRA,S,N,29548.19,-29548.19,-29548.19,27,Y,N,Y,FSUSAP0XJP,Fidelity,US Fund Multisector Bond,US Fund Multisector Bond
2025-08-31,U6N7HV3IZ,HRUUX,JPMORGAN,JPMORGAN Value Fund S,S,Y,WBS,ADVISORY,ADVISORY,CUSTOMCHOICE,SEP,S,Y,4914652.05,-4914652.05,-4914652.05,50,Y,Y,N,FSUSAS5BKX,JPMorgan,US Fund Large Value,US Fund Large Value
2025-03-31,LFEWVZNVK,NLUCX,DWS FUNDS,DWS FUNDS Blend Fund INV,INV,Y,WBS,ADVISORY,ADVISORY,FUNDSOURCE,IRA,P,Y,539843.99,539843.99,539843.99,22,Y,Y,Y,FSINVF3PFW,DWS,US Fund Large Blend,US Fund Large Blend
2025-05-31,ST0SX5WVF,ESQXX,CAPITAL GROUP,CAPITAL GROUP Bond Fund INST,INST,Y,FINET,BROKERAGE,BROKERAGE,CUSTOMCHOICE,NON-RETIREMENT,P,N,413533.18,413533.18,413533.18,8,Y,N,Y,FSINV6Z5AS,capital group,US Fund Intermediate Core Bond,US Fund Intermediate Core Bond
2025-04-30,1KERPETIU,RJKTX,VANGUARD,VANGUARD Bond Fund A,A,Y,FINET,BROKERAGE,BROKERAGE,FUNDSOURCE,QP,P,Y,3913693.25,3913693.25,3913693.25,10,Y,Y,Y,FSINVZ17YR,Vanguard,US Fund Short-Term Bond,US Fund Short-Term Bond
2026-03-31,C8BBI4WIR,CYMGX,NUVEEN,NUVEEN Blend Fund A,A,Y,PCG,BROKERAGE,BROKERAGE,MASTERS,NON-RETIREMENT,P,N,88797.89,88797.89,88797.89,28,Y,Y,Y,FSUSAGQ1Y8,Nuveen,US Fund Foreign Large Blend,US Fund Foreign Large Blend
2025-02-28,3NX39RBSV,WWLNX,CAPITAL GROUP,CAPITAL GROUP Growth Fund A,A,Y,PCG,ADVISORY,ADVISORY,BROKERAGE,NON-RETIREMENT,P,N,1403139.43,1403139.43,1403139.43,4,Y,Y,Y,FSINV8R1QP,capital group,US Fund Small Growth,US Fund Small Growth
2026-03-31,BSWRPBJEK,WMAQX,JPMORGAN,JPMORGAN Growth Fund INV,INV,Y,PCG,ADVISORY,ADVISORY,ASSET ADVISOR,IRA,S,N,2154822.18,-2154822.18,-2154822.18,44,Y,N,Y,FSINVVT0VG,JPMorgan,US Fund Large Growth,US Fund Large Growth
2025-12-31,HQIN9N6XC,HZYVX,MFS,MFS Blend Fund C,C,Y,PCG,BROKERAGE,BROKERAGE,FC/QC,IRA,S,N,2644545.89,-2644545.89,-2644545.89,9,Y,Y,Y,FSC8686926,MFS,US Fund Small Blend,US Fund Small Blend
2025-04-30,C8BBI4WIR,CYMGX,NUVEEN,NUVEEN Blend Fund A,A,Y,PCG,ADVISORY,ADVISORY,PERSONALIZED UMA,NON-RETIREMENT,S,Y,4627540.45,-4627540.45,-4627540.45,10,Y,Y,Y,FSUSAGQ1Y8,Nuveen,US Fund Foreign Large Blend,US Fund Foreign Large Blend
2026-03-31,WX7PTX63C,EHTOX,DWS FUNDS,DWS FUNDS Allocation Fund A,A,N,WFAS,BROKERAGE,BROKERAGE,PERSONALIZED UMA,IRA,S,N,4267264.75,-4267264.75,-4267264.75,5,Y,Y,N,FSCAPPGOXS,DWS,US Fund Moderate Allocation,US Fund Moderate Allocation
2025-03-31,4FMYZYCWT,GMHYX,DWS FUNDS,DWS FUNDS Bond Fund A,A,Y,WBS,ADVISORY,ADVISORY,FUNDSOURCE,SIM,P,Y,3483682.79,3483682.79,3483682.79,35,Y,N,Y,FSCAPZUVDG,DWS,US Fund High Yield Bond,US Fund High Yield Bond
2025-07-31,WC4RTWUZK,AJOEX,MFS,MFS Bond Fund C,C,Y,PCG,ADVISORY,ADVISORY,FUNDSOURCE,QP,P,N,1951539.38,1951539.38,1951539.38,33,Y,N,Y,FSUSAR848N,MFS,US Fund Multisector Bond,US Fund Multisector Bond
2026-02-28,3NX39RBSV,WWLNX,CAPITAL GROUP,CAPITAL GROUP Growth Fund A,A,Y,PCG,ADVISORY,ADVISORY,FUNDSOURCE,SEP,P,N,3541419.39,3541419.39,3541419.39,10,Y,Y,Y,FSINV8R1QP,capital group,US Fund Small Growth,US Fund Small Growth
2025-11-30,IUC039TEX,YENPX,DWS FUNDS,DWS FUNDS Bond Fund A,A,Y,FINET,ADVISORY,ADVISORY,PIM,SEP,S,N,4947686.58,-4947686.58,-4947686.58,46,Y,Y,Y,FSUSA4DZT8,DWS,US Fund Multisector Bond,US Fund Multisector Bond
2025-05-31,QT3WVEDN9,OJDPX,BLACKROCK,BLACKROCK Blend Fund A,A,Y,PCG,BROKERAGE,BROKERAGE,MASTERS,NON-RETIREMENT,P,N,286788.52,286788.52,286788.52,2,Y,N,Y,FSINV1KDAD,BlackRock,US Fund Foreign Large Blend,US Fund Foreign Large Blend
2025-02-28,KTSG7FXZV,VOVAX,CAPITAL GROUP,CAPITAL GROUP Bond Fund INST,INST,Y,FINET,ADVISORY,ADVISORY,FUNDSOURCE,SIM,S,N,3440732.9,-3440732.9,-3440732.9,18,Y,Y,N,FSCAPU9MJ4,capital group,US Fund Intermediate Core Bond,US Fund Intermediate Core Bond
2025-03-31,LJ8YRDDP0,JDBYX,VANGUARD,VANGUARD Bond Fund INST,INST,Y,WBS,ADVISORY,ADVISORY,PERSONALIZED UMA,NON-RETIREMENT,P,N,3649194.62,3649194.62,3649194.62,12,Y,Y,Y,FSC4848373,Vanguard,US Fund High Yield Bond,US Fund High Yield Bond
2025-01-31,QE3RZSJ49,GOJXX,BLACKROCK,BLACKROCK Allocation Fund INST,INST,Y,PCG,BROKERAGE,BROKERAGE,CUSTOMCHOICE,IRA,P,N,4426322.59,4426322.59,4426322.59,30,Y,N,Y,FSCAPJJ3ZW,BlackRock,US Fund Moderate Allocation,US Fund Moderate Allocation
2025-03-31,7BH25LLO3,MAQHX,DWS FUNDS,DWS FUNDS Bond Fund C,C,Y,PCG,ADVISORY,ADVISORY,BROKERAGE,IRA,S,N,4040059.64,-4040059.64,-4040059.64,50,Y,Y,Y,FSC8694117,DWS,US Fund Intermediate Core Bond,US Fund Intermediate Core Bond
2026-01-31,4V30T9NT3,QWPSX,INVESCO,INVESCO Growth Fund C,C,Y,PCG,BROKERAGE,BROKERAGE,ASSET ADVISOR,NON-RETIREMENT,S,Y,4788109.65,-4788109.65,-4788109.65,49,Y,Y,Y,FSCAP5YC33,Invesco,US Fund Small Growth,US Fund Small Growth
2025-08-31,2960361I2,FEGTX,JPMORGAN,JPMORGAN Bond Fund A,A,Y,PCG,BROKERAGE,BROKERAGE,BROKERAGE,IRA,P,N,279849.6,279849.6,279849.6,7,Y,N,Y,FSCAP0TE0V,JPMorgan,US Fund Multisector Bond,US Fund Multisector Bond
2025-01-31,2DHYLURTP,TISHX,CAPITAL GROUP,CAPITAL GROUP Growth Fund A,A,Y,FCCS,ADVISORY,ADVISORY,FC/QC,IRA,P,N,1927222.59,1927222.59,1927222.59,8,Y,N,Y,FSINVHRONH,capital group,US Fund Large Growth,US Fund Large Growth
2025-10-31,4874FRHOC,JZGUX,INVESCO,INVESCO Bond Fund C,C,Y,PCG,ADVISORY,ADVISORY,CUSTOMCHOICE,NON-RETIREMENT,P,N,1802787.31,1802787.31,1802787.31,22,Y,Y,Y,FSUSAFVJ1Z,Invesco,US Fund Short-Term Bond,US Fund Short-Term Bond
2025-10-31,3NX39RBSV,WWLNX,CAPITAL GROUP,CAPITAL GROUP Growth Fund A,A,Y,FINET,BROKERAGE,BROKERAGE,MASTERS,IRA,S,Y,1742254.22,-1742254.22,-1742254.22,10,Y,Y,Y,FSINV8R1QP,capital group,US Fund Small Growth,US Fund Small Growth
2025-12-31,8LPQW2VMC,MAJHX,T ROWE PRICE,T ROWE PRICE Estate Fund S,S,Y,WBS,ADVISORY,ADVISORY,MASTERS,NON-RETIREMENT,S,N,4881708.06,-4881708.06,-4881708.06,9,Y,Y,Y,FSINVOVNZB,T. Rowe Price,US Fund Real Estate,US Fund Real Estate
2025-08-31,1KERPETIU,RJKTX,VANGUARD,VANGUARD Bond Fund A,A,Y,WFAS,ADVISORY,ADVISORY,FUNDSOURCE,SIM,S,N,2070014.76,-2070014.76,-2070014.76,32,Y,Y,Y,FSINVZ17YR,Vanguard,US Fund Short-Term Bond,US Fund Short-Term Bond
2025-07-31,V1V93KMKZ,DBBHX,PIMCO,PIMCO Allocation Fund A,A,Y,WFAS,BROKERAGE,BROKERAGE,FUNDSOURCE,IRA,P,N,3574747.8,3574747.8,3574747.8,1,Y,N,Y,FSC3796172,PIMCO,US Fund Moderate Allocation,US Fund Moderate Allocation
2025-03-31,UXLEZ896D,RNAIX,INVESCO,INVESCO Bond Fund A,A,Y,WFAS,BROKERAGE,BROKERAGE,CUSTOMCHOICE,SEP,S,N,298357.16,-298357.16,-298357.16,36,N,N,Y,FSC9366170,Invesco,US Fund Intermediate Core Bond,US Fund Intermediate Core Bond
2025-01-31,2DHYLURTP,TISHX,CAPITAL GROUP,CAPITAL GROUP Growth Fund A,A,Y,FINET,ADVISORY,ADVISORY,FC/QC,SEP,S,N,586620.43,-586620.43,-586620.43,7,Y,Y,N,FSINVHRONH,capital group,US Fund Large Growth,US Fund Large Growth
2025-01-31,U7EEQTUL1,LVXLX,FIRST EAGLE,FIRST EAGLE Estate Fund INST,INST,Y,WFAS,ADVISORY,ADVISORY,FC/QC,NON-RETIREMENT,P,N,706816.82,706816.82,706816.82,31,Y,N,Y,FSUSAS7SPG,First Eagle,US Fund Real Estate,US Fund Real Estate
2025-08-31,3NX39RBSV,WWLNX,CAPITAL GROUP,CAPITAL GROUP Growth Fund A,A,Y,PCG,BROKERAGE,BROKERAGE,CUSTOMCHOICE,IRA,P,N,1687016.28,1687016.28,1687016.28,3,Y,Y,Y,FSINV8R1QP,capital group,US Fund Small Growth,US Fund Small Growth
2026-02-28,LJ8YRDDP0,JDBYX,VANGUARD,VANGUARD Bond Fund INST,INST,Y,PCG,BROKERAGE,BROKERAGE,MASTERS,NON-RETIREMENT,P,N,4741235.69,4741235.69,4741235.69,11,Y,Y,Y,FSC4848373,Vanguard,US Fund High Yield Bond,US Fund High Yield Bond
2025-12-31,T7E8G8JDP,SIPNX,CAPITAL GROUP,CAPITAL GROUP Blend Fund A,A,Y,FINET,ADVISORY,ADVISORY,ASSET ADVISOR,SIM,P,N,3095409.28,3095409.28,3095409.28,42,Y,N,Y,FSUSAYANEZ,capital group,US Fund Foreign Large Blend,US Fund Foreign Large Blend
2025-11-30,3TV3I12VJ,ZZOUX,AMERICAN FUNDS,AMERICAN FUNDS Bond Fund A,A,Y,WFAS,ADVISORY,ADVISORY,PIM,IRA,P,Y,1349962.84,1349962.84,1349962.84,11,Y,Y,Y,FSUSA1CZS7,capital group,US Fund High Yield Bond,US Fund High Yield Bond
2025-04-30,WOCLYT8W5,MOQGX,T ROWE PRICE,T ROWE PRICE Blend Fund INST,INST,N,FCCS,ADVISORY,ADVISORY,BROKERAGE,QP,P,Y,3192125.61,3192125.61,3192125.61,31,Y,Y,N,FSINVVY2S9,T. Rowe Price,US Fund Large Blend,US Fund Large Blend
2025-06-30,4V30T9NT3,QWPSX,INVESCO,INVESCO Growth Fund C,C,Y,PCG,ADVISORY,ADVISORY,PIM,NON-RETIREMENT,S,N,4793715.74,-4793715.74,-4793715.74,7,Y,N,Y,FSCAP5YC33,Invesco,US Fund Small Growth,US Fund Small Growth
2026-01-31,2EK3ZEZQA,CGVOX,JPMORGAN,JPMORGAN Allocation Fund A,A,Y,WFAS,ADVISORY,ADVISORY,BROKERAGE,SEP,S,N,118914.71,-118914.71,-118914.71,44,Y,N,Y,FSUSAD1XUN,JPMorgan,US Fund Moderate Allocation,US Fund Moderate Allocation
2026-03-31,V1V93KMKZ,DBBHX,PIMCO,PIMCO Allocation Fund A,A,Y,FCCS,BROKERAGE,BROKERAGE,PIM,SIM,P,Y,3407457.96,3407457.96,3407457.96,22,Y,Y,N,FSC3796172,PIMCO,US Fund Moderate Allocation,US Fund Moderate Allocation
2026-03-31,JSG65KXVF,TOUNX,FIRST EAGLE,FIRST EAGLE Blend Fund INST,INST,Y,FINET,BROKERAGE,BROKERAGE,CUSTOMCHOICE,QP,S,N,3414525.94,-3414525.94,-3414525.94,32,Y,Y,Y,FSCAP4FGYV,First Eagle,US Fund Small Blend,US Fund Small Blend
2025-09-30,WOCLYT8W5,MOQGX,T ROWE PRICE,T ROWE PRICE Blend Fund INST,INST,Y,WBS,ADVISORY,ADVISORY,CUSTOMCHOICE,SEP,S,N,3987016.46,-3987016.46,-3987016.46,18,Y,Y,Y,FSINVVY2S9,T. Rowe Price,US Fund Large Blend,US Fund Large Blend
2025-05-31,6Q3XLRFCD,XISNX,VANGUARD,VANGUARD Allocation Fund INV,INV,Y,FCCS,ADVISORY,ADVISORY,ASSET ADVISOR,QP,S,N,4892429.56,-4892429.56,-4892429.56,24,Y,Y,N,FSUSAMIGJS,Vanguard,US Fund Tactical Allocation,US Fund Tactical Allocation
2025-08-31,T7E8G8JDP,SIPNX,CAPITAL GROUP,CAPITAL GROUP Blend Fund A,A,Y,FINET,ADVISORY,ADVISORY,PERSONALIZED UMA,SEP,P,N,4224255.8,4224255.8,4224255.8,44,Y,N,Y,FSUSAYANEZ,capital group,US Fund Foreign Large Blend,US Fund Foreign Large Blend
2025-12-31,C8D1WJCIT,EKRMX,FRANKLIN TEMPLETON,FRANKLIN TEMPLETON Estate Fund C,C,Y,PCG,ADVISORY,ADVISORY,FC/QC,IRA,S,N,40210.76,-40210.76,-40210.76,30,Y,Y,Y,FSC7392545,Franklin Templeton,US Fund Real Estate,US Fund Real Estate
2026-03-31,8MGYN2JCP,LZEHX,NUVEEN,NUVEEN Estate Fund A,A,Y,FCCS,ADVISORY,ADVISORY,FC/QC,SIM,S,N,546040.69,-546040.69,-546040.69,22,Y,Y,Y,FSCAP9SFEF,Nuveen,US Fund Real Estate,US Fund Real Estate
2025-12-31,QVNB4GH2M,WSHAX,NUVEEN,NUVEEN Growth Fund S,S,Y,FCCS,ADVISORY,ADVISORY,CUSTOMCHOICE,NON-RETIREMENT,S,N,572075.01,-572075.01,-572075.01,3,N,N,Y,FSCAPUT3V8,Nuveen,US Fund Small Growth,US Fund Small Growth
2026-01-31,HQIN9N6XC,HZYVX,MFS,MFS Blend Fund C,C,Y,FCCS,BROKERAGE,BROKERAGE,FC/QC,SEP,P,Y,2367311.49,2367311.49,2367311.49,12,Y,Y,Y,FSC8686926,MFS,US Fund Small Blend,US Fund Small Blend
2026-02-28,3NX39RBSV,WWLNX,CAPITAL GROUP,CAPITAL GROUP Growth Fund A,A,Y,PCG,BROKERAGE,BROKERAGE,BROKERAGE,IRA,S,N,4356510.0,-4356510.0,-4356510.0,28,Y,N,Y,FSINV8R1QP,capital group,US Fund Small Growth,US Fund Small Growth
2025-07-31,YYO4UDOJE,JTGJX,BLACKROCK,BLACKROCK Bond Fund INST,INST,Y,WBS,BROKERAGE,BROKERAGE,FC/QC,IRA,P,N,2677763.7,2677763.7,2677763.7,39,Y,N,Y,FSCAPSG2R8,BlackRock,US Fund Short-Term Bond,US Fund Short-Term Bond
2025-06-30,O4KH2VLPY,NUYTX,PIMCO,PIMCO Blend Fund A,A,Y,FINET,BROKERAGE,BROKERAGE,BROKERAGE,NON-RETIREMENT,S,N,4117607.36,-4117607.36,-4117607.36,10,Y,Y,Y,FSINVNDQ6K,PIMCO,US Fund Small Blend,US Fund Small Blend
2025-05-31,17MGFXC08,CNJLX,NUVEEN,NUVEEN Blend Fund INV,INV,Y,PCG,BROKERAGE,BROKERAGE,PERSONALIZED UMA,QP,P,N,18882.62,18882.62,18882.62,14,Y,Y,Y,FSUSALNO19,Nuveen,US Fund Small Blend,US Fund Small Blend
2025-10-31,WJCKJLTEI,SSBKX,FIRST EAGLE,FIRST EAGLE Blend Fund C,C,Y,WBS,BROKERAGE,BROKERAGE,BROKERAGE,SEP,P,N,1740753.73,1740753.73,1740753.73,2,Y,Y,N,FSC7422675,First Eagle,US Fund Small Blend,US Fund Small Blend
2025-12-31,3J2D54I3Q,HUFAX,NUVEEN,NUVEEN Value Fund INV,INV,N,WFAS,ADVISORY,ADVISORY,FC/QC,QP,P,N,4995241.32,4995241.32,4995241.32,22,Y,Y,Y,FSC8073988,Nuveen,US Fund Large Value,US Fund Large Value
2025-09-30,R7KO64T02,XMHMX,FRANKLIN TEMPLETON,FRANKLIN TEMPLETON Blend Fund C,C,Y,FINET,BROKERAGE,BROKERAGE,FC/QC,SEP,P,N,2714043.01,2714043.01,2714043.01,7,N,N,Y,FSC8379085,Franklin Templeton,US Fund Mid-Cap Blend,US Fund Mid-Cap Blend
2025-10-31,4FMYZYCWT,GMHYX,DWS FUNDS,DWS FUNDS Bond Fund A,A,Y,WBS,BROKERAGE,BROKERAGE,PERSONALIZED UMA,QP,S,N,518824.67,-518824.67,-518824.67,3,Y,N,Y,FSCAPZUVDG,DWS,US Fund High Yield Bond,US Fund High Yield Bond
2025-09-30,6Q3XLRFCD,XISNX,VANGUARD,VANGUARD Allocation Fund INV,INV,N,FCCS,ADVISORY,ADVISORY,PERSONALIZED UMA,SIM,P,N,978203.41,978203.41,978203.41,42,Y,N,Y,FSUSAMIGJS,Vanguard,US Fund Tactical Allocation,US Fund Tactical Allocation
2026-01-31,3TV3I12VJ,ZZOUX,AMERICAN FUNDS,AMERICAN FUNDS Bond Fund A,A,Y,WFAS,ADVISORY,ADVISORY,FC/QC,NON-RETIREMENT,P,N,1418380.31,1418380.31,1418380.31,27,Y,Y,Y,FSUSA1CZS7,capital group,US Fund High Yield Bond,US Fund High Yield Bond
2026-02-28,OQW9JA2M0,QUTIX,VANGUARD,VANGUARD Growth Fund C,C,Y,WBS,ADVISORY,ADVISORY,FC/QC,NON-RETIREMENT,S,N,1587696.08,-1587696.08,-1587696.08,26,Y,N,Y,FSCAP2IIZJ,Vanguard,US Fund Large Growth,US Fund Large Growth
2025-11-30,T7E8G8JDP,SIPNX,CAPITAL GROUP,CAPITAL GROUP Blend Fund A,A,Y,PCG,ADVISORY,ADVISORY,FUNDSOURCE,IRA,P,N,3640699.48,3640699.48,3640699.48,9,Y,Y,Y,FSUSAYANEZ,capital group,US Fund Foreign Large Blend,US Fund Foreign Large Blend
2026-02-28,BPLJD84U8,ZRHBX,PIMCO,PIMCO Blend Fund A,A,Y,WBS,ADVISORY,ADVISORY,CUSTOMCHOICE,IRA,P,N,4743527.17,4743527.17,4743527.17,35,Y,Y,Y,FSCAPPXIH2,PIMCO,US Fund Mid-Cap Blend,US Fund Mid-Cap Blend
2025-08-31,T7E8G8JDP,SIPNX,CAPITAL GROUP,CAPITAL GROUP Blend Fund A,A,Y,PCG,BROKERAGE,BROKERAGE,FUNDSOURCE,QP,S,N,3888059.95,-3888059.95,-3888059.95,47,Y,N,Y,FSUSAYANEZ,capital group,US Fund Foreign Large Blend,US Fund Foreign Large Blend
2025-05-31,IUC039TEX,YENPX,DWS FUNDS,DWS FUNDS Bond Fund A,A,N,WFAS,BROKERAGE,BROKERAGE,ASSET ADVISOR,SIM,P,Y,719275.76,719275.76,719275.76,8,Y,Y,N,FSUSA4DZT8,DWS,US Fund Multisector Bond,US Fund Multisector Bond
2025-02-28,HZIOYKL1C,LZZBX,FIRST EAGLE,FIRST EAGLE Bond Fund A,A,Y,WBS,ADVISORY,ADVISORY,BROKERAGE,SIM,P,N,1807305.89,1807305.89,1807305.89,41,Y,Y,Y,FSUSAMFLIX,First Eagle,US Fund Multisector Bond,US Fund Multisector Bond
2025-11-30,Y6B2KNFTU,UECWX,VANGUARD,VANGUARD Bond Fund INV,INV,N,PCG,ADVISORY,ADVISORY,BROKERAGE,IRA,S,N,4042841.0,-4042841.0,-4042841.0,23,Y,Y,Y,FSUSAF3MVF,Vanguard,US Fund Short-Term Bond,US Fund Short-Term Bond
2025-09-30,U7EEQTUL1,LVXLX,FIRST EAGLE,FIRST EAGLE Estate Fund INST,INST,Y,PCG,ADVISORY,ADVISORY,CUSTOMCHOICE,NON-RETIREMENT,S,N,4632952.6,-4632952.6,-4632952.6,8,Y,Y,Y,FSUSAS7SPG,First Eagle,US Fund Real Estate,US Fund Real Estate
2025-12-31,0CVS4F8CG,PRGDX,T ROWE PRICE,T ROWE PRICE Bond Fund C,C,Y,PCG,ADVISORY,ADVISORY,MASTERS,SIM,S,N,633337.95,-633337.95,-633337.95,32,Y,N,N,FSINV5AYKJ,T. Rowe Price,US Fund Short-Term Bond,US Fund Short-Term Bond
2025-03-31,WX7PTX63C,EHTOX,DWS FUNDS,DWS FUNDS Allocation Fund A,A,Y,PCG,BROKERAGE,BROKERAGE,MASTERS,NON-RETIREMENT,P,N,4230255.87,4230255.87,4230255.87,47,Y,N,Y,FSCAPPGOXS,DWS,US Fund Moderate Allocation,US Fund Moderate Allocation
2026-02-28,DMLY4LYK8,VOLIX,BLACKROCK,BLACKROCK Value Fund C,C,Y,PCG,ADVISORY,ADVISORY,ASSET ADVISOR,SIM,P,N,538241.78,538241.78,538241.78,3,N,Y,Y,FSINVW6LMH,BlackRock,US Fund Large Value,US Fund Large Value
2026-02-28,8HMBR5XQT,WLWSX,BLACKROCK,BLACKROCK Value Fund C,C,Y,PCG,ADVISORY,ADVISORY,PIM,SIM,S,N,4751915.22,-4751915.22,-4751915.22,23,Y,Y,Y,FSINVHB0YI,BlackRock,US Fund Large Value,US Fund Large Value
2026-01-31,O4KH2VLPY,NUYTX,PIMCO,PIMCO Blend Fund A,A,Y,PCG,BROKERAGE,BROKERAGE,PIM,NON-RETIREMENT,P,N,48660.18,48660.18,48660.18,25,Y,Y,Y,FSINVNDQ6K,PIMCO,US Fund Small Blend,US Fund Small Blend
2025-05-31,6RE4Q6QDY,VIJBX,T ROWE PRICE,T ROWE PRICE Blend Fund A,A,Y,WBS,BROKERAGE,BROKERAGE,FC/QC,SIM,S,N,4731382.17,-4731382.17,-4731382.17,21,Y,Y,Y,FSUSA99GZA,T. Rowe Price,US Fund Small Blend,US Fund Small Blend
2025-05-31,JSG65KXVF,TOUNX,FIRST EAGLE,FIRST EAGLE Blend Fund INST,INST,Y,PCG,ADVISORY,ADVISORY,BROKERAGE,SEP,P,N,620901.35,620901.35,620901.35,37,N,N,Y,FSCAP4FGYV,First Eagle,US Fund Small Blend,US Fund Small Blend
2025-01-31,8VMUHXID4,JTOUX,FRANKLIN TEMPLETON,FRANKLIN TEMPLETON Bond Fund INST,INST,Y,PCG,BROKERAGE,BROKERAGE,ASSET ADVISOR,SIM,S,Y,4590213.4,-4590213.4,-4590213.4,18,Y,Y,Y,FSINVCNRVP,Franklin Templeton,US Fund Intermediate Core Bond,US Fund Intermediate Core Bond
2025-08-31,Y6B2KNFTU,UECWX,VANGUARD,VANGUARD Bond Fund INV,INV,N,WFAS,ADVISORY,ADVISORY,ASSET ADVISOR,SEP,S,N,1966940.79,-1966940.79,-1966940.79,7,Y,Y,Y,FSUSAF3MVF,Vanguard,US Fund Short-Term Bond,US Fund Short-Term Bond
2025-06-30,4DPJA1WJ0,OLABX,PIMCO,PIMCO Bond Fund S,S,N,FINET,ADVISORY,ADVISORY,PIM,QP,S,N,3621404.67,-3621404.67,-3621404.67,45,Y,Y,Y,FSCAP7M9HW,PIMCO,US Fund Short-Term Bond,US Fund Short-Term Bond
2025-01-31,6246HID25,KQEYX,FIRST EAGLE,FIRST EAGLE Growth Fund INST,INST,N,WFAS,BROKERAGE,BROKERAGE,MASTERS,NON-RETIREMENT,S,N,375673.36,-375673.36,-375673.36,38,Y,Y,N,FSUSAUK54B,First Eagle,US Fund Small Growth,US Fund Small Growth
2026-03-31,KTSG7FXZV,VOVAX,CAPITAL GROUP,CAPITAL GROUP Bond Fund INST,INST,Y,WBS,BROKERAGE,BROKERAGE,FUNDSOURCE,QP,S,N,4477437.63,-4477437.63,-4477437.63,32,N,Y,Y,FSCAPU9MJ4,capital group,US Fund Intermediate Core Bond,US Fund Intermediate Core Bond
2025-02-28,2DHYLURTP,TISHX,CAPITAL GROUP,CAPITAL GROUP Growth Fund A,A,Y,WFAS,ADVISORY,ADVISORY,FUNDSOURCE,IRA,P,Y,1481522.82,1481522.82,1481522.82,32,Y,Y,Y,FSINVHRONH,capital group,US Fund Large Growth,US Fund Large Growth
2025-04-30,LFEWVZNVK,NLUCX,DWS FUNDS,DWS FUNDS Blend Fund INV,INV,Y,WBS,BROKERAGE,BROKERAGE,PIM,SEP,P,N,1702580.47,1702580.47,1702580.47,42,Y,Y,N,FSINVF3PFW,DWS,US Fund Large Blend,US Fund Large Blend
2026-03-31,2DHYLURTP,TISHX,CAPITAL GROUP,CAPITAL GROUP Growth Fund A,A,Y,WFAS,ADVISORY,ADVISORY,FUNDSOURCE,IRA,P,N,4875335.88,4875335.88,4875335.88,11,Y,N,Y,FSINVHRONH,capital group,US Fund Large Growth,US Fund Large Growth
2025-03-31,4DPJA1WJ0,OLABX,PIMCO,PIMCO Bond Fund S,S,Y,WBS,ADVISORY,ADVISORY,MASTERS,IRA,P,Y,536313.36,536313.36,536313.36,34,Y,Y,N,FSCAP7M9HW,PIMCO,US Fund Short-Term Bond,US Fund Short-Term Bond
2025-06-30,0CVS4F8CG,PRGDX,T ROWE PRICE,T ROWE PRICE Bond Fund C,C,Y,PCG,ADVISORY,ADVISORY,MASTERS,SEP,P,N,753524.92,753524.92,753524.92,42,Y,N,Y,FSINV5AYKJ,T. Rowe Price,US Fund Short-Term Bond,US Fund Short-Term Bond
2025-07-31,C8BBI4WIR,CYMGX,NUVEEN,NUVEEN Blend Fund A,A,N,PCG,ADVISORY,ADVISORY,BROKERAGE,NON-RETIREMENT,P,N,1379990.54,1379990.54,1379990.54,15,Y,N,Y,FSUSAGQ1Y8,Nuveen,US Fund Foreign Large Blend,US Fund Foreign Large Blend
2025-02-28,8J5ECRUYF,VYCGX,INVESCO,INVESCO Bond Fund INST,INST,Y,WBS,BROKERAGE,BROKERAGE,FC/QC,IRA,P,N,1377659.66,1377659.66,1377659.66,45,Y,Y,Y,FSINV30AHC,Invesco,US Fund High Yield Bond,US Fund High Yield Bond
2025-11-30,YYO4UDOJE,JTGJX,BLACKROCK,BLACKROCK Bond Fund INST,INST,Y,WBS,ADVISORY,ADVISORY,PERSONALIZED UMA,SEP,P,N,2981768.83,2981768.83,2981768.83,45,Y,Y,Y,FSCAPSG2R8,BlackRock,US Fund Short-Term Bond,US Fund Short-Term Bond
2025-06-30,6VXDP5GJL,LIWHX,FIDELITY,FIDELITY Bond Fund INST,INST,Y,PCG,ADVISORY,ADVISORY,CUSTOMCHOICE,SEP,S,Y,709597.36,-709597.36,-709597.36,11,Y,N,Y,FSINVQUXZJ,Fidelity,US Fund Intermediate Core Bond,US Fund Intermediate Core Bond
2025-10-31,UXLEZ896D,RNAIX,INVESCO,INVESCO Bond Fund A,A,Y,PCG,ADVISORY,ADVISORY,MASTERS,NON-RETIREMENT,P,N,4366156.08,4366156.08,4366156.08,11,Y,N,Y,FSC9366170,Invesco,US Fund Intermediate Core Bond,US Fund Intermediate Core Bond
2025-08-31,2960361I2,FEGTX,JPMORGAN,JPMORGAN Bond Fund A,A,Y,PCG,BROKERAGE,BROKERAGE,PERSONALIZED UMA,IRA,P,N,1754229.84,1754229.84,1754229.84,20,Y,N,Y,FSCAP0TE0V,JPMorgan,US Fund Multisector Bond,US Fund Multisector Bond
2025-08-31,QJIDKNWI5,EIPIX,JPMORGAN,JPMORGAN Allocation Fund INST,INST,Y,FCCS,ADVISORY,ADVISORY,FUNDSOURCE,NON-RETIREMENT,P,N,3429077.9,3429077.9,3429077.9,2,Y,N,N,FSCAPZ4DKB,JPMorgan,US Fund Tactical Allocation,US Fund Tactical Allocation
2025-04-30,HQIN9N6XC,HZYVX,MFS,MFS Blend Fund C,C,Y,FCCS,BROKERAGE,BROKERAGE,PERSONALIZED UMA,QP,S,N,969613.64,-969613.64,-969613.64,44,Y,Y,Y,FSC8686926,MFS,US Fund Small Blend,US Fund Small Blend
2025-05-31,BSWRPBJEK,WMAQX,JPMORGAN,JPMORGAN Growth Fund INV,INV,N,PCG,BROKERAGE,BROKERAGE,PERSONALIZED UMA,QP,P,N,2897794.4,2897794.4,2897794.4,23,Y,N,Y,FSINVVT0VG,JPMorgan,US Fund Large Growth,US Fund Large Growth
2025-08-31,O4KH2VLPY,NUYTX,PIMCO,PIMCO Blend Fund A,A,Y,PCG,ADVISORY,ADVISORY,PERSONALIZED UMA,SEP,S,N,2616169.25,-2616169.25,-2616169.25,19,Y,Y,Y,FSINVNDQ6K,PIMCO,US Fund Small Blend,US Fund Small Blend
2025-02-28,WK8R2YKCC,LMFPX,DWS FUNDS,DWS FUNDS Bond Fund INST,INST,Y,PCG,BROKERAGE,BROKERAGE,MASTERS,NON-RETIREMENT,P,N,1529454.59,1529454.59,1529454.59,19,Y,Y,N,FSCAPNRENH,DWS,US Fund High Yield Bond,US Fund High Yield Bond
2025-03-31,6RE4Q6QDY,VIJBX,T ROWE PRICE,T ROWE PRICE Blend Fund A,A,Y,WBS,BROKERAGE,BROKERAGE,ASSET ADVISOR,SEP,S,Y,3566128.9,-3566128.9,-3566128.9,31,Y,Y,Y,FSUSA99GZA,T. Rowe Price,US Fund Small Blend,US Fund Small Blend
2025-07-31,LFEWVZNVK,NLUCX,DWS FUNDS,DWS FUNDS Blend Fund INV,INV,Y,WBS,BROKERAGE,BROKERAGE,CUSTOMCHOICE,QP,P,N,4520862.04,4520862.04,4520862.04,21,Y,Y,Y,FSINVF3PFW,DWS,US Fund Large Blend,US Fund Large Blend
2025-03-31,WX7PTX63C,EHTOX,DWS FUNDS,DWS FUNDS Allocation Fund A,A,Y,FCCS,ADVISORY,ADVISORY,PERSONALIZED UMA,QP,P,N,998016.12,998016.12,998016.12,28,Y,Y,Y,FSCAPPGOXS,DWS,US Fund Moderate Allocation,US Fund Moderate Allocation
2026-03-31,2EK3ZEZQA,CGVOX,JPMORGAN,JPMORGAN Allocation Fund A,A,N,FCCS,ADVISORY,ADVISORY,PERSONALIZED UMA,IRA,S,N,1788116.18,-1788116.18,-1788116.18,2,N,Y,Y,FSUSAD1XUN,JPMorgan,US Fund Moderate Allocation,US Fund Moderate Allocation
2026-03-31,QT3WVEDN9,OJDPX,BLACKROCK,BLACKROCK Blend Fund A,A,Y,WBS,ADVISORY,ADVISORY,MASTERS,IRA,P,N,1213606.95,1213606.95,1213606.95,26,Y,Y,Y,FSINV1KDAD,BlackRock,US Fund Foreign Large Blend,US Fund Foreign Large Blend
2025-08-31,OQW9JA2M0,QUTIX,VANGUARD,VANGUARD Growth Fund C,C,Y,PCG,BROKERAGE,BROKERAGE,ASSET ADVISOR,SEP,S,N,423753.13,-423753.13,-423753.13,45,Y,Y,Y,FSCAP2IIZJ,Vanguard,US Fund Large Growth,US Fund Large Growth
2025-12-31,WC4RTWUZK,AJOEX,MFS,MFS Bond Fund C,C,Y,FCCS,ADVISORY,ADVISORY,CUSTOMCHOICE,NON-RETIREMENT,S,N,3508012.54,-3508012.54,-3508012.54,41,Y,Y,Y,FSUSAR848N,MFS,US Fund Multisector Bond,US Fund Multisector Bond
2026-01-31,VBDIVUZZP,LHWTX,VANGUARD,VANGUARD Growth Fund A,A,Y,FINET,ADVISORY,ADVISORY,ASSET ADVISOR,QP,P,Y,3439029.6,3439029.6,3439029.6,14,Y,Y,Y,FSCAP853QJ,Vanguard,US Fund Large Growth,US Fund Large Growth
2025-01-31,LJ8YRDDP0,JDBYX,VANGUARD,VANGUARD Bond Fund INST,INST,Y,PCG,ADVISORY,ADVISORY,MASTERS,QP,S,N,1499968.83,-1499968.83,-1499968.83,43,Y,Y,Y,FSC4848373,Vanguard,US Fund High Yield Bond,US Fund High Yield Bond
2025-03-31,6VXDP5GJL,LIWHX,FIDELITY,FIDELITY Bond Fund INST,INST,Y,WBS,BROKERAGE,BROKERAGE,PERSONALIZED UMA,SIM,S,N,3287498.08,-3287498.08,-3287498.08,43,Y,Y,Y,FSINVQUXZJ,Fidelity,US Fund Intermediate Core Bond,US Fund Intermediate Core Bond
2025-07-31,BSWRPBJEK,WMAQX,JPMORGAN,JPMORGAN Growth Fund INV,INV,Y,PCG,BROKERAGE,BROKERAGE,MASTERS,SIM,P,N,3999376.05,3999376.05,3999376.05,25,Y,Y,Y,FSINVVT0VG,JPMorgan,US Fund Large Growth,US Fund Large Growth
2025-08-31,SLWF90KM3,NSHVX,FIDELITY,FIDELITY Blend Fund A,A,N,FINET,ADVISORY,ADVISORY,MASTERS,IRA,P,N,4535338.65,4535338.65,4535338.65,23,Y,N,Y,FSUSA4BHGL,Fidelity,US Fund Small Blend,US Fund Small Blend
2025-07-31,7BH25LLO3,MAQHX,DWS FUNDS,DWS FUNDS Bond Fund C,C,Y,WBS,BROKERAGE,BROKERAGE,PERSONALIZED UMA,NON-RETIREMENT,P,N,872897.15,872897.15,872897.15,49,Y,N,Y,FSC8694117,DWS,US Fund Intermediate Core Bond,US Fund Intermediate Core Bond
2025-07-31,ST0SX5WVF,ESQXX,CAPITAL GROUP,CAPITAL GROUP Bond Fund INST,INST,Y,WBS,BROKERAGE,BROKERAGE,MASTERS,NON-RETIREMENT,S,N,3029406.07,-3029406.07,-3029406.07,38,N,Y,Y,FSINV6Z5AS,capital group,US Fund Intermediate Core Bond,US Fund Intermediate Core Bond
2025-02-28,8VMUHXID4,JTOUX,FRANKLIN TEMPLETON,FRANKLIN TEMPLETON Bond Fund INST,INST,Y,PCG,ADVISORY,ADVISORY,PERSONALIZED UMA,SEP,P,N,4260229.91,4260229.91,4260229.91,50,Y,N,Y,FSINVCNRVP,Franklin Templeton,US Fund Intermediate Core Bond,US Fund Intermediate Core Bond
2025-12-31,R7KO64T02,XMHMX,FRANKLIN TEMPLETON,FRANKLIN TEMPLETON Blend Fund C,C,Y,FINET,ADVISORY,ADVISORY,ASSET ADVISOR,IRA,S,N,3779191.46,-3779191.46,-3779191.46,5,Y,Y,Y,FSC8379085,Franklin Templeton,US Fund Mid-Cap Blend,US Fund Mid-Cap Blend
2026-03-31,JH75LXO6Q,GGOGX,MFS,MFS Blend Fund A,A,Y,FINET,ADVISORY,ADVISORY,FUNDSOURCE,NON-RETIREMENT,P,N,538751.2,538751.2,538751.2,29,Y,Y,Y,FSCAPUR81B,MFS,US Fund Small Blend,US Fund Small Blend
2026-02-28,EAL2W37D4,GPNKX,FIDELITY,FIDELITY Blend Fund C,C,Y,FCCS,ADVISORY,ADVISORY,ASSET ADVISOR,NON-RETIREMENT,P,Y,3950126.09,3950126.09,3950126.09,9,Y,Y,Y,FSUSAVKKPF,Fidelity,US Fund Large Blend,US Fund Large Blend
2026-02-28,B5M9J98CW,JURYX,AMERICAN FUNDS,AMERICAN FUNDS Growth Fund A,A,Y,FINET,BROKERAGE,BROKERAGE,PERSONALIZED UMA,NON-RETIREMENT,P,N,926929.13,926929.13,926929.13,37,Y,Y,Y,FSCAPBLFOC,capital group,US Fund Large Growth,US Fund Large Growth
2026-02-28,6RE4Q6QDY,VIJBX,T ROWE PRICE,T ROWE PRICE Blend Fund A,A,Y,PCG,ADVISORY,ADVISORY,ASSET ADVISOR,NON-RETIREMENT,P,N,336239.82,336239.82,336239.82,20,Y,Y,Y,FSUSA99GZA,T. Rowe Price,US Fund Small Blend,US Fund Small Blend
2025-06-30,B5M9J98CW,JURYX,AMERICAN FUNDS,AMERICAN FUNDS Growth Fund A,A,Y,PCG,BROKERAGE,BROKERAGE,PIM,IRA,P,N,4106728.36,4106728.36,4106728.36,11,N,Y,Y,FSCAPBLFOC,capital group,US Fund Large Growth,US Fund Large Growth
2026-03-31,OQW9JA2M0,QUTIX,VANGUARD,VANGUARD Growth Fund C,C,Y,WFAS,ADVISORY,ADVISORY,PERSONALIZED UMA,SEP,S,N,1561540.49,-1561540.49,-1561540.49,3,Y,Y,Y,FSCAP2IIZJ,Vanguard,US Fund Large Growth,US Fund Large Growth
2025-03-31,CATVAZCCB,INHMX,CAPITAL GROUP,CAPITAL GROUP Blend Fund INST,INST,Y,FCCS,BROKERAGE,BROKERAGE,BROKERAGE,NON-RETIREMENT,P,N,4083903.51,4083903.51,4083903.51,37,Y,N,Y,FSC7363842,capital group,US Fund Small Blend,US Fund Small Blend
2025-06-30,4FFYVNVQJ,OYRCX,LORD ABBETT,LORD ABBETT Blend Fund INST,INST,Y,PCG,BROKERAGE,BROKERAGE,PERSONALIZED UMA,NON-RETIREMENT,S,N,4749563.96,-4749563.96,-4749563.96,3,Y,Y,Y,FSINVDZ4HR,Lord Abbett,US Fund Foreign Large Blend,US Fund Foreign Large Blend
2025-07-31,YYO4UDOJE,JTGJX,BLACKROCK,BLACKROCK Bond Fund INST,INST,Y,FCCS,ADVISORY,ADVISORY,BROKERAGE,NON-RETIREMENT,P,N,3907818.42,3907818.42,3907818.42,25,Y,N,Y,FSCAPSG2R8,BlackRock,US Fund Short-Term Bond,US Fund Short-Term Bond
2025-07-31,IUC039TEX,YENPX,DWS FUNDS,DWS FUNDS Bond Fund A,A,Y,PCG,ADVISORY,ADVISORY,PERSONALIZED UMA,IRA,S,N,3477354.94,-3477354.94,-3477354.94,24,Y,Y,N,FSUSA4DZT8,DWS,US Fund Multisector Bond,US Fund Multisector Bond
2025-04-30,8J5ECRUYF,VYCGX,INVESCO,INVESCO Bond Fund INST,INST,Y,WFAS,BROKERAGE,BROKERAGE,BROKERAGE,IRA,P,N,50743.23,50743.23,50743.23,16,Y,Y,Y,FSINV30AHC,Invesco,US Fund High Yield Bond,US Fund High Yield Bond
2025-05-31,6VXDP5GJL,LIWHX,FIDELITY,FIDELITY Bond Fund INST,INST,Y,PCG,ADVISORY,ADVISORY,FC/QC,SIM,P,N,1748662.49,1748662.49,1748662.49,43,Y,Y,Y,FSINVQUXZJ,Fidelity,US Fund Intermediate Core Bond,US Fund Intermediate Core Bond
2025-12-31,EDFQS3D63,XYKKX,INVESCO,INVESCO Allocation Fund A,A,Y,FINET,ADVISORY,ADVISORY,PIM,QP,S,N,1785113.09,-1785113.09,-1785113.09,42,Y,N,Y,FSC8043975,Invesco,US Fund Tactical Allocation,US Fund Tactical Allocation
2025-09-30,B5M9J98CW,JURYX,AMERICAN FUNDS,AMERICAN FUNDS Growth Fund A,A,N,WBS,BROKERAGE,BROKERAGE,ASSET ADVISOR,NON-RETIREMENT,P,N,1733503.95,1733503.95,1733503.95,34,Y,N,Y,FSCAPBLFOC,capital group,US Fund Large Growth,US Fund Large Growth
2025-12-31,3TV3I12VJ,ZZOUX,AMERICAN FUNDS,AMERICAN FUNDS Bond Fund A,A,Y,FINET,BROKERAGE,BROKERAGE,PERSONALIZED UMA,IRA,S,N,710235.18,-710235.18,-710235.18,3,Y,Y,Y,FSUSA1CZS7,capital group,US Fund High Yield Bond,US Fund High Yield Bond
2025-01-31,0CVS4F8CG,PRGDX,T ROWE PRICE,T ROWE PRICE Bond Fund C,C,Y,PCG,BROKERAGE,BROKERAGE,BROKERAGE,NON-RETIREMENT,P,N,3048933.75,3048933.75,3048933.75,12,Y,Y,Y,FSINV5AYKJ,T. Rowe Price,US Fund Short-Term Bond,US Fund Short-Term Bond
2025-09-30,4FFYVNVQJ,OYRCX,LORD ABBETT,LORD ABBETT Blend Fund INST,INST,Y,PCG,BROKERAGE,BROKERAGE,MASTERS,QP,S,N,4686150.83,-4686150.83,-4686150.83,2,Y,N,Y,FSINVDZ4HR,Lord Abbett,US Fund Foreign Large Blend,US Fund Foreign Large Blend
2026-01-31,1KERPETIU,RJKTX,VANGUARD,VANGUARD Bond Fund A,A,Y,PCG,ADVISORY,ADVISORY,MASTERS,QP,S,Y,3677204.73,-3677204.73,-3677204.73,37,Y,N,Y,FSINVZ17YR,Vanguard,US Fund Short-Term Bond,US Fund Short-Term Bond
2025-08-31,S0R2SDS8B,UWNLX,AMERICAN FUNDS,AMERICAN FUNDS Bond Fund INST,INST,N,WFAS,ADVISORY,ADVISORY,MASTERS,IRA,S,Y,4623343.36,-4623343.36,-4623343.36,50,Y,Y,Y,FSC0723107,capital group,US Fund High Yield Bond,US Fund High Yield Bond
2025-05-31,QT3WVEDN9,OJDPX,BLACKROCK,BLACKROCK Blend Fund A,A,Y,FINET,BROKERAGE,BROKERAGE,ASSET ADVISOR,SEP,P,N,3296320.1,3296320.1,3296320.1,21,Y,N,Y,FSINV1KDAD,BlackRock,US Fund Foreign Large Blend,US Fund Foreign Large Blend
2025-08-31,4FMYZYCWT,GMHYX,DWS FUNDS,DWS FUNDS Bond Fund A,A,Y,WBS,BROKERAGE,BROKERAGE,FC/QC,IRA,P,N,185500.31,185500.31,185500.31,6,Y,Y,Y,FSCAPZUVDG,DWS,US Fund High Yield Bond,US Fund High Yield Bond
2025-08-31,MO5BXXC02,CENDX,FRANKLIN TEMPLETON,FRANKLIN TEMPLETON Value Fund INST,INST,Y,PCG,BROKERAGE,BROKERAGE,CUSTOMCHOICE,NON-RETIREMENT,P,N,3830001.16,3830001.16,3830001.16,42,Y,Y,Y,FSINV8HE3N,Franklin Templeton,US Fund Large Value,US Fund Large Value
2026-02-28,2EK3ZEZQA,CGVOX,JPMORGAN,JPMORGAN Allocation Fund A,A,Y,FCCS,ADVISORY,ADVISORY,MASTERS,SEP,P,N,1587013.51,1587013.51,1587013.51,23,Y,Y,Y,FSUSAD1XUN,JPMorgan,US Fund Moderate Allocation,US Fund Moderate Allocation
2025-02-28,4DPJA1WJ0,OLABX,PIMCO,PIMCO Bond Fund S,S,Y,WBS,ADVISORY,ADVISORY,FC/QC,IRA,P,Y,566356.23,566356.23,566356.23,19,Y,Y,Y,FSCAP7M9HW,PIMCO,US Fund Short-Term Bond,US Fund Short-Term Bond
2025-07-31,2960361I2,FEGTX,JPMORGAN,JPMORGAN Bond Fund A,A,Y,PCG,ADVISORY,ADVISORY,PIM,IRA,S,N,1873890.68,-1873890.68,-1873890.68,10,Y,Y,Y,FSCAP0TE0V,JPMorgan,US Fund Multisector Bond,US Fund Multisector Bond
2025-09-30,Y6B2KNFTU,UECWX,VANGUARD,VANGUARD Bond Fund INV,INV,Y,FCCS,BROKERAGE,BROKERAGE,FC/QC,QP,S,N,3710346.06,-3710346.06,-3710346.06,47,Y,N,Y,FSUSAF3MVF,Vanguard,US Fund Short-Term Bond,US Fund Short-Term Bond
2026-03-31,4874FRHOC,JZGUX,INVESCO,INVESCO Bond Fund C,C,Y,FINET,BROKERAGE,BROKERAGE,ASSET ADVISOR,QP,S,N,2827229.22,-2827229.22,-2827229.22,39,Y,Y,Y,FSUSAFVJ1Z,Invesco,US Fund Short-Term Bond,US Fund Short-Term Bond
2025-04-30,DMLY4LYK8,VOLIX,BLACKROCK,BLACKROCK Value Fund C,C,Y,WFAS,ADVISORY,ADVISORY,PIM,NON-RETIREMENT,S,N,1465680.01,-1465680.01,-1465680.01,48,N,Y,Y,FSINVW6LMH,BlackRock,US Fund Large Value,US Fund Large Value
2025-06-30,17MGFXC08,CNJLX,NUVEEN,NUVEEN Blend Fund INV,INV,Y,WBS,ADVISORY,ADVISORY,FUNDSOURCE,SIM,P,Y,2802505.42,2802505.42,2802505.42,15,Y,N,Y,FSUSALNO19,Nuveen,US Fund Small Blend,US Fund Small Blend
2025-04-30,8MGYN2JCP,LZEHX,NUVEEN,NUVEEN Estate Fund A,A,Y,PCG,ADVISORY,ADVISORY,MASTERS,SEP,S,N,2038383.39,-2038383.39,-2038383.39,6,Y,Y,Y,FSCAP9SFEF,Nuveen,US Fund Real Estate,US Fund Real Estate
2025-11-30,EDFQS3D63,XYKKX,INVESCO,INVESCO Allocation Fund A,A,Y,PCG,ADVISORY,ADVISORY,FC/QC,SEP,S,N,990922.03,-990922.03,-990922.03,46,Y,N,Y,FSC8043975,Invesco,US Fund Tactical Allocation,US Fund Tactical Allocation
2026-02-28,4FFYVNVQJ,OYRCX,LORD ABBETT,LORD ABBETT Blend Fund INST,INST,Y,WFAS,ADVISORY,ADVISORY,FC/QC,SIM,P,N,3450387.8,3450387.8,3450387.8,26,Y,Y,Y,FSINVDZ4HR,Lord Abbett,US Fund Foreign Large Blend,US Fund Foreign Large Blend
2026-03-31,DK0GET8T6,VGVMX,BLACKROCK,BLACKROCK Bond Fund INST,INST,N,FINET,ADVISORY,ADVISORY,ASSET ADVISOR,SEP,S,N,1683534.09,-1683534.09,-1683534.09,27,Y,N,Y,FSC6963457,BlackRock,US Fund High Yield Bond,US Fund High Yield Bond
2025-12-31,ST0SX5WVF,ESQXX,CAPITAL GROUP,CAPITAL GROUP Bond Fund INST,INST,Y,FCCS,BROKERAGE,BROKERAGE,ASSET ADVISOR,NON-RETIREMENT,P,N,917662.17,917662.17,917662.17,38,Y,Y,Y,FSINV6Z5AS,capital group,US Fund Intermediate Core Bond,US Fund Intermediate Core Bond
2025-08-31,TC89K8YQK,ZWCJX,LORD ABBETT,LORD ABBETT Bond Fund A,A,Y,PCG,BROKERAGE,BROKERAGE,PERSONALIZED UMA,SEP,P,N,3612804.66,3612804.66,3612804.66,34,Y,Y,N,FSC2646842,Lord Abbett,US Fund High Yield Bond,US Fund High Yield Bond
2025-05-31,1KERPETIU,RJKTX,VANGUARD,VANGUARD Bond Fund A,A,Y,WFAS,ADVISORY,ADVISORY,FUNDSOURCE,SIM,P,N,1593232.22,1593232.22,1593232.22,37,Y,Y,Y,FSINVZ17YR,Vanguard,US Fund Short-Term Bond,US Fund Short-Term Bond
2025-02-28,WJCKJLTEI,SSBKX,FIRST EAGLE,FIRST EAGLE Blend Fund C,C,Y,FCCS,ADVISORY,ADVISORY,MASTERS,QP,P,N,2433435.31,2433435.31,2433435.31,15,Y,Y,Y,FSC7422675,First Eagle,US Fund Small Blend,US Fund Small Blend
2026-01-31,WC4RTWUZK,AJOEX,MFS,MFS Bond Fund C,C,Y,WBS,BROKERAGE,BROKERAGE,FUNDSOURCE,IRA,P,Y,2992158.5,2992158.5,2992158.5,2,Y,Y,N,FSUSAR848N,MFS,US Fund Multisector Bond,US Fund Multisector Bond
2025-12-31,1KERPETIU,RJKTX,VANGUARD,VANGUARD Bond Fund A,A,Y,FINET,BROKERAGE,BROKERAGE,ASSET ADVISOR,SIM,P,N,631330.43,631330.43,631330.43,32,Y,N,N,FSINVZ17YR,Vanguard,US Fund Short-Term Bond,US Fund Short-Term Bond
2025-06-30,6246HID25,KQEYX,FIRST EAGLE,FIRST EAGLE Growth Fund INST,INST,Y,PCG,ADVISORY,ADVISORY,PIM,SEP,S,N,3721515.54,-3721515.54,-3721515.54,48,Y,N,Y,FSUSAUK54B,First Eagle,US Fund Small Growth,US Fund Small Growth
2026-03-31,Y6B2KNFTU,UECWX,VANGUARD,VANGUARD Bond Fund INV,INV,Y,PCG,BROKERAGE,BROKERAGE,BROKERAGE,IRA,S,N,2167171.43,-2167171.43,-2167171.43,38,Y,N,Y,FSUSAF3MVF,Vanguard,US Fund Short-Term Bond,US Fund Short-Term Bond
2025-08-31,BPLJD84U8,ZRHBX,PIMCO,PIMCO Blend Fund A,A,Y,PCG,ADVISORY,ADVISORY,ASSET ADVISOR,QP,P,N,4069437.32,4069437.32,4069437.32,48,Y,Y,Y,FSCAPPXIH2,PIMCO,US Fund Mid-Cap Blend,US Fund Mid-Cap Blend
2025-04-30,QT3WVEDN9,OJDPX,BLACKROCK,BLACKROCK Blend Fund A,A,Y,FINET,BROKERAGE,BROKERAGE,FUNDSOURCE,SEP,S,N,194544.24,-194544.24,-194544.24,43,N,N,N,FSINV1KDAD,BlackRock,US Fund Foreign Large Blend,US Fund Foreign Large Blend
2025-11-30,3KKV9RFTM,OOLIX,FRANKLIN TEMPLETON,FRANKLIN TEMPLETON Growth Fund INST,INST,Y,WBS,ADVISORY,ADVISORY,ASSET ADVISOR,NON-RETIREMENT,P,N,3983832.51,3983832.51,3983832.51,49,Y,Y,Y,FSUSA9SEXI,Franklin Templeton,US Fund Small Growth,US Fund Small Growth
2025-11-30,C8D1WJCIT,EKRMX,FRANKLIN TEMPLETON,FRANKLIN TEMPLETON Estate Fund C,C,Y,PCG,BROKERAGE,BROKERAGE,FC/QC,NON-RETIREMENT,P,N,881384.1,881384.1,881384.1,31,Y,N,Y,FSC7392545,Franklin Templeton,US Fund Real Estate,US Fund Real Estate
2025-01-31,8J5ECRUYF,VYCGX,INVESCO,INVESCO Bond Fund INST,INST,Y,PCG,BROKERAGE,BROKERAGE,PIM,SEP,P,N,2537683.27,2537683.27,2537683.27,27,Y,Y,Y,FSINV30AHC,Invesco,US Fund High Yield Bond,US Fund High Yield Bond
2025-05-31,IUC039TEX,YENPX,DWS FUNDS,DWS FUNDS Bond Fund A,A,Y,WBS,ADVISORY,ADVISORY,FUNDSOURCE,QP,P,N,1095131.5,1095131.5,1095131.5,35,Y,Y,N,FSUSA4DZT8,DWS,US Fund Multisector Bond,US Fund Multisector Bond
2025-10-31,QT3WVEDN9,OJDPX,BLACKROCK,BLACKROCK Blend Fund A,A,N,WFAS,BROKERAGE,BROKERAGE,ASSET ADVISOR,SEP,P,Y,3025003.55,3025003.55,3025003.55,50,Y,Y,Y,FSINV1KDAD,BlackRock,US Fund Foreign Large Blend,US Fund Foreign Large Blend
2025-06-30,RPN6QFGSX,QXUMX,LORD ABBETT,LORD ABBETT Estate Fund A,A,N,FINET,ADVISORY,ADVISORY,MASTERS,NON-RETIREMENT,P,N,4926093.88,4926093.88,4926093.88,22,Y,Y,Y,FSINVN2N0F,Lord Abbett,US Fund Real Estate,US Fund Real Estate
2025-01-31,4V30T9NT3,QWPSX,INVESCO,INVESCO Growth Fund C,C,Y,WFAS,ADVISORY,ADVISORY,BROKERAGE,NON-RETIREMENT,S,N,3775731.5,-3775731.5,-3775731.5,2,Y,N,Y,FSCAP5YC33,Invesco,US Fund Small Growth,US Fund Small Growth
2025-12-31,DMLY4LYK8,VOLIX,BLACKROCK,BLACKROCK Value Fund C,C,Y,FINET,ADVISORY,ADVISORY,MASTERS,IRA,P,N,3920376.03,3920376.03,3920376.03,33,Y,N,Y,FSINVW6LMH,BlackRock,US Fund Large Value,US Fund Large Value
2025-12-31,4V30T9NT3,QWPSX,INVESCO,INVESCO Growth Fund C,C,Y,WFAS,BROKERAGE,BROKERAGE,FUNDSOURCE,QP,S,N,3024556.87,-3024556.87,-3024556.87,21,Y,N,Y,FSCAP5YC33,Invesco,US Fund Small Growth,US Fund Small Growth
2025-04-30,6Q3XLRFCD,XISNX,VANGUARD,VANGUARD Allocation Fund INV,INV,Y,WBS,ADVISORY,ADVISORY,FUNDSOURCE,SIM,P,N,4846327.31,4846327.31,4846327.31,31,Y,N,Y,FSUSAMIGJS,Vanguard,US Fund Tactical Allocation,US Fund Tactical Allocation
2025-01-31,S0R2SDS8B,UWNLX,AMERICAN FUNDS,AMERICAN FUNDS Bond Fund INST,INST,Y,FINET,BROKERAGE,BROKERAGE,PERSONALIZED UMA,NON-RETIREMENT,S,N,3637923.49,-3637923.49,-3637923.49,2,Y,Y,Y,FSC0723107,capital group,US Fund High Yield Bond,US Fund High Yield Bond
2025-02-28,E2ATN2TWD,IZSNX,FRANKLIN TEMPLETON,FRANKLIN TEMPLETON Bond Fund INST,INST,Y,PCG,BROKERAGE,BROKERAGE,CUSTOMCHOICE,NON-RETIREMENT,S,N,1662511.16,-1662511.16,-1662511.16,32,Y,Y,Y,FSC7967512,Franklin Templeton,US Fund Short-Term Bond,US Fund Short-Term Bond
2025-09-30,UXLEZ896D,RNAIX,INVESCO,INVESCO Bond Fund A,A,Y,PCG,BROKERAGE,BROKERAGE,MASTERS,SEP,S,N,2833412.71,-2833412.71,-2833412.71,3,Y,Y,Y,FSC9366170,Invesco,US Fund Intermediate Core Bond,US Fund Intermediate Core Bond
2025-05-31,VBDIVUZZP,LHWTX,VANGUARD,VANGUARD Growth Fund A,A,Y,PCG,ADVISORY,ADVISORY,FUNDSOURCE,SEP,S,N,3775312.13,-3775312.13,-3775312.13,31,Y,N,N,FSCAP853QJ,Vanguard,US Fund Large Growth,US Fund Large Growth
2026-03-31,0CVS4F8CG,PRGDX,T ROWE PRICE,T ROWE PRICE Bond Fund C,C,Y,PCG,BROKERAGE,BROKERAGE,ASSET ADVISOR,NON-RETIREMENT,P,N,3496428.19,3496428.19,3496428.19,8,Y,Y,Y,FSINV5AYKJ,T. Rowe Price,US Fund Short-Term Bond,US Fund Short-Term Bond
2025-08-31,7BH25LLO3,MAQHX,DWS FUNDS,DWS FUNDS Bond Fund C,C,Y,PCG,ADVISORY,ADVISORY,MASTERS,SEP,P,N,4371138.13,4371138.13,4371138.13,40,Y,Y,Y,FSC8694117,DWS,US Fund Intermediate Core Bond,US Fund Intermediate Core Bond
2025-09-30,3KKV9RFTM,OOLIX,FRANKLIN TEMPLETON,FRANKLIN TEMPLETON Growth Fund INST,INST,Y,FINET,ADVISORY,ADVISORY,PERSONALIZED UMA,SIM,S,N,4014167.23,-4014167.23,-4014167.23,22,Y,N,N,FSUSA9SEXI,Franklin Templeton,US Fund Small Growth,US Fund Small Growth
2025-03-31,0YNCXLL4Z,HIKKX,FIDELITY,FIDELITY Bond Fund A,A,Y,PCG,ADVISORY,ADVISORY,ASSET ADVISOR,IRA,P,Y,4147125.38,4147125.38,4147125.38,13,Y,Y,Y,FSUSAP0XJP,Fidelity,US Fund Multisector Bond,US Fund Multisector Bond
2025-01-31,ZW9XA3KX7,DDCOX,CAPITAL GROUP,CAPITAL GROUP Blend Fund A,A,N,WFAS,BROKERAGE,BROKERAGE,PIM,IRA,S,Y,2972475.08,-2972475.08,-2972475.08,18,Y,N,Y,FSCAPVVD5U,capital group,US Fund Small Blend,US Fund Small Blend
2025-06-30,WOCLYT8W5,MOQGX,T ROWE PRICE,T ROWE PRICE Blend Fund INST,INST,Y,FINET,ADVISORY,ADVISORY,ASSET ADVISOR,QP,S,N,2016640.16,-2016640.16,-2016640.16,47,Y,Y,Y,FSINVVY2S9,T. Rowe Price,US Fund Large Blend,US Fund Large Blend
2026-01-31,T7E8G8JDP,SIPNX,CAPITAL GROUP,CAPITAL GROUP Blend Fund A,A,Y,WFAS,ADVISORY,ADVISORY,MASTERS,QP,P,N,3224328.23,3224328.23,3224328.23,31,Y,Y,Y,FSUSAYANEZ,capital group,US Fund Foreign Large Blend,US Fund Foreign Large Blend
2025-02-28,QVNB4GH2M,WSHAX,NUVEEN,NUVEEN Growth Fund S,S,Y,PCG,ADVISORY,ADVISORY,ASSET ADVISOR,IRA,S,Y,3074811.01,-3074811.01,-3074811.01,29,Y,Y,Y,FSCAPUT3V8,Nuveen,US Fund Small Growth,US Fund Small Growth
2025-04-30,3J2D54I3Q,HUFAX,NUVEEN,NUVEEN Value Fund INV,INV,Y,PCG,ADVISORY,ADVISORY,PIM,QP,P,N,1886859.1,1886859.1,1886859.1,39,Y,N,N,FSC8073988,Nuveen,US Fund Large Value,US Fund Large Value
2025-12-31,BSWRPBJEK,WMAQX,JPMORGAN,JPMORGAN Growth Fund INV,INV,Y,PCG,BROKERAGE,BROKERAGE,ASSET ADVISOR,QP,P,N,2186497.59,2186497.59,2186497.59,42,Y,Y,Y,FSINVVT0VG,JPMorgan,US Fund Large Growth,US Fund Large Growth
2026-01-31,N1YBWMLUN,GWZPX,INVESCO,INVESCO Blend Fund A,A,Y,FCCS,ADVISORY,ADVISORY,FUNDSOURCE,SIM,S,N,3642593.27,-3642593.27,-3642593.27,48,N,Y,Y,FSINVZILDX,Invesco,US Fund Large Blend,US Fund Large Blend
2025-01-31,C8BBI4WIR,CYMGX,NUVEEN,NUVEEN Blend Fund A,A,Y,WBS,BROKERAGE,BROKERAGE,BROKERAGE,QP,P,N,1642593.5,1642593.5,1642593.5,42,Y,Y,Y,FSUSAGQ1Y8,Nuveen,US Fund Foreign Large Blend,US Fund Foreign Large Blend
2025-05-31,WX7PTX63C,EHTOX,DWS FUNDS,DWS FUNDS Allocation Fund A,A,Y,FCCS,BROKERAGE,BROKERAGE,PERSONALIZED UMA,SIM,S,N,4855717.9,-4855717.9,-4855717.9,48,Y,N,N,FSCAPPGOXS,DWS,US Fund Moderate Allocation,US Fund Moderate Allocation
2025-06-30,4FFYVNVQJ,OYRCX,LORD ABBETT,LORD ABBETT Blend Fund INST,INST,Y,WFAS,BROKERAGE,BROKERAGE,CUSTOMCHOICE,IRA,P,N,4471378.54,4471378.54,4471378.54,8,Y,Y,Y,FSINVDZ4HR,Lord Abbett,US Fund Foreign Large Blend,US Fund Foreign Large Blend
2026-02-28,ZW9XA3KX7,DDCOX,CAPITAL GROUP,CAPITAL GROUP Blend Fund A,A,N,PCG,BROKERAGE,BROKERAGE,PIM,NON-RETIREMENT,P,N,4917025.44,4917025.44,4917025.44,38,Y,Y,Y,FSCAPVVD5U,capital group,US Fund Small Blend,US Fund Small Blend
2025-07-31,8VMUHXID4,JTOUX,FRANKLIN TEMPLETON,FRANKLIN TEMPLETON Bond Fund INST,INST,Y,WBS,BROKERAGE,BROKERAGE,MASTERS,IRA,S,Y,3348371.05,-3348371.05,-3348371.05,3,Y,Y,Y,FSINVCNRVP,Franklin Templeton,US Fund Intermediate Core Bond,US Fund Intermediate Core Bond
2025-11-30,R7KO64T02,XMHMX,FRANKLIN TEMPLETON,FRANKLIN TEMPLETON Blend Fund C,C,Y,PCG,ADVISORY,ADVISORY,PIM,SIM,S,Y,4189379.56,-4189379.56,-4189379.56,45,Y,N,Y,FSC8379085,Franklin Templeton,US Fund Mid-Cap Blend,US Fund Mid-Cap Blend
2025-03-31,HZIOYKL1C,LZZBX,FIRST EAGLE,FIRST EAGLE Bond Fund A,A,Y,WFAS,BROKERAGE,BROKERAGE,BROKERAGE,NON-RETIREMENT,S,N,928701.62,-928701.62,-928701.62,30,Y,N,Y,FSUSAMFLIX,First Eagle,US Fund Multisector Bond,US Fund Multisector Bond
2025-12-31,C8BBI4WIR,CYMGX,NUVEEN,NUVEEN Blend Fund A,A,Y,PCG,BROKERAGE,BROKERAGE,CUSTOMCHOICE,QP,S,Y,664107.71,-664107.71,-664107.71,15,Y,Y,Y,FSUSAGQ1Y8,Nuveen,US Fund Foreign Large Blend,US Fund Foreign Large Blend
2025-05-31,3KKV9RFTM,OOLIX,FRANKLIN TEMPLETON,FRANKLIN TEMPLETON Growth Fund INST,INST,Y,PCG,ADVISORY,ADVISORY,PERSONALIZED UMA,NON-RETIREMENT,S,N,1323093.44,-1323093.44,-1323093.44,38,Y,Y,Y,FSUSA9SEXI,Franklin Templeton,US Fund Small Growth,US Fund Small Growth
2025-06-30,EAL2W37D4,GPNKX,FIDELITY,FIDELITY Blend Fund C,C,Y,FCCS,ADVISORY,ADVISORY,MASTERS,IRA,S,N,3410247.78,-3410247.78,-3410247.78,14,Y,Y,Y,FSUSAVKKPF,Fidelity,US Fund Large Blend,US Fund Large Blend
2025-09-30,6246HID25,KQEYX,FIRST EAGLE,FIRST EAGLE Growth Fund INST,INST,N,PCG,ADVISORY,ADVISORY,FC/QC,QP,S,Y,932534.34,-932534.34,-932534.34,21,Y,Y,N,FSUSAUK54B,First Eagle,US Fund Small Growth,US Fund Small Growth
2025-03-31,4V30T9NT3,QWPSX,INVESCO,INVESCO Growth Fund C,C,Y,FCCS,ADVISORY,ADVISORY,MASTERS,NON-RETIREMENT,P,N,1673895.03,1673895.03,1673895.03,12,Y,Y,Y,FSCAP5YC33,Invesco,US Fund Small Growth,US Fund Small Growth
2025-10-31,WK8R2YKCC,LMFPX,DWS FUNDS,DWS FUNDS Bond Fund INST,INST,Y,FINET,ADVISORY,ADVISORY,PIM,SIM,S,N,3654908.82,-3654908.82,-3654908.82,20,Y,N,Y,FSCAPNRENH,DWS,US Fund High Yield Bond,US Fund High Yield Bond
2025-02-28,2EK3ZEZQA,CGVOX,JPMORGAN,JPMORGAN Allocation Fund A,A,Y,PCG,ADVISORY,ADVISORY,CUSTOMCHOICE,SEP,P,N,3870475.2,3870475.2,3870475.2,45,Y,Y,N,FSUSAD1XUN,JPMorgan,US Fund Moderate Allocation,US Fund Moderate Allocation
2025-03-31,0YNCXLL4Z,HIKKX,FIDELITY,FIDELITY Bond Fund A,A,Y,WFAS,ADVISORY,ADVISORY,CUSTOMCHOICE,SEP,S,Y,3942952.82,-3942952.82,-3942952.82,11,Y,Y,Y,FSUSAP0XJP,Fidelity,US Fund Multisector Bond,US Fund Multisector Bond
2025-05-31,R7KO64T02,XMHMX,FRANKLIN TEMPLETON,FRANKLIN TEMPLETON Blend Fund C,C,Y,FINET,ADVISORY,ADVISORY,CUSTOMCHOICE,QP,P,N,923375.99,923375.99,923375.99,24,Y,Y,Y,FSC8379085,Franklin Templeton,US Fund Mid-Cap Blend,US Fund Mid-Cap Blend
2025-11-30,UVY8N1UTO,QGCTX,INVESCO,INVESCO Allocation Fund S,S,Y,WBS,ADVISORY,ADVISORY,FUNDSOURCE,IRA,P,N,1062853.14,1062853.14,1062853.14,21,Y,Y,Y,FSINV12SDD,Invesco,US Fund Tactical Allocation,US Fund Tactical Allocation
2026-02-28,QE3RZSJ49,GOJXX,BLACKROCK,BLACKROCK Allocation Fund INST,INST,Y,PCG,ADVISORY,ADVISORY,BROKERAGE,NON-RETIREMENT,S,N,4363482.64,-4363482.64,-4363482.64,12,Y,Y,Y,FSCAPJJ3ZW,BlackRock,US Fund Moderate Allocation,US Fund Moderate Allocation
2025-10-31,VBDIVUZZP,LHWTX,VANGUARD,VANGUARD Growth Fund A,A,Y,WBS,ADVISORY,ADVISORY,BROKERAGE,NON-RETIREMENT,P,Y,1991204.71,1991204.71,1991204.71,6,Y,Y,Y,FSCAP853QJ,Vanguard,US Fund Large Growth,US Fund Large Growth
2025-05-31,QE3RZSJ49,GOJXX,BLACKROCK,BLACKROCK Allocation Fund INST,INST,Y,WBS,BROKERAGE,BROKERAGE,CUSTOMCHOICE,SIM,P,Y,4106464.43,4106464.43,4106464.43,7,Y,Y,Y,FSCAPJJ3ZW,BlackRock,US Fund Moderate Allocation,US Fund Moderate Allocation
2025-11-30,ZW9XA3KX7,DDCOX,CAPITAL GROUP,CAPITAL GROUP Blend Fund A,A,Y,WBS,ADVISORY,ADVISORY,FC/QC,SIM,S,Y,4017849.51,-4017849.51,-4017849.51,42,N,Y,Y,FSCAPVVD5U,capital group,US Fund Small Blend,US Fund Small Blend
2025-07-31,3NX39RBSV,WWLNX,CAPITAL GROUP,CAPITAL GROUP Growth Fund A,A,Y,WBS,BROKERAGE,BROKERAGE,PIM,SIM,P,N,3170768.84,3170768.84,3170768.84,35,N,Y,Y,FSINV8R1QP,capital group,US Fund Small Growth,US Fund Small Growth
2025-09-30,1KERPETIU,RJKTX,VANGUARD,VANGUARD Bond Fund A,A,Y,FCCS,ADVISORY,ADVISORY,MASTERS,NON-RETIREMENT,S,Y,4351636.33,-4351636.33,-4351636.33,40,Y,Y,Y,FSINVZ17YR,Vanguard,US Fund Short-Term Bond,US Fund Short-Term Bond
2025-01-31,QE3RZSJ49,GOJXX,BLACKROCK,BLACKROCK Allocation Fund INST,INST,Y,FINET,BROKERAGE,BROKERAGE,MASTERS,SIM,P,N,2448362.25,2448362.25,2448362.25,19,Y,Y,Y,FSCAPJJ3ZW,BlackRock,US Fund Moderate Allocation,US Fund Moderate Allocation
2025-06-30,3KKV9RFTM,OOLIX,FRANKLIN TEMPLETON,FRANKLIN TEMPLETON Growth Fund INST,INST,Y,PCG,ADVISORY,ADVISORY,BROKERAGE,QP,P,N,2234127.36,2234127.36,2234127.36,16,Y,Y,Y,FSUSA9SEXI,Franklin Templeton,US Fund Small Growth,US Fund Small Growth
2025-11-30,O4KH2VLPY,NUYTX,PIMCO,PIMCO Blend Fund A,A,Y,FINET,ADVISORY,ADVISORY,PERSONALIZED UMA,IRA,P,N,4463637.03,4463637.03,4463637.03,24,Y,Y,Y,FSINVNDQ6K,PIMCO,US Fund Small Blend,US Fund Small Blend
2025-07-31,ZW9XA3KX7,DDCOX,CAPITAL GROUP,CAPITAL GROUP Blend Fund A,A,Y,PCG,BROKERAGE,BROKERAGE,FC/QC,IRA,P,N,3627132.65,3627132.65,3627132.65,48,Y,Y,N,FSCAPVVD5U,capital group,US Fund Small Blend,US Fund Small Blend
2025-02-28,EAL2W37D4,GPNKX,FIDELITY,FIDELITY Blend Fund C,C,Y,WBS,BROKERAGE,BROKERAGE,FUNDSOURCE,IRA,S,N,2854690.16,-2854690.16,-2854690.16,31,Y,N,Y,FSUSAVKKPF,Fidelity,US Fund Large Blend,US Fund Large Blend
2025-05-31,6VXDP5GJL,LIWHX,FIDELITY,FIDELITY Bond Fund INST,INST,Y,PCG,ADVISORY,ADVISORY,BROKERAGE,SIM,P,N,229188.03,229188.03,229188.03,27,Y,Y,Y,FSINVQUXZJ,Fidelity,US Fund Intermediate Core Bond,US Fund Intermediate Core Bond
2025-02-28,Y6B2KNFTU,UECWX,VANGUARD,VANGUARD Bond Fund INV,INV,Y,PCG,ADVISORY,ADVISORY,PERSONALIZED UMA,QP,P,N,90855.58,90855.58,90855.58,39,Y,Y,N,FSUSAF3MVF,Vanguard,US Fund Short-Term Bond,US Fund Short-Term Bond
2025-06-30,4V30T9NT3,QWPSX,INVESCO,INVESCO Growth Fund C,C,Y,FINET,ADVISORY,ADVISORY,FUNDSOURCE,QP,P,N,1732158.39,1732158.39,1732158.39,44,Y,Y,Y,FSCAP5YC33,Invesco,US Fund Small Growth,US Fund Small Growth
2025-02-28,E3TV1ES53,NHEYX,BLACKROCK,BLACKROCK Blend Fund INST,INST,Y,FCCS,ADVISORY,ADVISORY,PIM,SEP,S,N,2806848.02,-2806848.02,-2806848.02,21,Y,Y,Y,FSUSA4B2GI,BlackRock,US Fund Foreign Large Blend,US Fund Foreign Large Blend
2025-03-31,KTSG7FXZV,VOVAX,CAPITAL GROUP,CAPITAL GROUP Bond Fund INST,INST,Y,WFAS,BROKERAGE,BROKERAGE,MASTERS,QP,S,N,2824679.74,-2824679.74,-2824679.74,16,Y,Y,Y,FSCAPU9MJ4,capital group,US Fund Intermediate Core Bond,US Fund Intermediate Core Bond
2025-02-28,3J2D54I3Q,HUFAX,NUVEEN,NUVEEN Value Fund INV,INV,Y,WFAS,ADVISORY,ADVISORY,FC/QC,QP,P,Y,1056920.2,1056920.2,1056920.2,49,Y,N,Y,FSC8073988,Nuveen,US Fund Large Value,US Fund Large Value
2025-11-30,HQIN9N6XC,HZYVX,MFS,MFS Blend Fund C,C,Y,PCG,BROKERAGE,BROKERAGE,FC/QC,NON-RETIREMENT,P,N,4423846.95,4423846.95,4423846.95,32,Y,Y,N,FSC8686926,MFS,US Fund Small Blend,US Fund Small Blend
2026-03-31,U7EEQTUL1,LVXLX,FIRST EAGLE,FIRST EAGLE Estate Fund INST,INST,Y,WFAS,BROKERAGE,BROKERAGE,CUSTOMCHOICE,IRA,S,Y,2000571.77,-2000571.77,-2000571.77,42,Y,Y,Y,FSUSAS7SPG,First Eagle,US Fund Real Estate,US Fund Real Estate
2025-10-31,JH75LXO6Q,GGOGX,MFS,MFS Blend Fund A,A,Y,WBS,ADVISORY,ADVISORY,FC/QC,IRA,P,N,3048725.47,3048725.47,3048725.47,16,Y,Y,Y,FSCAPUR81B,MFS,US Fund Small Blend,US Fund Small Blend
2025-01-31,3TV3I12VJ,ZZOUX,AMERICAN FUNDS,AMERICAN FUNDS Bond Fund A,A,Y,WFAS,ADVISORY,ADVISORY,CUSTOMCHOICE,SIM,S,N,4417620.65,-4417620.65,-4417620.65,16,Y,N,N,FSUSA1CZS7,capital group,US Fund High Yield Bond,US Fund High Yield Bond
2025-03-31,TC89K8YQK,ZWCJX,LORD ABBETT,LORD ABBETT Bond Fund A,A,Y,PCG,ADVISORY,ADVISORY,PERSONALIZED UMA,NON-RETIREMENT,P,N,4472281.07,4472281.07,4472281.07,30,Y,Y,Y,FSC2646842,Lord Abbett,US Fund High Yield Bond,US Fund High Yield Bond
2026-02-28,2960361I2,FEGTX,JPMORGAN,JPMORGAN Bond Fund A,A,Y,PCG,BROKERAGE,BROKERAGE,BROKERAGE,SIM,S,N,796753.29,-796753.29,-796753.29,31,Y,Y,Y,FSCAP0TE0V,JPMorgan,US Fund Multisector Bond,US Fund Multisector Bond
2026-03-31,BPLJD84U8,ZRHBX,PIMCO,PIMCO Blend Fund A,A,Y,WBS,BROKERAGE,BROKERAGE,BROKERAGE,SIM,S,N,605349.38,-605349.38,-605349.38,47,Y,N,N,FSCAPPXIH2,PIMCO,US Fund Mid-Cap Blend,US Fund Mid-Cap Blend
2025-06-30,JSG65KXVF,TOUNX,FIRST EAGLE,FIRST EAGLE Blend Fund INST,INST,Y,WFAS,ADVISORY,ADVISORY,ASSET ADVISOR,NON-RETIREMENT,P,N,4636985.81,4636985.81,4636985.81,49,Y,N,Y,FSCAP4FGYV,First Eagle,US Fund Small Blend,US Fund Small Blend
2025-06-30,WJCKJLTEI,SSBKX,FIRST EAGLE,FIRST EAGLE Blend Fund C,C,Y,PCG,BROKERAGE,BROKERAGE,ASSET ADVISOR,SEP,P,N,1699503.2,1699503.2,1699503.2,5,Y,N,Y,FSC7422675,First Eagle,US Fund Small Blend,US Fund Small Blend
2025-06-30,BPLJD84U8,ZRHBX,PIMCO,PIMCO Blend Fund A,A,Y,WBS,BROKERAGE,BROKERAGE,BROKERAGE,NON-RETIREMENT,P,N,2223637.99,2223637.99,2223637.99,19,Y,N,Y,FSCAPPXIH2,PIMCO,US Fund Mid-Cap Blend,US Fund Mid-Cap Blend
2025-05-31,3KKV9RFTM,OOLIX,FRANKLIN TEMPLETON,FRANKLIN TEMPLETON Growth Fund INST,INST,Y,WBS,ADVISORY,ADVISORY,MASTERS,NON-RETIREMENT,S,N,791933.08,-791933.08,-791933.08,45,Y,Y,N,FSUSA9SEXI,Franklin Templeton,US Fund Small Growth,US Fund Small Growth
2025-11-30,WX7PTX63C,EHTOX,DWS FUNDS,DWS FUNDS Allocation Fund A,A,Y,PCG,ADVISORY,ADVISORY,PIM,QP,P,N,4254670.3,4254670.3,4254670.3,34,Y,Y,Y,FSCAPPGOXS,DWS,US Fund Moderate Allocation,US Fund Moderate Allocation
2025-11-30,YYO4UDOJE,JTGJX,BLACKROCK,BLACKROCK Bond Fund INST,INST,Y,WFAS,ADVISORY,ADVISORY,PERSONALIZED UMA,NON-RETIREMENT,P,N,4263126.06,4263126.06,4263126.06,31,Y,N,Y,FSCAPSG2R8,BlackRock,US Fund Short-Term Bond,US Fund Short-Term Bond
2025-06-30,MO5BXXC02,CENDX,FRANKLIN TEMPLETON,FRANKLIN TEMPLETON Value Fund INST,INST,Y,FINET,BROKERAGE,BROKERAGE,ASSET ADVISOR,NON-RETIREMENT,P,N,1032543.08,1032543.08,1032543.08,30,Y,Y,Y,FSINV8HE3N,Franklin Templeton,US Fund Large Value,US Fund Large Value
2026-03-31,7BH25LLO3,MAQHX,DWS FUNDS,DWS FUNDS Bond Fund C,C,Y,PCG,ADVISORY,ADVISORY,PIM,QP,P,N,1013048.66,1013048.66,1013048.66,36,N,N,Y,FSC8694117,DWS,US Fund Intermediate Core Bond,US Fund Intermediate Core Bond
2026-01-31,0CVS4F8CG,PRGDX,T ROWE PRICE,T ROWE PRICE Bond Fund C,C,Y,FINET,ADVISORY,ADVISORY,FUNDSOURCE,NON-RETIREMENT,P,N,2833727.45,2833727.45,2833727.45,30,Y,N,Y,FSINV5AYKJ,T. Rowe Price,US Fund Short-Term Bond,US Fund Short-Term Bond
2025-02-28,BSWRPBJEK,WMAQX,JPMORGAN,JPMORGAN Growth Fund INV,INV,Y,PCG,BROKERAGE,BROKERAGE,MASTERS,IRA,S,N,3666819.59,-3666819.59,-3666819.59,16,Y,Y,Y,FSINVVT0VG,JPMorgan,US Fund Large Growth,US Fund Large Growth
2026-03-31,8MGYN2JCP,LZEHX,NUVEEN,NUVEEN Estate Fund A,A,Y,PCG,ADVISORY,ADVISORY,ASSET ADVISOR,SIM,S,N,1594632.26,-1594632.26,-1594632.26,35,Y,Y,Y,FSCAP9SFEF,Nuveen,US Fund Real Estate,US Fund Real Estate
2025-10-31,4V30T9NT3,QWPSX,INVESCO,INVESCO Growth Fund C,C,Y,FINET,ADVISORY,ADVISORY,PERSONALIZED UMA,IRA,P,N,4524991.71,4524991.71,4524991.71,27,Y,Y,Y,FSCAP5YC33,Invesco,US Fund Small Growth,US Fund Small Growth
2025-08-31,2EK3ZEZQA,CGVOX,JPMORGAN,JPMORGAN Allocation Fund A,A,Y,PCG,BROKERAGE,BROKERAGE,MASTERS,QP,P,N,4757202.77,4757202.77,4757202.77,41,Y,N,N,FSUSAD1XUN,JPMorgan,US Fund Moderate Allocation,US Fund Moderate Allocation
2025-01-31,QTL3Q4N89,MHJNX,MFS,MFS Blend Fund A,A,Y,PCG,ADVISORY,ADVISORY,FC/QC,SEP,P,N,4871784.77,4871784.77,4871784.77,29,Y,Y,N,FSCAPO8FAQ,MFS,US Fund Mid-Cap Blend,US Fund Mid-Cap Blend
2026-01-31,C8BBI4WIR,CYMGX,NUVEEN,NUVEEN Blend Fund A,A,Y,WFAS,ADVISORY,ADVISORY,PERSONALIZED UMA,IRA,P,N,1159398.1,1159398.1,1159398.1,40,Y,Y,Y,FSUSAGQ1Y8,Nuveen,US Fund Foreign Large Blend,US Fund Foreign Large Blend
2026-01-31,C8BBI4WIR,CYMGX,NUVEEN,NUVEEN Blend Fund A,A,Y,PCG,BROKERAGE,BROKERAGE,PERSONALIZED UMA,QP,P,N,859300.57,859300.57,859300.57,50,Y,Y,Y,FSUSAGQ1Y8,Nuveen,US Fund Foreign Large Blend,US Fund Foreign Large Blend
2025-06-30,3NX39RBSV,WWLNX,CAPITAL GROUP,CAPITAL GROUP Growth Fund A,A,Y,WBS,BROKERAGE,BROKERAGE,FC/QC,QP,P,N,1668943.96,1668943.96,1668943.96,27,Y,N,Y,FSINV8R1QP,capital group,US Fund Small Growth,US Fund Small Growth
2025-06-30,17MGFXC08,CNJLX,NUVEEN,NUVEEN Blend Fund INV,INV,Y,WFAS,ADVISORY,ADVISORY,FUNDSOURCE,NON-RETIREMENT,S,N,700081.46,-700081.46,-700081.46,17,Y,Y,Y,FSUSALNO19,Nuveen,US Fund Small Blend,US Fund Small Blend
2025-06-30,S0R2SDS8B,UWNLX,AMERICAN FUNDS,AMERICAN FUNDS Bond Fund INST,INST,Y,WBS,BROKERAGE,BROKERAGE,MASTERS,IRA,P,N,3695215.29,3695215.29,3695215.29,11,Y,Y,Y,FSC0723107,capital group,US Fund High Yield Bond,US Fund High Yield Bond
2025-01-31,UXLEZ896D,RNAIX,INVESCO,INVESCO Bond Fund A,A,Y,PCG,BROKERAGE,BROKERAGE,FC/QC,IRA,S,N,1950620.04,-1950620.04,-1950620.04,41,Y,Y,Y,FSC9366170,Invesco,US Fund Intermediate Core Bond,US Fund Intermediate Core Bond
2025-02-28,QE3RZSJ49,GOJXX,BLACKROCK,BLACKROCK Allocation Fund INST,INST,Y,FINET,BROKERAGE,BROKERAGE,CUSTOMCHOICE,NON-RETIREMENT,P,Y,4404308.27,4404308.27,4404308.27,37,Y,Y,Y,FSCAPJJ3ZW,BlackRock,US Fund Moderate Allocation,US Fund Moderate Allocation
2025-09-30,E3TV1ES53,NHEYX,BLACKROCK,BLACKROCK Blend Fund INST,INST,N,PCG,ADVISORY,ADVISORY,ASSET ADVISOR,SEP,S,N,1303965.3,-1303965.3,-1303965.3,24,Y,Y,N,FSUSA4B2GI,BlackRock,US Fund Foreign Large Blend,US Fund Foreign Large Blend
2025-06-30,6VXDP5GJL,LIWHX,FIDELITY,FIDELITY Bond Fund INST,INST,Y,FINET,BROKERAGE,BROKERAGE,MASTERS,QP,P,N,2304288.05,2304288.05,2304288.05,2,Y,Y,Y,FSINVQUXZJ,Fidelity,US Fund Intermediate Core Bond,US Fund Intermediate Core Bond
2026-01-31,QTL3Q4N89,MHJNX,MFS,MFS Blend Fund A,A,N,PCG,ADVISORY,ADVISORY,FC/QC,IRA,P,N,2642222.71,2642222.71,2642222.71,21,Y,Y,Y,FSCAPO8FAQ,MFS,US Fund Mid-Cap Blend,US Fund Mid-Cap Blend
2025-12-31,MO5BXXC02,CENDX,FRANKLIN TEMPLETON,FRANKLIN TEMPLETON Value Fund INST,INST,N,PCG,ADVISORY,ADVISORY,ASSET ADVISOR,QP,P,N,461171.53,461171.53,461171.53,40,Y,Y,Y,FSINV8HE3N,Franklin Templeton,US Fund Large Value,US Fund Large Value
2026-02-28,EAL2W37D4,GPNKX,FIDELITY,FIDELITY Blend Fund C,C,Y,FINET,BROKERAGE,BROKERAGE,ASSET ADVISOR,NON-RETIREMENT,P,N,2256717.29,2256717.29,2256717.29,22,Y,N,Y,FSUSAVKKPF,Fidelity,US Fund Large Blend,US Fund Large Blend
2026-03-31,EAL2W37D4,GPNKX,FIDELITY,FIDELITY Blend Fund C,C,Y,PCG,BROKERAGE,BROKERAGE,FUNDSOURCE,SEP,P,Y,2873901.84,2873901.84,2873901.84,17,Y,Y,Y,FSUSAVKKPF,Fidelity,US Fund Large Blend,US Fund Large Blend
2025-08-31,8MGYN2JCP,LZEHX,NUVEEN,NUVEEN Estate Fund A,A,Y,WFAS,BROKERAGE,BROKERAGE,CUSTOMCHOICE,NON-RETIREMENT,S,N,1002057.59,-1002057.59,-1002057.59,14,Y,Y,Y,FSCAP9SFEF,Nuveen,US Fund Real Estate,US Fund Real Estate
2026-01-31,JSG65KXVF,TOUNX,FIRST EAGLE,FIRST EAGLE Blend Fund INST,INST,Y,FCCS,BROKERAGE,BROKERAGE,FUNDSOURCE,NON-RETIREMENT,P,Y,1742923.74,1742923.74,1742923.74,28,N,Y,N,FSCAP4FGYV,First Eagle,US Fund Small Blend,US Fund Small Blend
2025-01-31,QZXEBB9EI,NKJYX,VANGUARD,VANGUARD Bond Fund A,A,Y,PCG,BROKERAGE,BROKERAGE,PERSONALIZED UMA,NON-RETIREMENT,P,N,4494448.72,4494448.72,4494448.72,29,Y,Y,Y,FSC4693666,Vanguard,US Fund Intermediate Core Bond,US Fund Intermediate Core Bond
2026-02-28,WK8R2YKCC,LMFPX,DWS FUNDS,DWS FUNDS Bond Fund INST,INST,Y,WBS,ADVISORY,ADVISORY,CUSTOMCHOICE,NON-RETIREMENT,P,N,4846234.28,4846234.28,4846234.28,32,Y,Y,N,FSCAPNRENH,DWS,US Fund High Yield Bond,US Fund High Yield Bond
2025-04-30,WYJXRPJ1E,LHRMX,INVESCO,INVESCO Bond Fund A,A,Y,WBS,ADVISORY,ADVISORY,PERSONALIZED UMA,IRA,P,N,454409.49,454409.49,454409.49,27,Y,N,Y,FSCAPRK315,Invesco,US Fund Intermediate Core Bond,US Fund Intermediate Core Bond
2026-02-28,WOCLYT8W5,MOQGX,T ROWE PRICE,T ROWE PRICE Blend Fund INST,INST,Y,FINET,ADVISORY,ADVISORY,FC/QC,SIM,P,N,4729730.02,4729730.02,4729730.02,18,Y,N,Y,FSINVVY2S9,T. Rowe Price,US Fund Large Blend,US Fund Large Blend
2025-03-31,C8D1WJCIT,EKRMX,FRANKLIN TEMPLETON,FRANKLIN TEMPLETON Estate Fund C,C,Y,WFAS,BROKERAGE,BROKERAGE,BROKERAGE,QP,P,N,640177.54,640177.54,640177.54,48,Y,Y,Y,FSC7392545,Franklin Templeton,US Fund Real Estate,US Fund Real Estate
2025-07-31,U7EEQTUL1,LVXLX,FIRST EAGLE,FIRST EAGLE Estate Fund INST,INST,Y,WFAS,BROKERAGE,BROKERAGE,CUSTOMCHOICE,SEP,P,N,4681489.79,4681489.79,4681489.79,8,Y,Y,Y,FSUSAS7SPG,First Eagle,US Fund Real Estate,US Fund Real Estate
2025-11-30,8VMUHXID4,JTOUX,FRANKLIN TEMPLETON,FRANKLIN TEMPLETON Bond Fund INST,INST,Y,PCG,ADVISORY,ADVISORY,BROKERAGE,SIM,P,N,4207204.23,4207204.23,4207204.23,10,Y,Y,Y,FSINVCNRVP,Franklin Templeton,US Fund Intermediate Core Bond,US Fund Intermediate Core Bond
2025-12-31,QJIDKNWI5,EIPIX,JPMORGAN,JPMORGAN Allocation Fund INST,INST,N,PCG,BROKERAGE,BROKERAGE,ASSET ADVISOR,IRA,P,Y,791283.81,791283.81,791283.81,30,N,N,Y,FSCAPZ4DKB,JPMorgan,US Fund Tactical Allocation,US Fund Tactical Allocation
2026-02-28,0YNCXLL4Z,HIKKX,FIDELITY,FIDELITY Bond Fund A,A,Y,FCCS,ADVISORY,ADVISORY,CUSTOMCHOICE,SEP,S,N,3184457.76,-3184457.76,-3184457.76,24,N,Y,Y,FSUSAP0XJP,Fidelity,US Fund Multisector Bond,US Fund Multisector Bond
2025-12-31,EDFQS3D63,XYKKX,INVESCO,INVESCO Allocation Fund A,A,Y,WFAS,ADVISORY,ADVISORY,CUSTOMCHOICE,NON-RETIREMENT,S,Y,2856412.04,-2856412.04,-2856412.04,48,Y,Y,N,FSC8043975,Invesco,US Fund Tactical Allocation,US Fund Tactical Allocation
2025-04-30,4DPJA1WJ0,OLABX,PIMCO,PIMCO Bond Fund S,S,Y,FCCS,ADVISORY,ADVISORY,MASTERS,NON-RETIREMENT,P,N,923541.47,923541.47,923541.47,24,Y,Y,N,FSCAP7M9HW,PIMCO,US Fund Short-Term Bond,US Fund Short-Term Bond
2025-12-31,4FFYVNVQJ,OYRCX,LORD ABBETT,LORD ABBETT Blend Fund INST,INST,Y,PCG,ADVISORY,ADVISORY,CUSTOMCHOICE,IRA,S,Y,1925457.55,-1925457.55,-1925457.55,16,Y,Y,Y,FSINVDZ4HR,Lord Abbett,US Fund Foreign Large Blend,US Fund Foreign Large Blend
2026-02-28,ST0SX5WVF,ESQXX,CAPITAL GROUP,CAPITAL GROUP Bond Fund INST,INST,Y,WBS,ADVISORY,ADVISORY,FUNDSOURCE,SIM,P,N,3143750.25,3143750.25,3143750.25,35,Y,N,Y,FSINV6Z5AS,capital group,US Fund Intermediate Core Bond,US Fund Intermediate Core Bond
2026-03-31,WC4RTWUZK,AJOEX,MFS,MFS Bond Fund C,C,Y,WFAS,ADVISORY,ADVISORY,PERSONALIZED UMA,IRA,P,N,4983430.18,4983430.18,4983430.18,22,Y,Y,Y,FSUSAR848N,MFS,US Fund Multisector Bond,US Fund Multisector Bond
2025-11-30,1KERPETIU,RJKTX,VANGUARD,VANGUARD Bond Fund A,A,Y,WFAS,BROKERAGE,BROKERAGE,ASSET ADVISOR,QP,P,Y,2716822.27,2716822.27,2716822.27,9,Y,Y,Y,FSINVZ17YR,Vanguard,US Fund Short-Term Bond,US Fund Short-Term Bond
2026-02-28,0CVS4F8CG,PRGDX,T ROWE PRICE,T ROWE PRICE Bond Fund C,C,Y,WBS,BROKERAGE,BROKERAGE,CUSTOMCHOICE,NON-RETIREMENT,S,N,913470.58,-913470.58,-913470.58,13,Y,Y,Y,FSINV5AYKJ,T. Rowe Price,US Fund Short-Term Bond,US Fund Short-Term Bond
2025-10-31,FB9W1Q5UZ,JKDRX,VANGUARD,VANGUARD Growth Fund A,A,Y,PCG,ADVISORY,ADVISORY,CUSTOMCHOICE,SEP,S,N,2625463.6,-2625463.6,-2625463.6,44,Y,Y,Y,FSCAP3Y8BT,Vanguard,US Fund Large Growth,US Fund Large Growth
2025-09-30,FB9W1Q5UZ,JKDRX,VANGUARD,VANGUARD Growth Fund A,A,Y,FCCS,ADVISORY,ADVISORY,FC/QC,SEP,S,N,3048522.93,-3048522.93,-3048522.93,34,N,N,Y,FSCAP3Y8BT,Vanguard,US Fund Large Growth,US Fund Large Growth
2025-12-31,0YNCXLL4Z,HIKKX,FIDELITY,FIDELITY Bond Fund A,A,Y,PCG,ADVISORY,ADVISORY,ASSET ADVISOR,IRA,S,N,2267.89,-2267.89,-2267.89,9,Y,N,Y,FSUSAP0XJP,Fidelity,US Fund Multisector Bond,US Fund Multisector Bond
2025-07-31,C8D1WJCIT,EKRMX,FRANKLIN TEMPLETON,FRANKLIN TEMPLETON Estate Fund C,C,N,WFAS,ADVISORY,ADVISORY,ASSET ADVISOR,NON-RETIREMENT,S,N,3230600.08,-3230600.08,-3230600.08,18,Y,Y,Y,FSC7392545,Franklin Templeton,US Fund Real Estate,US Fund Real Estate
2025-11-30,KTSG7FXZV,VOVAX,CAPITAL GROUP,CAPITAL GROUP Bond Fund INST,INST,Y,PCG,BROKERAGE,BROKERAGE,ASSET ADVISOR,QP,P,N,2217185.09,2217185.09,2217185.09,7,Y,Y,Y,FSCAPU9MJ4,capital group,US Fund Intermediate Core Bond,US Fund Intermediate Core Bond
2025-05-31,1M8XFDJGF,TBYQX,PIMCO,PIMCO Growth Fund A,A,N,WFAS,ADVISORY,ADVISORY,PIM,SEP,S,N,2706526.77,-2706526.77,-2706526.77,3,Y,N,Y,FSCAPS2MJ6,PIMCO,US Fund Small Growth,US Fund Small Growth
2025-07-31,N1YBWMLUN,GWZPX,INVESCO,INVESCO Blend Fund A,A,Y,WFAS,BROKERAGE,BROKERAGE,FUNDSOURCE,QP,P,N,4381273.49,4381273.49,4381273.49,47,Y,Y,Y,FSINVZILDX,Invesco,US Fund Large Blend,US Fund Large Blend
2026-02-28,EDFQS3D63,XYKKX,INVESCO,INVESCO Allocation Fund A,A,Y,WFAS,ADVISORY,ADVISORY,MASTERS,SEP,S,Y,2162670.33,-2162670.33,-2162670.33,22,Y,N,N,FSC8043975,Invesco,US Fund Tactical Allocation,US Fund Tactical Allocation
2025-01-31,0CVS4F8CG,PRGDX,T ROWE PRICE,T ROWE PRICE Bond Fund C,C,N,WBS,ADVISORY,ADVISORY,MASTERS,IRA,P,N,4030054.45,4030054.45,4030054.45,46,Y,Y,Y,FSINV5AYKJ,T. Rowe Price,US Fund Short-Term Bond,US Fund Short-Term Bond
2025-09-30,8HMBR5XQT,WLWSX,BLACKROCK,BLACKROCK Value Fund C,C,Y,WFAS,ADVISORY,ADVISORY,ASSET ADVISOR,QP,S,Y,3337951.39,-3337951.39,-3337951.39,49,Y,Y,Y,FSINVHB0YI,BlackRock,US Fund Large Value,US Fund Large Value
2025-07-31,8HMBR5XQT,WLWSX,BLACKROCK,BLACKROCK Value Fund C,C,Y,WBS,BROKERAGE,BROKERAGE,PERSONALIZED UMA,QP,S,Y,3591585.86,-3591585.86,-3591585.86,3,Y,N,Y,FSINVHB0YI,BlackRock,US Fund Large Value,US Fund Large Value
2025-11-30,EAL2W37D4,GPNKX,FIDELITY,FIDELITY Blend Fund C,C,Y,PCG,BROKERAGE,BROKERAGE,MASTERS,SIM,S,N,1080589.66,-1080589.66,-1080589.66,47,Y,N,Y,FSUSAVKKPF,Fidelity,US Fund Large Blend,US Fund Large Blend
2025-06-30,YYO4UDOJE,JTGJX,BLACKROCK,BLACKROCK Bond Fund INST,INST,Y,WBS,ADVISORY,ADVISORY,MASTERS,NON-RETIREMENT,S,N,1243881.06,-1243881.06,-1243881.06,50,Y,Y,Y,FSCAPSG2R8,BlackRock,US Fund Short-Term Bond,US Fund Short-Term Bond
2026-01-31,YYO4UDOJE,JTGJX,BLACKROCK,BLACKROCK Bond Fund INST,INST,Y,FINET,ADVISORY,ADVISORY,FUNDSOURCE,SEP,S,N,4223676.87,-4223676.87,-4223676.87,7,Y,Y,Y,FSCAPSG2R8,BlackRock,US Fund Short-Term Bond,US Fund Short-Term Bond
2025-08-31,SLWF90KM3,NSHVX,FIDELITY,FIDELITY Blend Fund A,A,Y,WBS,BROKERAGE,BROKERAGE,PIM,SIM,S,N,3782944.11,-3782944.11,-3782944.11,49,Y,Y,Y,FSUSA4BHGL,Fidelity,US Fund Small Blend,US Fund Small Blend
2025-10-31,C8BBI4WIR,CYMGX,NUVEEN,NUVEEN Blend Fund A,A,Y,WBS,ADVISORY,ADVISORY,CUSTOMCHOICE,SIM,P,N,2530843.33,2530843.33,2530843.33,5,Y,Y,Y,FSUSAGQ1Y8,Nuveen,US Fund Foreign Large Blend,US Fund Foreign Large Blend
2026-02-28,8VMUHXID4,JTOUX,FRANKLIN TEMPLETON,FRANKLIN TEMPLETON Bond Fund INST,INST,Y,FCCS,ADVISORY,ADVISORY,ASSET ADVISOR,SEP,P,N,3579582.56,3579582.56,3579582.56,6,Y,Y,N,FSINVCNRVP,Franklin Templeton,US Fund Intermediate Core Bond,US Fund Intermediate Core Bond
2025-09-30,C8D1WJCIT,EKRMX,FRANKLIN TEMPLETON,FRANKLIN TEMPLETON Estate Fund C,C,Y,FINET,ADVISORY,ADVISORY,FUNDSOURCE,NON-RETIREMENT,P,Y,4963390.07,4963390.07,4963390.07,29,Y,Y,Y,FSC7392545,Franklin Templeton,US Fund Real Estate,US Fund Real Estate
2025-01-31,C8D1WJCIT,EKRMX,FRANKLIN TEMPLETON,FRANKLIN TEMPLETON Estate Fund C,C,Y,FCCS,ADVISORY,ADVISORY,FUNDSOURCE,SIM,S,N,2416624.81,-2416624.81,-2416624.81,34,Y,Y,N,FSC7392545,Franklin Templeton,US Fund Real Estate,US Fund Real Estate
2025-12-31,LFEWVZNVK,NLUCX,DWS FUNDS,DWS FUNDS Blend Fund INV,INV,Y,WBS,BROKERAGE,BROKERAGE,PIM,NON-RETIREMENT,P,N,3984088.24,3984088.24,3984088.24,23,Y,Y,Y,FSINVF3PFW,DWS,US Fund Large Blend,US Fund Large Blend
2026-01-31,C8D1WJCIT,EKRMX,FRANKLIN TEMPLETON,FRANKLIN TEMPLETON Estate Fund C,C,Y,WBS,BROKERAGE,BROKERAGE,PERSONALIZED UMA,QP,P,N,644258.99,644258.99,644258.99,39,Y,Y,Y,FSC7392545,Franklin Templeton,US Fund Real Estate,US Fund Real Estate
2026-02-28,UVY8N1UTO,QGCTX,INVESCO,INVESCO Allocation Fund S,S,Y,FINET,ADVISORY,ADVISORY,PERSONALIZED UMA,QP,S,N,2326699.54,-2326699.54,-2326699.54,11,Y,Y,Y,FSINV12SDD,Invesco,US Fund Tactical Allocation,US Fund Tactical Allocation
2025-08-31,YYO4UDOJE,JTGJX,BLACKROCK,BLACKROCK Bond Fund INST,INST,Y,FINET,ADVISORY,ADVISORY,MASTERS,IRA,S,N,739826.67,-739826.67,-739826.67,32,Y,N,Y,FSCAPSG2R8,BlackRock,US Fund Short-Term Bond,US Fund Short-Term Bond
2025-04-30,LJ8YRDDP0,JDBYX,VANGUARD,VANGUARD Bond Fund INST,INST,Y,PCG,ADVISORY,ADVISORY,FC/QC,NON-RETIREMENT,S,N,1549471.46,-1549471.46,-1549471.46,44,Y,N,N,FSC4848373,Vanguard,US Fund High Yield Bond,US Fund High Yield Bond
2025-12-31,IUC039TEX,YENPX,DWS FUNDS,DWS FUNDS Bond Fund A,A,Y,PCG,ADVISORY,ADVISORY,FC/QC,NON-RETIREMENT,S,N,2937444.65,-2937444.65,-2937444.65,16,N,N,N,FSUSA4DZT8,DWS,US Fund Multisector Bond,US Fund Multisector Bond
2025-01-31,6VXDP5GJL,LIWHX,FIDELITY,FIDELITY Bond Fund INST,INST,Y,FCCS,ADVISORY,ADVISORY,FC/QC,SIM,S,Y,2475127.77,-2475127.77,-2475127.77,31,Y,Y,Y,FSINVQUXZJ,Fidelity,US Fund Intermediate Core Bond,US Fund Intermediate Core Bond
2025-03-31,QZXEBB9EI,NKJYX,VANGUARD,VANGUARD Bond Fund A,A,N,WBS,ADVISORY,ADVISORY,FUNDSOURCE,SEP,S,N,4395383.13,-4395383.13,-4395383.13,41,Y,Y,Y,FSC4693666,Vanguard,US Fund Intermediate Core Bond,US Fund Intermediate Core Bond
2025-01-31,WX7PTX63C,EHTOX,DWS FUNDS,DWS FUNDS Allocation Fund A,A,Y,PCG,BROKERAGE,BROKERAGE,BROKERAGE,QP,S,N,304974.0,-304974.0,-304974.0,21,Y,Y,N,FSCAPPGOXS,DWS,US Fund Moderate Allocation,US Fund Moderate Allocation
2025-06-30,E2ATN2TWD,IZSNX,FRANKLIN TEMPLETON,FRANKLIN TEMPLETON Bond Fund INST,INST,Y,PCG,BROKERAGE,BROKERAGE,FUNDSOURCE,SEP,S,N,4778580.65,-4778580.65,-4778580.65,44,Y,Y,Y,FSC7967512,Franklin Templeton,US Fund Short-Term Bond,US Fund Short-Term Bond
2025-12-31,1M8XFDJGF,TBYQX,PIMCO,PIMCO Growth Fund A,A,Y,WBS,BROKERAGE,BROKERAGE,BROKERAGE,QP,S,N,3860032.06,-3860032.06,-3860032.06,8,Y,Y,Y,FSCAPS2MJ6,PIMCO,US Fund Small Growth,US Fund Small Growth
2025-11-30,YYO4UDOJE,JTGJX,BLACKROCK,BLACKROCK Bond Fund INST,INST,N,FINET,ADVISORY,ADVISORY,PIM,SIM,P,N,2592685.0,2592685.0,2592685.0,36,Y,N,N,FSCAPSG2R8,BlackRock,US Fund Short-Term Bond,US Fund Short-Term Bond
2025-02-28,UVY8N1UTO,QGCTX,INVESCO,INVESCO Allocation Fund S,S,Y,PCG,BROKERAGE,BROKERAGE,FC/QC,IRA,P,N,1828784.71,1828784.71,1828784.71,31,Y,N,Y,FSINV12SDD,Invesco,US Fund Tactical Allocation,US Fund Tactical Allocation
2025-02-28,WK8R2YKCC,LMFPX,DWS FUNDS,DWS FUNDS Bond Fund INST,INST,Y,WBS,BROKERAGE,BROKERAGE,FC/QC,QP,S,N,455221.89,-455221.89,-455221.89,19,Y,Y,Y,FSCAPNRENH,DWS,US Fund High Yield Bond,US Fund High Yield Bond
2025-07-31,1KERPETIU,RJKTX,VANGUARD,VANGUARD Bond Fund A,A,Y,WBS,ADVISORY,ADVISORY,FC/QC,SEP,P,Y,412403.25,412403.25,412403.25,50,Y,Y,Y,FSINVZ17YR,Vanguard,US Fund Short-Term Bond,US Fund Short-Term Bond
2025-04-30,JSG65KXVF,TOUNX,FIRST EAGLE,FIRST EAGLE Blend Fund INST,INST,Y,WBS,BROKERAGE,BROKERAGE,PIM,IRA,S,N,1535945.59,-1535945.59,-1535945.59,4,N,Y,Y,FSCAP4FGYV,First Eagle,US Fund Small Blend,US Fund Small Blend
2025-01-31,8MGYN2JCP,LZEHX,NUVEEN,NUVEEN Estate Fund A,A,N,WFAS,ADVISORY,ADVISORY,PIM,IRA,S,N,3420984.78,-3420984.78,-3420984.78,7,Y,Y,Y,FSCAP9SFEF,Nuveen,US Fund Real Estate,US Fund Real Estate
2025-02-28,Y6B2KNFTU,UECWX,VANGUARD,VANGUARD Bond Fund INV,INV,N,PCG,BROKERAGE,BROKERAGE,FC/QC,NON-RETIREMENT,S,N,2476628.4,-2476628.4,-2476628.4,8,Y,Y,Y,FSUSAF3MVF,Vanguard,US Fund Short-Term Bond,US Fund Short-Term Bond
2025-03-31,2960361I2,FEGTX,JPMORGAN,JPMORGAN Bond Fund A,A,Y,PCG,BROKERAGE,BROKERAGE,CUSTOMCHOICE,QP,S,N,4132947.77,-4132947.77,-4132947.77,43,Y,N,Y,FSCAP0TE0V,JPMorgan,US Fund Multisector Bond,US Fund Multisector Bond
2025-04-30,WOCLYT8W5,MOQGX,T ROWE PRICE,T ROWE PRICE Blend Fund INST,INST,Y,PCG,ADVISORY,ADVISORY,FC/QC,SIM,S,N,3266855.13,-3266855.13,-3266855.13,13,Y,Y,Y,FSINVVY2S9,T. Rowe Price,US Fund Large Blend,US Fund Large Blend
2025-01-31,LJ8YRDDP0,JDBYX,VANGUARD,VANGUARD Bond Fund INST,INST,N,FINET,ADVISORY,ADVISORY,ASSET ADVISOR,NON-RETIREMENT,S,N,2245916.46,-2245916.46,-2245916.46,32,Y,Y,Y,FSC4848373,Vanguard,US Fund High Yield Bond,US Fund High Yield Bond
2025-11-30,WX7PTX63C,EHTOX,DWS FUNDS,DWS FUNDS Allocation Fund A,A,Y,WFAS,ADVISORY,ADVISORY,MASTERS,IRA,S,N,3475248.66,-3475248.66,-3475248.66,26,Y,N,N,FSCAPPGOXS,DWS,US Fund Moderate Allocation,US Fund Moderate Allocation
2026-02-28,6RE4Q6QDY,VIJBX,T ROWE PRICE,T ROWE PRICE Blend Fund A,A,Y,PCG,ADVISORY,ADVISORY,FUNDSOURCE,IRA,P,N,636011.59,636011.59,636011.59,12,Y,Y,Y,FSUSA99GZA,T. Rowe Price,US Fund Small Blend,US Fund Small Blend
2025-10-31,EAL2W37D4,GPNKX,FIDELITY,FIDELITY Blend Fund C,C,Y,FINET,BROKERAGE,BROKERAGE,FUNDSOURCE,NON-RETIREMENT,P,N,3691862.49,3691862.49,3691862.49,3,Y,N,Y,FSUSAVKKPF,Fidelity,US Fund Large Blend,US Fund Large Blend
2026-03-31,WX7PTX63C,EHTOX,DWS FUNDS,DWS FUNDS Allocation Fund A,A,Y,PCG,ADVISORY,ADVISORY,MASTERS,QP,P,N,2310446.11,2310446.11,2310446.11,12,Y,Y,Y,FSCAPPGOXS,DWS,US Fund Moderate Allocation,US Fund Moderate Allocation
2026-02-28,JH75LXO6Q,GGOGX,MFS,MFS Blend Fund A,A,Y,PCG,ADVISORY,ADVISORY,PIM,IRA,P,N,4217189.8,4217189.8,4217189.8,5,Y,Y,Y,FSCAPUR81B,MFS,US Fund Small Blend,US Fund Small Blend
2025-12-31,WJCKJLTEI,SSBKX,FIRST EAGLE,FIRST EAGLE Blend Fund C,C,Y,PCG,ADVISORY,ADVISORY,FC/QC,IRA,S,Y,1852175.55,-1852175.55,-1852175.55,25,Y,Y,Y,FSC7422675,First Eagle,US Fund Small Blend,US Fund Small Blend
2025-10-31,4FFYVNVQJ,OYRCX,LORD ABBETT,LORD ABBETT Blend Fund INST,INST,Y,WBS,ADVISORY,ADVISORY,FC/QC,SEP,P,N,99456.9,99456.9,99456.9,25,Y,N,Y,FSINVDZ4HR,Lord Abbett,US Fund Foreign Large Blend,US Fund Foreign Large Blend
2025-05-31,QT3WVEDN9,OJDPX,BLACKROCK,BLACKROCK Blend Fund A,A,Y,PCG,BROKERAGE,BROKERAGE,PIM,NON-RETIREMENT,P,N,4939893.41,4939893.41,4939893.41,41,Y,N,Y,FSINV1KDAD,BlackRock,US Fund Foreign Large Blend,US Fund Foreign Large Blend
2026-03-31,WX7PTX63C,EHTOX,DWS FUNDS,DWS FUNDS Allocation Fund A,A,Y,PCG,ADVISORY,ADVISORY,FC/QC,QP,P,N,3700157.87,3700157.87,3700157.87,26,Y,Y,Y,FSCAPPGOXS,DWS,US Fund Moderate Allocation,US Fund Moderate Allocation
2025-07-31,8VMUHXID4,JTOUX,FRANKLIN TEMPLETON,FRANKLIN TEMPLETON Bond Fund INST,INST,Y,WBS,BROKERAGE,BROKERAGE,PIM,SEP,S,N,2303177.4,-2303177.4,-2303177.4,9,Y,Y,Y,FSINVCNRVP,Franklin Templeton,US Fund Intermediate Core Bond,US Fund Intermediate Core Bond
2025-10-31,C8BBI4WIR,CYMGX,NUVEEN,NUVEEN Blend Fund A,A,Y,FCCS,BROKERAGE,BROKERAGE,FC/QC,SEP,P,N,4368093.88,4368093.88,4368093.88,14,Y,Y,Y,FSUSAGQ1Y8,Nuveen,US Fund Foreign Large Blend,US Fund Foreign Large Blend
2025-05-31,8LPQW2VMC,MAJHX,T ROWE PRICE,T ROWE PRICE Estate Fund S,S,Y,PCG,ADVISORY,ADVISORY,PIM,QP,S,N,4778686.35,-4778686.35,-4778686.35,43,Y,Y,Y,FSINVOVNZB,T. Rowe Price,US Fund Real Estate,US Fund Real Estate
2025-01-31,1M8XFDJGF,TBYQX,PIMCO,PIMCO Growth Fund A,A,Y,FINET,ADVISORY,ADVISORY,CUSTOMCHOICE,SIM,S,N,1930160.37,-1930160.37,-1930160.37,13,Y,Y,Y,FSCAPS2MJ6,PIMCO,US Fund Small Growth,US Fund Small Growth
2026-01-31,T7E8G8JDP,SIPNX,CAPITAL GROUP,CAPITAL GROUP Blend Fund A,A,Y,FINET,BROKERAGE,BROKERAGE,BROKERAGE,IRA,S,N,1581414.91,-1581414.91,-1581414.91,6,Y,N,N,FSUSAYANEZ,capital group,US Fund Foreign Large Blend,US Fund Foreign Large Blend
2026-02-28,2960361I2,FEGTX,JPMORGAN,JPMORGAN Bond Fund A,A,Y,FCCS,BROKERAGE,BROKERAGE,MASTERS,IRA,P,N,4657847.45,4657847.45,4657847.45,21,Y,N,Y,FSCAP0TE0V,JPMorgan,US Fund Multisector Bond,US Fund Multisector Bond
2025-05-31,R7KO64T02,XMHMX,FRANKLIN TEMPLETON,FRANKLIN TEMPLETON Blend Fund C,C,N,PCG,BROKERAGE,BROKERAGE,ASSET ADVISOR,QP,P,N,4011778.48,4011778.48,4011778.48,27,Y,Y,Y,FSC8379085,Franklin Templeton,US Fund Mid-Cap Blend,US Fund Mid-Cap Blend
2025-12-31,BSWRPBJEK,WMAQX,JPMORGAN,JPMORGAN Growth Fund INV,INV,Y,FCCS,BROKERAGE,BROKERAGE,ASSET ADVISOR,IRA,S,Y,1247324.29,-1247324.29,-1247324.29,25,Y,Y,Y,FSINVVT0VG,JPMorgan,US Fund Large Growth,US Fund Large Growth
2025-12-31,WK8R2YKCC,LMFPX,DWS FUNDS,DWS FUNDS Bond Fund INST,INST,N,WBS,ADVISORY,ADVISORY,BROKERAGE,SIM,S,N,1812239.95,-1812239.95,-1812239.95,37,Y,Y,Y,FSCAPNRENH,DWS,US Fund High Yield Bond,US Fund High Yield Bond
2025-02-28,3TV3I12VJ,ZZOUX,AMERICAN FUNDS,AMERICAN FUNDS Bond Fund A,A,Y,PCG,BROKERAGE,BROKERAGE,FUNDSOURCE,SEP,P,N,3120343.48,3120343.48,3120343.48,6,Y,N,Y,FSUSA1CZS7,capital group,US Fund High Yield Bond,US Fund High Yield Bond
2026-03-31,SLWF90KM3,NSHVX,FIDELITY,FIDELITY Blend Fund A,A,Y,WBS,ADVISORY,ADVISORY,BROKERAGE,SIM,P,N,4958513.18,4958513.18,4958513.18,11,Y,Y,Y,FSUSA4BHGL,Fidelity,US Fund Small Blend,US Fund Small Blend
2025-07-31,8LPQW2VMC,MAJHX,T ROWE PRICE,T ROWE PRICE Estate Fund S,S,Y,FINET,BROKERAGE,BROKERAGE,PIM,QP,P,N,1364546.33,1364546.33,1364546.33,40,Y,Y,Y,FSINVOVNZB,T. Rowe Price,US Fund Real Estate,US Fund Real Estate
2026-03-31,U6N7HV3IZ,HRUUX,JPMORGAN,JPMORGAN Value Fund S,S,Y,PCG,ADVISORY,ADVISORY,PIM,QP,P,N,1942291.48,1942291.48,1942291.48,28,Y,Y,N,FSUSAS5BKX,JPMorgan,US Fund Large Value,US Fund Large Value
2025-09-30,BPLJD84U8,ZRHBX,PIMCO,PIMCO Blend Fund A,A,Y,FINET,ADVISORY,ADVISORY,PIM,QP,P,Y,1408564.86,1408564.86,1408564.86,2,Y,N,Y,FSCAPPXIH2,PIMCO,US Fund Mid-Cap Blend,US Fund Mid-Cap Blend
2025-03-31,4874FRHOC,JZGUX,INVESCO,INVESCO Bond Fund C,C,Y,WFAS,BROKERAGE,BROKERAGE,BROKERAGE,IRA,P,N,770453.64,770453.64,770453.64,22,Y,Y,Y,FSUSAFVJ1Z,Invesco,US Fund Short-Term Bond,US Fund Short-Term Bond
2025-11-30,6Q3XLRFCD,XISNX,VANGUARD,VANGUARD Allocation Fund INV,INV,Y,FINET,ADVISORY,ADVISORY,FUNDSOURCE,IRA,S,Y,3930765.1,-3930765.1,-3930765.1,46,N,Y,Y,FSUSAMIGJS,Vanguard,US Fund Tactical Allocation,US Fund Tactical Allocation
2025-04-30,V1V93KMKZ,DBBHX,PIMCO,PIMCO Allocation Fund A,A,Y,WBS,ADVISORY,ADVISORY,FUNDSOURCE,SIM,P,N,397520.08,397520.08,397520.08,12,Y,N,Y,FSC3796172,PIMCO,US Fund Moderate Allocation,US Fund Moderate Allocation
2025-08-31,CATVAZCCB,INHMX,CAPITAL GROUP,CAPITAL GROUP Blend Fund INST,INST,Y,PCG,ADVISORY,ADVISORY,FUNDSOURCE,IRA,P,N,32063.8,32063.8,32063.8,5,Y,N,Y,FSC7363842,capital group,US Fund Small Blend,US Fund Small Blend
2025-03-31,V1V93KMKZ,DBBHX,PIMCO,PIMCO Allocation Fund A,A,Y,FINET,ADVISORY,ADVISORY,FUNDSOURCE,SIM,P,N,4180284.0,4180284.0,4180284.0,23,Y,Y,Y,FSC3796172,PIMCO,US Fund Moderate Allocation,US Fund Moderate Allocation
2025-05-31,WX7PTX63C,EHTOX,DWS FUNDS,DWS FUNDS Allocation Fund A,A,Y,FINET,ADVISORY,ADVISORY,FC/QC,IRA,S,Y,323734.36,-323734.36,-323734.36,46,Y,N,Y,FSCAPPGOXS,DWS,US Fund Moderate Allocation,US Fund Moderate Allocation
2025-10-31,Y6B2KNFTU,UECWX,VANGUARD,VANGUARD Bond Fund INV,INV,Y,FCCS,BROKERAGE,BROKERAGE,MASTERS,SEP,S,N,4572426.09,-4572426.09,-4572426.09,48,Y,Y,Y,FSUSAF3MVF,Vanguard,US Fund Short-Term Bond,US Fund Short-Term Bond
2025-06-30,QTL3Q4N89,MHJNX,MFS,MFS Blend Fund A,A,Y,FINET,ADVISORY,ADVISORY,FC/QC,SIM,P,N,3724974.29,3724974.29,3724974.29,21,Y,N,N,FSCAPO8FAQ,MFS,US Fund Mid-Cap Blend,US Fund Mid-Cap Blend
2026-02-28,N1YBWMLUN,GWZPX,INVESCO,INVESCO Blend Fund A,A,Y,WBS,BROKERAGE,BROKERAGE,BROKERAGE,NON-RETIREMENT,S,Y,2261155.95,-2261155.95,-2261155.95,25,N,Y,Y,FSINVZILDX,Invesco,US Fund Large Blend,US Fund Large Blend
2025-07-31,4V30T9NT3,QWPSX,INVESCO,INVESCO Growth Fund C,C,Y,PCG,ADVISORY,ADVISORY,ASSET ADVISOR,IRA,S,N,3309029.47,-3309029.47,-3309029.47,10,Y,Y,Y,FSCAP5YC33,Invesco,US Fund Small Growth,US Fund Small Growth
2025-05-31,U7EEQTUL1,LVXLX,FIRST EAGLE,FIRST EAGLE Estate Fund INST,INST,Y,FINET,ADVISORY,ADVISORY,PERSONALIZED UMA,SIM,S,N,4269146.38,-4269146.38,-4269146.38,11,Y,Y,Y,FSUSAS7SPG,First Eagle,US Fund Real Estate,US Fund Real Estate
2025-02-28,4DPJA1WJ0,OLABX,PIMCO,PIMCO Bond Fund S,S,Y,WBS,ADVISORY,ADVISORY,PERSONALIZED UMA,NON-RETIREMENT,S,N,3530267.52,-3530267.52,-3530267.52,1,N,Y,Y,FSCAP7M9HW,PIMCO,US Fund Short-Term Bond,US Fund Short-Term Bond
2025-11-30,WOCLYT8W5,MOQGX,T ROWE PRICE,T ROWE PRICE Blend Fund INST,INST,Y,PCG,ADVISORY,ADVISORY,PIM,NON-RETIREMENT,S,N,3058327.99,-3058327.99,-3058327.99,31,Y,Y,Y,FSINVVY2S9,T. Rowe Price,US Fund Large Blend,US Fund Large Blend
2025-06-30,RPN6QFGSX,QXUMX,LORD ABBETT,LORD ABBETT Estate Fund A,A,Y,FCCS,BROKERAGE,BROKERAGE,PERSONALIZED UMA,SEP,S,N,4550775.55,-4550775.55,-4550775.55,37,Y,Y,N,FSINVN2N0F,Lord Abbett,US Fund Real Estate,US Fund Real Estate
2026-01-31,TC89K8YQK,ZWCJX,LORD ABBETT,LORD ABBETT Bond Fund A,A,Y,PCG,ADVISORY,ADVISORY,FUNDSOURCE,SIM,S,N,4855692.85,-4855692.85,-4855692.85,2,Y,N,Y,FSC2646842,Lord Abbett,US Fund High Yield Bond,US Fund High Yield Bond
2025-10-31,O4KH2VLPY,NUYTX,PIMCO,PIMCO Blend Fund A,A,Y,FCCS,BROKERAGE,BROKERAGE,MASTERS,IRA,P,N,2646413.18,2646413.18,2646413.18,50,Y,N,Y,FSINVNDQ6K,PIMCO,US Fund Small Blend,US Fund Small Blend
2026-02-28,HQIN9N6XC,HZYVX,MFS,MFS Blend Fund C,C,Y,PCG,ADVISORY,ADVISORY,PERSONALIZED UMA,QP,S,N,2368997.8,-2368997.8,-2368997.8,18,N,Y,Y,FSC8686926,MFS,US Fund Small Blend,US Fund Small Blend
2025-04-30,8MGYN2JCP,LZEHX,NUVEEN,NUVEEN Estate Fund A,A,Y,PCG,ADVISORY,ADVISORY,BROKERAGE,NON-RETIREMENT,S,N,3229384.97,-3229384.97,-3229384.97,33,Y,N,Y,FSCAP9SFEF,Nuveen,US Fund Real Estate,US Fund Real Estate
2025-05-31,4V30T9NT3,QWPSX,INVESCO,INVESCO Growth Fund C,C,Y,WFAS,BROKERAGE,BROKERAGE,ASSET ADVISOR,SEP,P,Y,720725.97,720725.97,720725.97,10,Y,Y,Y,FSCAP5YC33,Invesco,US Fund Small Growth,US Fund Small Growth
2026-01-31,1M8XFDJGF,TBYQX,PIMCO,PIMCO Growth Fund A,A,Y,FINET,ADVISORY,ADVISORY,MASTERS,NON-RETIREMENT,P,N,4684546.45,4684546.45,4684546.45,21,N,Y,N,FSCAPS2MJ6,PIMCO,US Fund Small Growth,US Fund Small Growth
2025-08-31,UVY8N1UTO,QGCTX,INVESCO,INVESCO Allocation Fund S,S,Y,FINET,ADVISORY,ADVISORY,PIM,SIM,P,N,1576686.02,1576686.02,1576686.02,40,Y,Y,Y,FSINV12SDD,Invesco,US Fund Tactical Allocation,US Fund Tactical Allocation
2026-01-31,E2ATN2TWD,IZSNX,FRANKLIN TEMPLETON,FRANKLIN TEMPLETON Bond Fund INST,INST,Y,PCG,BROKERAGE,BROKERAGE,ASSET ADVISOR,IRA,P,Y,4416356.44,4416356.44,4416356.44,7,Y,N,Y,FSC7967512,Franklin Templeton,US Fund Short-Term Bond,US Fund Short-Term Bond
2025-06-30,HQIN9N6XC,HZYVX,MFS,MFS Blend Fund C,C,Y,WBS,ADVISORY,ADVISORY,FC/QC,SIM,P,N,2063502.62,2063502.62,2063502.62,36,Y,N,Y,FSC8686926,MFS,US Fund Small Blend,US Fund Small Blend
2026-01-31,6246HID25,KQEYX,FIRST EAGLE,FIRST EAGLE Growth Fund INST,INST,Y,WBS,BROKERAGE,BROKERAGE,BROKERAGE,NON-RETIREMENT,S,N,1304143.08,-1304143.08,-1304143.08,3,Y,Y,Y,FSUSAUK54B,First Eagle,US Fund Small Growth,US Fund Small Growth
2025-09-30,0YNCXLL4Z,HIKKX,FIDELITY,FIDELITY Bond Fund A,A,Y,WBS,ADVISORY,ADVISORY,MASTERS,SIM,P,N,1937932.57,1937932.57,1937932.57,46,Y,Y,Y,FSUSAP0XJP,Fidelity,US Fund Multisector Bond,US Fund Multisector Bond
2025-01-31,WK8R2YKCC,LMFPX,DWS FUNDS,DWS FUNDS Bond Fund INST,INST,Y,WBS,BROKERAGE,BROKERAGE,PIM,QP,P,Y,2913904.56,2913904.56,2913904.56,11,Y,Y,Y,FSCAPNRENH,DWS,US Fund High Yield Bond,US Fund High Yield Bond
2025-05-31,SLWF90KM3,NSHVX,FIDELITY,FIDELITY Blend Fund A,A,Y,WFAS,BROKERAGE,BROKERAGE,MASTERS,SEP,P,N,1871815.75,1871815.75,1871815.75,17,Y,Y,Y,FSUSA4BHGL,Fidelity,US Fund Small Blend,US Fund Small Blend
2025-10-31,8LPQW2VMC,MAJHX,T ROWE PRICE,T ROWE PRICE Estate Fund S,S,Y,PCG,ADVISORY,ADVISORY,FC/QC,IRA,S,N,3359395.93,-3359395.93,-3359395.93,14,Y,Y,Y,FSINVOVNZB,T. Rowe Price,US Fund Real Estate,US Fund Real Estate
2026-03-31,QVNB4GH2M,WSHAX,NUVEEN,NUVEEN Growth Fund S,S,Y,PCG,BROKERAGE,BROKERAGE,MASTERS,NON-RETIREMENT,P,N,1517201.34,1517201.34,1517201.34,20,Y,N,N,FSCAPUT3V8,Nuveen,US Fund Small Growth,US Fund Small Growth
2025-08-31,RPN6QFGSX,QXUMX,LORD ABBETT,LORD ABBETT Estate Fund A,A,Y,FINET,BROKERAGE,BROKERAGE,CUSTOMCHOICE,SIM,S,N,1943164.33,-1943164.33,-1943164.33,39,Y,N,N,FSINVN2N0F,Lord Abbett,US Fund Real Estate,US Fund Real Estate
2025-02-28,C8D1WJCIT,EKRMX,FRANKLIN TEMPLETON,FRANKLIN TEMPLETON Estate Fund C,C,Y,WFAS,BROKERAGE,BROKERAGE,MASTERS,IRA,S,N,4422119.57,-4422119.57,-4422119.57,25,Y,N,Y,FSC7392545,Franklin Templeton,US Fund Real Estate,US Fund Real Estate
2025-04-30,3TV3I12VJ,ZZOUX,AMERICAN FUNDS,AMERICAN FUNDS Bond Fund A,A,Y,PCG,ADVISORY,ADVISORY,BROKERAGE,SEP,S,N,4854715.52,-4854715.52,-4854715.52,8,Y,Y,N,FSUSA1CZS7,capital group,US Fund High Yield Bond,US Fund High Yield Bond
2025-02-28,RPN6QFGSX,QXUMX,LORD ABBETT,LORD ABBETT Estate Fund A,A,Y,FCCS,ADVISORY,ADVISORY,PERSONALIZED UMA,NON-RETIREMENT,S,N,3721430.54,-3721430.54,-3721430.54,6,Y,Y,N,FSINVN2N0F,Lord Abbett,US Fund Real Estate,US Fund Real Estate
2025-05-31,6RE4Q6QDY,VIJBX,T ROWE PRICE,T ROWE PRICE Blend Fund A,A,Y,PCG,BROKERAGE,BROKERAGE,ASSET ADVISOR,SIM,P,N,3514532.2,3514532.2,3514532.2,2,Y,Y,Y,FSUSA99GZA,T. Rowe Price,US Fund Small Blend,US Fund Small Blend
2025-01-31,R7KO64T02,XMHMX,FRANKLIN TEMPLETON,FRANKLIN TEMPLETON Blend Fund C,C,Y,PCG,BROKERAGE,BROKERAGE,MASTERS,SIM,P,Y,220646.54,220646.54,220646.54,18,Y,Y,N,FSC8379085,Franklin Templeton,US Fund Mid-Cap Blend,US Fund Mid-Cap Blend
2025-12-31,8J5ECRUYF,VYCGX,INVESCO,INVESCO Bond Fund INST,INST,N,WFAS,BROKERAGE,BROKERAGE,FC/QC,QP,P,N,10241.96,10241.96,10241.96,32,Y,N,Y,FSINV30AHC,Invesco,US Fund High Yield Bond,US Fund High Yield Bond
2025-06-30,QE3RZSJ49,GOJXX,BLACKROCK,BLACKROCK Allocation Fund INST,INST,Y,PCG,ADVISORY,ADVISORY,PIM,QP,P,N,1836802.12,1836802.12,1836802.12,21,Y,Y,Y,FSCAPJJ3ZW,BlackRock,US Fund Moderate Allocation,US Fund Moderate Allocation
2025-06-30,8VMUHXID4,JTOUX,FRANKLIN TEMPLETON,FRANKLIN TEMPLETON Bond Fund INST,INST,Y,WFAS,BROKERAGE,BROKERAGE,PERSONALIZED UMA,QP,P,N,1737511.88,1737511.88,1737511.88,28,Y,Y,Y,FSINVCNRVP,Franklin Templeton,US Fund Intermediate Core Bond,US Fund Intermediate Core Bond
2025-11-30,QZXEBB9EI,NKJYX,VANGUARD,VANGUARD Bond Fund A,A,Y,PCG,ADVISORY,ADVISORY,CUSTOMCHOICE,QP,P,N,3768639.72,3768639.72,3768639.72,41,Y,Y,Y,FSC4693666,Vanguard,US Fund Intermediate Core Bond,US Fund Intermediate Core Bond
2026-02-28,0YNCXLL4Z,HIKKX,FIDELITY,FIDELITY Bond Fund A,A,Y,WFAS,BROKERAGE,BROKERAGE,BROKERAGE,QP,S,N,4123515.18,-4123515.18,-4123515.18,1,Y,Y,N,FSUSAP0XJP,Fidelity,US Fund Multisector Bond,US Fund Multisector Bond
2025-11-30,V1V93KMKZ,DBBHX,PIMCO,PIMCO Allocation Fund A,A,Y,WFAS,BROKERAGE,BROKERAGE,FC/QC,QP,S,Y,1674831.22,-1674831.22,-1674831.22,26,Y,Y,Y,FSC3796172,PIMCO,US Fund Moderate Allocation,US Fund Moderate Allocation
2025-04-30,4DPJA1WJ0,OLABX,PIMCO,PIMCO Bond Fund S,S,Y,PCG,BROKERAGE,BROKERAGE,BROKERAGE,QP,S,N,2268543.62,-2268543.62,-2268543.62,32,Y,Y,N,FSCAP7M9HW,PIMCO,US Fund Short-Term Bond,US Fund Short-Term Bond
2026-01-31,8J5ECRUYF,VYCGX,INVESCO,INVESCO Bond Fund INST,INST,Y,WFAS,ADVISORY,ADVISORY,BROKERAGE,IRA,P,N,4126247.16,4126247.16,4126247.16,8,Y,N,Y,FSINV30AHC,Invesco,US Fund High Yield Bond,US Fund High Yield Bond
2025-05-31,MO5BXXC02,CENDX,FRANKLIN TEMPLETON,FRANKLIN TEMPLETON Value Fund INST,INST,Y,PCG,BROKERAGE,BROKERAGE,MASTERS,SEP,P,N,595205.19,595205.19,595205.19,14,Y,Y,N,FSINV8HE3N,Franklin Templeton,US Fund Large Value,US Fund Large Value
2025-10-31,QT3WVEDN9,OJDPX,BLACKROCK,BLACKROCK Blend Fund A,A,Y,PCG,ADVISORY,ADVISORY,PERSONALIZED UMA,SIM,P,Y,2456921.68,2456921.68,2456921.68,50,Y,Y,Y,FSINV1KDAD,BlackRock,US Fund Foreign Large Blend,US Fund Foreign Large Blend
2025-11-30,YYO4UDOJE,JTGJX,BLACKROCK,BLACKROCK Bond Fund INST,INST,Y,FCCS,ADVISORY,ADVISORY,PERSONALIZED UMA,SEP,P,Y,137126.98,137126.98,137126.98,6,Y,N,Y,FSCAPSG2R8,BlackRock,US Fund Short-Term Bond,US Fund Short-Term Bond
2025-08-31,ZW9XA3KX7,DDCOX,CAPITAL GROUP,CAPITAL GROUP Blend Fund A,A,Y,PCG,ADVISORY,ADVISORY,PERSONALIZED UMA,NON-RETIREMENT,P,N,1687244.8,1687244.8,1687244.8,7,Y,Y,N,FSCAPVVD5U,capital group,US Fund Small Blend,US Fund Small Blend
2026-03-31,JH75LXO6Q,GGOGX,MFS,MFS Blend Fund A,A,Y,WBS,ADVISORY,ADVISORY,BROKERAGE,SEP,P,N,345963.49,345963.49,345963.49,45,Y,Y,Y,FSCAPUR81B,MFS,US Fund Small Blend,US Fund Small Blend
2025-01-31,U7EEQTUL1,LVXLX,FIRST EAGLE,FIRST EAGLE Estate Fund INST,INST,Y,WFAS,ADVISORY,ADVISORY,FUNDSOURCE,SIM,P,Y,1657412.31,1657412.31,1657412.31,1,Y,N,Y,FSUSAS7SPG,First Eagle,US Fund Real Estate,US Fund Real Estate
2026-01-31,R7KO64T02,XMHMX,FRANKLIN TEMPLETON,FRANKLIN TEMPLETON Blend Fund C,C,Y,WBS,BROKERAGE,BROKERAGE,PERSONALIZED UMA,NON-RETIREMENT,P,N,1511732.0,1511732.0,1511732.0,45,Y,Y,Y,FSC8379085,Franklin Templeton,US Fund Mid-Cap Blend,US Fund Mid-Cap Blend
2025-12-31,T7E8G8JDP,SIPNX,CAPITAL GROUP,CAPITAL GROUP Blend Fund A,A,Y,WFAS,ADVISORY,ADVISORY,FC/QC,IRA,S,Y,3026227.26,-3026227.26,-3026227.26,45,Y,Y,Y,FSUSAYANEZ,capital group,US Fund Foreign Large Blend,US Fund Foreign Large Blend
2025-05-31,4FFYVNVQJ,OYRCX,LORD ABBETT,LORD ABBETT Blend Fund INST,INST,Y,WFAS,ADVISORY,ADVISORY,PIM,SIM,P,Y,3510387.78,3510387.78,3510387.78,16,Y,N,Y,FSINVDZ4HR,Lord Abbett,US Fund Foreign Large Blend,US Fund Foreign Large Blend
2025-02-28,U7EEQTUL1,LVXLX,FIRST EAGLE,FIRST EAGLE Estate Fund INST,INST,Y,PCG,BROKERAGE,BROKERAGE,MASTERS,SIM,P,N,3323372.43,3323372.43,3323372.43,43,Y,Y,Y,FSUSAS7SPG,First Eagle,US Fund Real Estate,US Fund Real Estate
2025-04-30,V1V93KMKZ,DBBHX,PIMCO,PIMCO Allocation Fund A,A,Y,PCG,ADVISORY,ADVISORY,BROKERAGE,IRA,P,N,666507.5,666507.5,666507.5,18,Y,Y,N,FSC3796172,PIMCO,US Fund Moderate Allocation,US Fund Moderate Allocation
2025-06-30,0YNCXLL4Z,HIKKX,FIDELITY,FIDELITY Bond Fund A,A,Y,WBS,ADVISORY,ADVISORY,PERSONALIZED UMA,NON-RETIREMENT,S,N,4302998.14,-4302998.14,-4302998.14,25,Y,Y,N,FSUSAP0XJP,Fidelity,US Fund Multisector Bond,US Fund Multisector Bond
2025-03-31,4874FRHOC,JZGUX,INVESCO,INVESCO Bond Fund C,C,Y,WBS,BROKERAGE,BROKERAGE,ASSET ADVISOR,QP,S,Y,4289299.23,-4289299.23,-4289299.23,41,Y,N,Y,FSUSAFVJ1Z,Invesco,US Fund Short-Term Bond,US Fund Short-Term Bond
2026-02-28,2DHYLURTP,TISHX,CAPITAL GROUP,CAPITAL GROUP Growth Fund A,A,Y,WFAS,BROKERAGE,BROKERAGE,BROKERAGE,NON-RETIREMENT,P,N,298835.25,298835.25,298835.25,24,Y,Y,N,FSINVHRONH,capital group,US Fund Large Growth,US Fund Large Growth
2025-08-31,T7E8G8JDP,SIPNX,CAPITAL GROUP,CAPITAL GROUP Blend Fund A,A,Y,WFAS,BROKERAGE,BROKERAGE,CUSTOMCHOICE,NON-RETIREMENT,S,N,3952442.74,-3952442.74,-3952442.74,19,Y,Y,Y,FSUSAYANEZ,capital group,US Fund Foreign Large Blend,US Fund Foreign Large Blend
2025-02-28,WYJXRPJ1E,LHRMX,INVESCO,INVESCO Bond Fund A,A,Y,PCG,BROKERAGE,BROKERAGE,MASTERS,SIM,P,N,3522519.63,3522519.63,3522519.63,42,Y,N,Y,FSCAPRK315,Invesco,US Fund Intermediate Core Bond,US Fund Intermediate Core Bond
2025-10-31,8MGYN2JCP,LZEHX,NUVEEN,NUVEEN Estate Fund A,A,Y,PCG,ADVISORY,ADVISORY,CUSTOMCHOICE,SIM,P,N,1541055.25,1541055.25,1541055.25,45,Y,Y,Y,FSCAP9SFEF,Nuveen,US Fund Real Estate,US Fund Real Estate
2025-05-31,MO5BXXC02,CENDX,FRANKLIN TEMPLETON,FRANKLIN TEMPLETON Value Fund INST,INST,Y,PCG,ADVISORY,ADVISORY,PIM,NON-RETIREMENT,S,N,4670837.26,-4670837.26,-4670837.26,23,N,Y,Y,FSINV8HE3N,Franklin Templeton,US Fund Large Value,US Fund Large Value
2025-05-31,17MGFXC08,CNJLX,NUVEEN,NUVEEN Blend Fund INV,INV,Y,WFAS,BROKERAGE,BROKERAGE,CUSTOMCHOICE,SEP,P,N,2119528.64,2119528.64,2119528.64,44,Y,Y,Y,FSUSALNO19,Nuveen,US Fund Small Blend,US Fund Small Blend
2025-10-31,N1YBWMLUN,GWZPX,INVESCO,INVESCO Blend Fund A,A,Y,PCG,ADVISORY,ADVISORY,PIM,NON-RETIREMENT,P,N,586495.23,586495.23,586495.23,32,Y,Y,Y,FSINVZILDX,Invesco,US Fund Large Blend,US Fund Large Blend
2025-08-31,E2ATN2TWD,IZSNX,FRANKLIN TEMPLETON,FRANKLIN TEMPLETON Bond Fund INST,INST,Y,FCCS,ADVISORY,ADVISORY,FC/QC,IRA,P,N,732126.42,732126.42,732126.42,17,Y,Y,N,FSC7967512,Franklin Templeton,US Fund Short-Term Bond,US Fund Short-Term Bond
2026-02-28,KTSG7FXZV,VOVAX,CAPITAL GROUP,CAPITAL GROUP Bond Fund INST,INST,Y,WBS,ADVISORY,ADVISORY,PERSONALIZED UMA,QP,P,N,2837484.48,2837484.48,2837484.48,28,Y,Y,Y,FSCAPU9MJ4,capital group,US Fund Intermediate Core Bond,US Fund Intermediate Core Bond
2026-01-31,HQIN9N6XC,HZYVX,MFS,MFS Blend Fund C,C,Y,WBS,ADVISORY,ADVISORY,MASTERS,NON-RETIREMENT,S,N,272983.47,-272983.47,-272983.47,48,Y,Y,N,FSC8686926,MFS,US Fund Small Blend,US Fund Small Blend
2025-01-31,E2ATN2TWD,IZSNX,FRANKLIN TEMPLETON,FRANKLIN TEMPLETON Bond Fund INST,INST,Y,WBS,ADVISORY,ADVISORY,FUNDSOURCE,NON-RETIREMENT,P,N,1688360.66,1688360.66,1688360.66,37,Y,N,Y,FSC7967512,Franklin Templeton,US Fund Short-Term Bond,US Fund Short-Term Bond
2025-03-31,8J5ECRUYF,VYCGX,INVESCO,INVESCO Bond Fund INST,INST,Y,FCCS,ADVISORY,ADVISORY,FC/QC,NON-RETIREMENT,P,N,2920807.98,2920807.98,2920807.98,2,N,Y,Y,FSINV30AHC,Invesco,US Fund High Yield Bond,US Fund High Yield Bond
2026-01-31,DMLY4LYK8,VOLIX,BLACKROCK,BLACKROCK Value Fund C,C,N,WBS,ADVISORY,ADVISORY,CUSTOMCHOICE,NON-RETIREMENT,P,N,478870.45,478870.45,478870.45,18,Y,Y,Y,FSINVW6LMH,BlackRock,US Fund Large Value,US Fund Large Value
2026-02-28,KTSG7FXZV,VOVAX,CAPITAL GROUP,CAPITAL GROUP Bond Fund INST,INST,Y,PCG,ADVISORY,ADVISORY,PERSONALIZED UMA,SIM,P,N,1933823.12,1933823.12,1933823.12,25,Y,N,Y,FSCAPU9MJ4,capital group,US Fund Intermediate Core Bond,US Fund Intermediate Core Bond
2025-04-30,DMLY4LYK8,VOLIX,BLACKROCK,BLACKROCK Value Fund C,C,Y,PCG,ADVISORY,ADVISORY,PERSONALIZED UMA,QP,S,N,2457853.37,-2457853.37,-2457853.37,29,Y,Y,Y,FSINVW6LMH,BlackRock,US Fund Large Value,US Fund Large Value
2026-02-28,QJIDKNWI5,EIPIX,JPMORGAN,JPMORGAN Allocation Fund INST,INST,Y,PCG,ADVISORY,ADVISORY,FC/QC,SEP,S,N,1888632.51,-1888632.51,-1888632.51,19,Y,Y,N,FSCAPZ4DKB,JPMorgan,US Fund Tactical Allocation,US Fund Tactical Allocation
2025-11-30,JH75LXO6Q,GGOGX,MFS,MFS Blend Fund A,A,Y,WFAS,ADVISORY,ADVISORY,FC/QC,QP,S,N,1220742.45,-1220742.45,-1220742.45,25,Y,Y,Y,FSCAPUR81B,MFS,US Fund Small Blend,US Fund Small Blend
2025-02-28,1KERPETIU,RJKTX,VANGUARD,VANGUARD Bond Fund A,A,Y,PCG,BROKERAGE,BROKERAGE,CUSTOMCHOICE,NON-RETIREMENT,P,N,1741476.14,1741476.14,1741476.14,38,Y,Y,N,FSINVZ17YR,Vanguard,US Fund Short-Term Bond,US Fund Short-Term Bond
2025-07-31,4FFYVNVQJ,OYRCX,LORD ABBETT,LORD ABBETT Blend Fund INST,INST,Y,PCG,BROKERAGE,BROKERAGE,BROKERAGE,SEP,P,Y,3803670.85,3803670.85,3803670.85,17,Y,Y,N,FSINVDZ4HR,Lord Abbett,US Fund Foreign Large Blend,US Fund Foreign Large Blend
2026-02-28,BSWRPBJEK,WMAQX,JPMORGAN,JPMORGAN Growth Fund INV,INV,Y,PCG,ADVISORY,ADVISORY,ASSET ADVISOR,QP,S,N,1145828.79,-1145828.79,-1145828.79,42,Y,N,N,FSINVVT0VG,JPMorgan,US Fund Large Growth,US Fund Large Growth
2025-05-31,R7KO64T02,XMHMX,FRANKLIN TEMPLETON,FRANKLIN TEMPLETON Blend Fund C,C,Y,WFAS,ADVISORY,ADVISORY,FUNDSOURCE,QP,P,N,4710109.52,4710109.52,4710109.52,5,Y,Y,Y,FSC8379085,Franklin Templeton,US Fund Mid-Cap Blend,US Fund Mid-Cap Blend
2025-02-28,8MGYN2JCP,LZEHX,NUVEEN,NUVEEN Estate Fund A,A,Y,WBS,ADVISORY,ADVISORY,CUSTOMCHOICE,NON-RETIREMENT,S,N,2767416.55,-2767416.55,-2767416.55,21,Y,N,Y,FSCAP9SFEF,Nuveen,US Fund Real Estate,US Fund Real Estate
2025-09-30,4FMYZYCWT,GMHYX,DWS FUNDS,DWS FUNDS Bond Fund A,A,Y,PCG,ADVISORY,ADVISORY,CUSTOMCHOICE,NON-RETIREMENT,P,Y,284721.93,284721.93,284721.93,24,Y,Y,Y,FSCAPZUVDG,DWS,US Fund High Yield Bond,US Fund High Yield Bond
2025-12-31,R7KO64T02,XMHMX,FRANKLIN TEMPLETON,FRANKLIN TEMPLETON Blend Fund C,C,Y,PCG,BROKERAGE,BROKERAGE,FC/QC,NON-RETIREMENT,P,N,1241449.88,1241449.88,1241449.88,30,Y,Y,Y,FSC8379085,Franklin Templeton,US Fund Mid-Cap Blend,US Fund Mid-Cap Blend
2025-09-30,UVY8N1UTO,QGCTX,INVESCO,INVESCO Allocation Fund S,S,Y,WBS,BROKERAGE,BROKERAGE,FC/QC,SEP,S,N,4444019.09,-4444019.09,-4444019.09,27,Y,N,Y,FSINV12SDD,Invesco,US Fund Tactical Allocation,US Fund Tactical Allocation
2025-04-30,4FFYVNVQJ,OYRCX,LORD ABBETT,LORD ABBETT Blend Fund INST,INST,Y,FCCS,ADVISORY,ADVISORY,FC/QC,SIM,P,N,4973575.6,4973575.6,4973575.6,2,Y,Y,Y,FSINVDZ4HR,Lord Abbett,US Fund Foreign Large Blend,US Fund Foreign Large Blend
2026-01-31,EAL2W37D4,GPNKX,FIDELITY,FIDELITY Blend Fund C,C,Y,FINET,BROKERAGE,BROKERAGE,MASTERS,SIM,S,N,736277.25,-736277.25,-736277.25,2,Y,N,Y,FSUSAVKKPF,Fidelity,US Fund Large Blend,US Fund Large Blend
2025-08-31,8VMUHXID4,JTOUX,FRANKLIN TEMPLETON,FRANKLIN TEMPLETON Bond Fund INST,INST,Y,FCCS,ADVISORY,ADVISORY,FUNDSOURCE,NON-RETIREMENT,S,N,1858149.83,-1858149.83,-1858149.83,7,Y,Y,Y,FSINVCNRVP,Franklin Templeton,US Fund Intermediate Core Bond,US Fund Intermediate Core Bond
2026-03-31,LFEWVZNVK,NLUCX,DWS FUNDS,DWS FUNDS Blend Fund INV,INV,N,WBS,ADVISORY,ADVISORY,PERSONALIZED UMA,IRA,S,N,2167194.97,-2167194.97,-2167194.97,31,Y,Y,Y,FSINVF3PFW,DWS,US Fund Large Blend,US Fund Large Blend
2025-03-31,2EK3ZEZQA,CGVOX,JPMORGAN,JPMORGAN Allocation Fund A,A,Y,PCG,ADVISORY,ADVISORY,FUNDSOURCE,QP,P,N,506962.99,506962.99,506962.99,29,Y,N,Y,FSUSAD1XUN,JPMorgan,US Fund Moderate Allocation,US Fund Moderate Allocation
2025-06-30,SLWF90KM3,NSHVX,FIDELITY,FIDELITY Blend Fund A,A,Y,WBS,ADVISORY,ADVISORY,PERSONALIZED UMA,SIM,P,N,255056.29,255056.29,255056.29,3,Y,Y,Y,FSUSA4BHGL,Fidelity,US Fund Small Blend,US Fund Small Blend
2025-02-28,2EK3ZEZQA,CGVOX,JPMORGAN,JPMORGAN Allocation Fund A,A,Y,FINET,ADVISORY,ADVISORY,MASTERS,NON-RETIREMENT,S,N,767073.36,-767073.36,-767073.36,13,Y,Y,Y,FSUSAD1XUN,JPMorgan,US Fund Moderate Allocation,US Fund Moderate Allocation
2025-01-31,JSG65KXVF,TOUNX,FIRST EAGLE,FIRST EAGLE Blend Fund INST,INST,Y,WBS,ADVISORY,ADVISORY,CUSTOMCHOICE,SIM,P,N,4767821.52,4767821.52,4767821.52,17,N,Y,N,FSCAP4FGYV,First Eagle,US Fund Small Blend,US Fund Small Blend
2026-02-28,U7EEQTUL1,LVXLX,FIRST EAGLE,FIRST EAGLE Estate Fund INST,INST,Y,FCCS,ADVISORY,ADVISORY,CUSTOMCHOICE,SIM,P,N,3636326.06,3636326.06,3636326.06,43,Y,N,Y,FSUSAS7SPG,First Eagle,US Fund Real Estate,US Fund Real Estate
2026-02-28,3TV3I12VJ,ZZOUX,AMERICAN FUNDS,AMERICAN FUNDS Bond Fund A,A,Y,FCCS,ADVISORY,ADVISORY,PIM,SEP,P,N,4782640.52,4782640.52,4782640.52,43,Y,N,Y,FSUSA1CZS7,capital group,US Fund High Yield Bond,US Fund High Yield Bond
2026-01-31,BSWRPBJEK,WMAQX,JPMORGAN,JPMORGAN Growth Fund INV,INV,Y,WBS,ADVISORY,ADVISORY,PIM,QP,P,N,4483002.32,4483002.32,4483002.32,47,N,Y,Y,FSINVVT0VG,JPMorgan,US Fund Large Growth,US Fund Large Growth
2025-02-28,WX7PTX63C,EHTOX,DWS FUNDS,DWS FUNDS Allocation Fund A,A,N,FCCS,ADVISORY,ADVISORY,PERSONALIZED UMA,NON-RETIREMENT,S,N,2775292.91,-2775292.91,-2775292.91,45,Y,Y,Y,FSCAPPGOXS,DWS,US Fund Moderate Allocation,US Fund Moderate Allocation
2025-10-31,WYJXRPJ1E,LHRMX,INVESCO,INVESCO Bond Fund A,A,N,FCCS,ADVISORY,ADVISORY,ASSET ADVISOR,SEP,P,N,406105.45,406105.45,406105.45,4,Y,N,Y,FSCAPRK315,Invesco,US Fund Intermediate Core Bond,US Fund Intermediate Core Bond
2025-01-31,UXLEZ896D,RNAIX,INVESCO,INVESCO Bond Fund A,A,Y,FCCS,ADVISORY,ADVISORY,FC/QC,QP,P,N,1852215.3,1852215.3,1852215.3,28,Y,Y,Y,FSC9366170,Invesco,US Fund Intermediate Core Bond,US Fund Intermediate Core Bond
2025-06-30,WJCKJLTEI,SSBKX,FIRST EAGLE,FIRST EAGLE Blend Fund C,C,Y,PCG,ADVISORY,ADVISORY,BROKERAGE,NON-RETIREMENT,P,N,1636050.92,1636050.92,1636050.92,32,Y,N,Y,FSC7422675,First Eagle,US Fund Small Blend,US Fund Small Blend
2025-01-31,FB9W1Q5UZ,JKDRX,VANGUARD,VANGUARD Growth Fund A,A,Y,PCG,BROKERAGE,BROKERAGE,PIM,QP,P,Y,888276.56,888276.56,888276.56,11,Y,Y,Y,FSCAP3Y8BT,Vanguard,US Fund Large Growth,US Fund Large Growth
2025-02-28,KTSG7FXZV,VOVAX,CAPITAL GROUP,CAPITAL GROUP Bond Fund INST,INST,Y,PCG,ADVISORY,ADVISORY,FC/QC,SIM,S,N,3072009.53,-3072009.53,-3072009.53,38,Y,N,Y,FSCAPU9MJ4,capital group,US Fund Intermediate Core Bond,US Fund Intermediate Core Bond
2025-05-31,QT3WVEDN9,OJDPX,BLACKROCK,BLACKROCK Blend Fund A,A,Y,WFAS,ADVISORY,ADVISORY,ASSET ADVISOR,SIM,P,N,2311951.67,2311951.67,2311951.67,45,Y,Y,Y,FSINV1KDAD,BlackRock,US Fund Foreign Large Blend,US Fund Foreign Large Blend
2025-12-31,U7EEQTUL1,LVXLX,FIRST EAGLE,FIRST EAGLE Estate Fund INST,INST,Y,FINET,ADVISORY,ADVISORY,FC/QC,SIM,P,N,2262816.01,2262816.01,2262816.01,16,Y,N,Y,FSUSAS7SPG,First Eagle,US Fund Real Estate,US Fund Real Estate
2025-04-30,RPN6QFGSX,QXUMX,LORD ABBETT,LORD ABBETT Estate Fund A,A,N,WFAS,ADVISORY,ADVISORY,CUSTOMCHOICE,IRA,P,Y,3516321.45,3516321.45,3516321.45,9,Y,Y,Y,FSINVN2N0F,Lord Abbett,US Fund Real Estate,US Fund Real Estate
2025-10-31,Y6B2KNFTU,UECWX,VANGUARD,VANGUARD Bond Fund INV,INV,Y,FINET,BROKERAGE,BROKERAGE,MASTERS,NON-RETIREMENT,P,N,2408243.02,2408243.02,2408243.02,42,Y,Y,Y,FSUSAF3MVF,Vanguard,US Fund Short-Term Bond,US Fund Short-Term Bond
2025-01-31,MO5BXXC02,CENDX,FRANKLIN TEMPLETON,FRANKLIN TEMPLETON Value Fund INST,INST,Y,WBS,ADVISORY,ADVISORY,FC/QC,SEP,P,N,4265411.38,4265411.38,4265411.38,21,Y,N,Y,FSINV8HE3N,Franklin Templeton,US Fund Large Value,US Fund Large Value
2026-02-28,E2ATN2TWD,IZSNX,FRANKLIN TEMPLETON,FRANKLIN TEMPLETON Bond Fund INST,INST,Y,WBS,BROKERAGE,BROKERAGE,PERSONALIZED UMA,SEP,S,N,37689.8,-37689.8,-37689.8,9,Y,Y,N,FSC7967512,Franklin Templeton,US Fund Short-Term Bond,US Fund Short-Term Bond
2025-12-31,U6N7HV3IZ,HRUUX,JPMORGAN,JPMORGAN Value Fund S,S,Y,PCG,ADVISORY,ADVISORY,PIM,SEP,P,Y,192726.2,192726.2,192726.2,31,Y,N,Y,FSUSAS5BKX,JPMorgan,US Fund Large Value,US Fund Large Value
2025-06-30,O4KH2VLPY,NUYTX,PIMCO,PIMCO Blend Fund A,A,Y,PCG,ADVISORY,ADVISORY,FUNDSOURCE,SIM,S,N,4288941.53,-4288941.53,-4288941.53,47,Y,Y,Y,FSINVNDQ6K,PIMCO,US Fund Small Blend,US Fund Small Blend
2025-05-31,UVY8N1UTO,QGCTX,INVESCO,INVESCO Allocation Fund S,S,Y,WBS,ADVISORY,ADVISORY,ASSET ADVISOR,SIM,P,Y,3778990.0,3778990.0,3778990.0,27,Y,N,Y,FSINV12SDD,Invesco,US Fund Tactical Allocation,US Fund Tactical Allocation
2026-03-31,V1V93KMKZ,DBBHX,PIMCO,PIMCO Allocation Fund A,A,Y,FINET,ADVISORY,ADVISORY,BROKERAGE,NON-RETIREMENT,P,N,2954672.88,2954672.88,2954672.88,38,Y,Y,Y,FSC3796172,PIMCO,US Fund Moderate Allocation,US Fund Moderate Allocation
2025-04-30,JSG65KXVF,TOUNX,FIRST EAGLE,FIRST EAGLE Blend Fund INST,INST,Y,FCCS,ADVISORY,ADVISORY,MASTERS,QP,S,N,2246525.04,-2246525.04,-2246525.04,35,Y,Y,N,FSCAP4FGYV,First Eagle,US Fund Small Blend,US Fund Small Blend
2026-01-31,WOCLYT8W5,MOQGX,T ROWE PRICE,T ROWE PRICE Blend Fund INST,INST,Y,FINET,ADVISORY,ADVISORY,MASTERS,IRA,S,N,256452.86,-256452.86,-256452.86,25,Y,Y,Y,FSINVVY2S9,T. Rowe Price,US Fund Large Blend,US Fund Large Blend
2025-01-31,U6N7HV3IZ,HRUUX,JPMORGAN,JPMORGAN Value Fund S,S,Y,PCG,BROKERAGE,BROKERAGE,CUSTOMCHOICE,SEP,S,N,398844.62,-398844.62,-398844.62,19,Y,Y,N,FSUSAS5BKX,JPMorgan,US Fund Large Value,US Fund Large Value
2025-12-31,RPN6QFGSX,QXUMX,LORD ABBETT,LORD ABBETT Estate Fund A,A,N,WBS,ADVISORY,ADVISORY,ASSET ADVISOR,IRA,P,N,488472.75,488472.75,488472.75,8,Y,Y,Y,FSINVN2N0F,Lord Abbett,US Fund Real Estate,US Fund Real Estate
2025-03-31,DMLY4LYK8,VOLIX,BLACKROCK,BLACKROCK Value Fund C,C,Y,WFAS,BROKERAGE,BROKERAGE,PERSONALIZED UMA,QP,P,Y,2256732.32,2256732.32,2256732.32,43,Y,N,Y,FSINVW6LMH,BlackRock,US Fund Large Value,US Fund Large Value
2025-06-30,HZIOYKL1C,LZZBX,FIRST EAGLE,FIRST EAGLE Bond Fund A,A,Y,PCG,ADVISORY,ADVISORY,ASSET ADVISOR,IRA,P,N,4033106.19,4033106.19,4033106.19,22,Y,N,Y,FSUSAMFLIX,First Eagle,US Fund Multisector Bond,US Fund Multisector Bond
2026-03-31,ST0SX5WVF,ESQXX,CAPITAL GROUP,CAPITAL GROUP Bond Fund INST,INST,Y,WFAS,ADVISORY,ADVISORY,ASSET ADVISOR,QP,S,N,1757237.23,-1757237.23,-1757237.23,26,Y,Y,Y,FSINV6Z5AS,capital group,US Fund Intermediate Core Bond,US Fund Intermediate Core Bond
2025-12-31,WK8R2YKCC,LMFPX,DWS FUNDS,DWS FUNDS Bond Fund INST,INST,Y,FCCS,BROKERAGE,BROKERAGE,PERSONALIZED UMA,QP,S,N,4880698.26,-4880698.26,-4880698.26,25,Y,Y,N,FSCAPNRENH,DWS,US Fund High Yield Bond,US Fund High Yield Bond
2025-08-31,4FFYVNVQJ,OYRCX,LORD ABBETT,LORD ABBETT Blend Fund INST,INST,Y,PCG,BROKERAGE,BROKERAGE,PIM,SIM,P,Y,2854911.02,2854911.02,2854911.02,1,N,N,Y,FSINVDZ4HR,Lord Abbett,US Fund Foreign Large Blend,US Fund Foreign Large Blend
2025-10-31,ZW9XA3KX7,DDCOX,CAPITAL GROUP,CAPITAL GROUP Blend Fund A,A,Y,WBS,ADVISORY,ADVISORY,PIM,IRA,P,N,3830742.69,3830742.69,3830742.69,3,Y,Y,Y,FSCAPVVD5U,capital group,US Fund Small Blend,US Fund Small Blend
2026-02-28,8MGYN2JCP,LZEHX,NUVEEN,NUVEEN Estate Fund A,A,Y,FINET,BROKERAGE,BROKERAGE,CUSTOMCHOICE,SEP,P,Y,195174.48,195174.48,195174.48,10,Y,N,N,FSCAP9SFEF,Nuveen,US Fund Real Estate,US Fund Real Estate
2025-06-30,7BH25LLO3,MAQHX,DWS FUNDS,DWS FUNDS Bond Fund C,C,Y,FCCS,ADVISORY,ADVISORY,PIM,NON-RETIREMENT,P,N,1542271.47,1542271.47,1542271.47,9,Y,Y,N,FSC8694117,DWS,US Fund Intermediate Core Bond,US Fund Intermediate Core Bond
2025-02-28,HQIN9N6XC,HZYVX,MFS,MFS Blend Fund C,C,Y,PCG,BROKERAGE,BROKERAGE,FUNDSOURCE,QP,P,N,1321367.16,1321367.16,1321367.16,15,Y,Y,Y,FSC8686926,MFS,US Fund Small Blend,US Fund Small Blend
2026-03-31,B5M9J98CW,JURYX,AMERICAN FUNDS,AMERICAN FUNDS Growth Fund A,A,Y,FINET,ADVISORY,ADVISORY,MASTERS,QP,S,N,4057979.72,-4057979.72,-4057979.72,7,Y,N,Y,FSCAPBLFOC,capital group,US Fund Large Growth,US Fund Large Growth
2025-02-28,WYJXRPJ1E,LHRMX,INVESCO,INVESCO Bond Fund A,A,Y,FCCS,ADVISORY,ADVISORY,BROKERAGE,IRA,S,Y,1345606.42,-1345606.42,-1345606.42,3,Y,Y,Y,FSCAPRK315,Invesco,US Fund Intermediate Core Bond,US Fund Intermediate Core Bond
2025-03-31,BPLJD84U8,ZRHBX,PIMCO,PIMCO Blend Fund A,A,Y,PCG,ADVISORY,ADVISORY,ASSET ADVISOR,IRA,P,N,2806171.76,2806171.76,2806171.76,47,Y,Y,N,FSCAPPXIH2,PIMCO,US Fund Mid-Cap Blend,US Fund Mid-Cap Blend
2025-04-30,WC4RTWUZK,AJOEX,MFS,MFS Bond Fund C,C,Y,WFAS,ADVISORY,ADVISORY,FUNDSOURCE,SIM,S,N,26929.81,-26929.81,-26929.81,4,Y,Y,Y,FSUSAR848N,MFS,US Fund Multisector Bond,US Fund Multisector Bond
2025-05-31,7BH25LLO3,MAQHX,DWS FUNDS,DWS FUNDS Bond Fund C,C,Y,PCG,BROKERAGE,BROKERAGE,FUNDSOURCE,QP,P,N,2022900.71,2022900.71,2022900.71,8,Y,Y,Y,FSC8694117,DWS,US Fund Intermediate Core Bond,US Fund Intermediate Core Bond
2025-02-28,VBDIVUZZP,LHWTX,VANGUARD,VANGUARD Growth Fund A,A,Y,PCG,ADVISORY,ADVISORY,ASSET ADVISOR,NON-RETIREMENT,P,N,956229.11,956229.11,956229.11,3,Y,Y,Y,FSCAP853QJ,Vanguard,US Fund Large Growth,US Fund Large Growth
2025-11-30,4874FRHOC,JZGUX,INVESCO,INVESCO Bond Fund C,C,Y,PCG,ADVISORY,ADVISORY,FUNDSOURCE,IRA,P,N,4826116.86,4826116.86,4826116.86,1,Y,Y,Y,FSUSAFVJ1Z,Invesco,US Fund Short-Term Bond,US Fund Short-Term Bond
2025-12-31,O4KH2VLPY,NUYTX,PIMCO,PIMCO Blend Fund A,A,Y,PCG,BROKERAGE,BROKERAGE,MASTERS,SIM,S,N,616659.17,-616659.17,-616659.17,41,Y,Y,Y,FSINVNDQ6K,PIMCO,US Fund Small Blend,US Fund Small Blend
2025-08-31,C8D1WJCIT,EKRMX,FRANKLIN TEMPLETON,FRANKLIN TEMPLETON Estate Fund C,C,Y,WBS,ADVISORY,ADVISORY,BROKERAGE,IRA,P,Y,1369850.3,1369850.3,1369850.3,34,Y,Y,N,FSC7392545,Franklin Templeton,US Fund Real Estate,US Fund Real Estate
2025-05-31,O4KH2VLPY,NUYTX,PIMCO,PIMCO Blend Fund A,A,Y,WBS,BROKERAGE,BROKERAGE,PERSONALIZED UMA,SEP,P,Y,2131048.36,2131048.36,2131048.36,15,Y,Y,Y,FSINVNDQ6K,PIMCO,US Fund Small Blend,US Fund Small Blend
2025-07-31,ST0SX5WVF,ESQXX,CAPITAL GROUP,CAPITAL GROUP Bond Fund INST,INST,Y,WFAS,ADVISORY,ADVISORY,PERSONALIZED UMA,SIM,P,N,2402011.26,2402011.26,2402011.26,36,Y,N,Y,FSINV6Z5AS,capital group,US Fund Intermediate Core Bond,US Fund Intermediate Core Bond
2025-09-30,3TV3I12VJ,ZZOUX,AMERICAN FUNDS,AMERICAN FUNDS Bond Fund A,A,Y,PCG,ADVISORY,ADVISORY,FC/QC,IRA,P,N,494623.58,494623.58,494623.58,7,Y,Y,N,FSUSA1CZS7,capital group,US Fund High Yield Bond,US Fund High Yield Bond
2026-02-28,6RE4Q6QDY,VIJBX,T ROWE PRICE,T ROWE PRICE Blend Fund A,A,N,WBS,ADVISORY,ADVISORY,BROKERAGE,NON-RETIREMENT,S,N,3995073.76,-3995073.76,-3995073.76,21,Y,N,Y,FSUSA99GZA,T. Rowe Price,US Fund Small Blend,US Fund Small Blend
2025-01-31,DK0GET8T6,VGVMX,BLACKROCK,BLACKROCK Bond Fund INST,INST,Y,WBS,BROKERAGE,BROKERAGE,MASTERS,QP,P,N,937265.64,937265.64,937265.64,26,Y,N,Y,FSC6963457,BlackRock,US Fund High Yield Bond,US Fund High Yield Bond
2025-02-28,QZXEBB9EI,NKJYX,VANGUARD,VANGUARD Bond Fund A,A,Y,WFAS,ADVISORY,ADVISORY,PIM,SIM,P,N,3123283.81,3123283.81,3123283.81,35,Y,Y,N,FSC4693666,Vanguard,US Fund Intermediate Core Bond,US Fund Intermediate Core Bond
2025-12-31,4FMYZYCWT,GMHYX,DWS FUNDS,DWS FUNDS Bond Fund A,A,Y,PCG,ADVISORY,ADVISORY,PERSONALIZED UMA,SIM,P,Y,2826012.23,2826012.23,2826012.23,48,Y,Y,N,FSCAPZUVDG,DWS,US Fund High Yield Bond,US Fund High Yield Bond
2025-12-31,1M8XFDJGF,TBYQX,PIMCO,PIMCO Growth Fund A,A,N,PCG,ADVISORY,ADVISORY,FC/QC,IRA,P,N,3690253.36,3690253.36,3690253.36,42,Y,Y,Y,FSCAPS2MJ6,PIMCO,US Fund Small Growth,US Fund Small Growth
2026-03-31,DK0GET8T6,VGVMX,BLACKROCK,BLACKROCK Bond Fund INST,INST,Y,WBS,BROKERAGE,BROKERAGE,FUNDSOURCE,IRA,P,N,594336.12,594336.12,594336.12,18,Y,Y,Y,FSC6963457,BlackRock,US Fund High Yield Bond,US Fund High Yield Bond
2026-03-31,VBDIVUZZP,LHWTX,VANGUARD,VANGUARD Growth Fund A,A,Y,PCG,ADVISORY,ADVISORY,ASSET ADVISOR,QP,S,N,4085418.56,-4085418.56,-4085418.56,37,Y,Y,Y,FSCAP853QJ,Vanguard,US Fund Large Growth,US Fund Large Growth
2026-01-31,QZXEBB9EI,NKJYX,VANGUARD,VANGUARD Bond Fund A,A,Y,FINET,ADVISORY,ADVISORY,BROKERAGE,SEP,P,Y,3479847.06,3479847.06,3479847.06,11,Y,Y,Y,FSC4693666,Vanguard,US Fund Intermediate Core Bond,US Fund Intermediate Core Bond
2025-04-30,RPN6QFGSX,QXUMX,LORD ABBETT,LORD ABBETT Estate Fund A,A,Y,PCG,ADVISORY,ADVISORY,ASSET ADVISOR,NON-RETIREMENT,P,N,2304545.17,2304545.17,2304545.17,49,Y,Y,Y,FSINVN2N0F,Lord Abbett,US Fund Real Estate,US Fund Real Estate
2025-12-31,FB9W1Q5UZ,JKDRX,VANGUARD,VANGUARD Growth Fund A,A,Y,PCG,ADVISORY,ADVISORY,CUSTOMCHOICE,SIM,P,N,4505831.89,4505831.89,4505831.89,49,Y,Y,Y,FSCAP3Y8BT,Vanguard,US Fund Large Growth,US Fund Large Growth
2025-04-30,EAL2W37D4,GPNKX,FIDELITY,FIDELITY Blend Fund C,C,Y,WFAS,BROKERAGE,BROKERAGE,PIM,SIM,S,N,831362.81,-831362.81,-831362.81,39,Y,Y,N,FSUSAVKKPF,Fidelity,US Fund Large Blend,US Fund Large Blend
2025-03-31,1KERPETIU,RJKTX,VANGUARD,VANGUARD Bond Fund A,A,Y,PCG,ADVISORY,ADVISORY,BROKERAGE,NON-RETIREMENT,S,N,3973685.34,-3973685.34,-3973685.34,25,Y,Y,Y,FSINVZ17YR,Vanguard,US Fund Short-Term Bond,US Fund Short-Term Bond
2025-02-28,KTSG7FXZV,VOVAX,CAPITAL GROUP,CAPITAL GROUP Bond Fund INST,INST,Y,WBS,BROKERAGE,BROKERAGE,ASSET ADVISOR,QP,S,Y,634331.33,-634331.33,-634331.33,42,Y,N,Y,FSCAPU9MJ4,capital group,US Fund Intermediate Core Bond,US Fund Intermediate Core Bond
2025-03-31,OQW9JA2M0,QUTIX,VANGUARD,VANGUARD Growth Fund C,C,Y,WBS,BROKERAGE,BROKERAGE,ASSET ADVISOR,NON-RETIREMENT,P,Y,1159386.24,1159386.24,1159386.24,6,Y,Y,Y,FSCAP2IIZJ,Vanguard,US Fund Large Growth,US Fund Large Growth
2025-09-30,2960361I2,FEGTX,JPMORGAN,JPMORGAN Bond Fund A,A,Y,PCG,BROKERAGE,BROKERAGE,FUNDSOURCE,IRA,P,N,891961.14,891961.14,891961.14,40,Y,Y,Y,FSCAP0TE0V,JPMorgan,US Fund Multisector Bond,US Fund Multisector Bond
2025-12-31,0CVS4F8CG,PRGDX,T ROWE PRICE,T ROWE PRICE Bond Fund C,C,Y,PCG,BROKERAGE,BROKERAGE,BROKERAGE,IRA,S,N,2304765.58,-2304765.58,-2304765.58,50,Y,Y,N,FSINV5AYKJ,T. Rowe Price,US Fund Short-Term Bond,US Fund Short-Term Bond
2025-02-28,JH75LXO6Q,GGOGX,MFS,MFS Blend Fund A,A,N,PCG,ADVISORY,ADVISORY,FUNDSOURCE,SIM,P,N,3787913.83,3787913.83,3787913.83,7,Y,N,Y,FSCAPUR81B,MFS,US Fund Small Blend,US Fund Small Blend
2026-01-31,CATVAZCCB,INHMX,CAPITAL GROUP,CAPITAL GROUP Blend Fund INST,INST,Y,PCG,ADVISORY,ADVISORY,FC/QC,IRA,S,Y,4843234.03,-4843234.03,-4843234.03,33,Y,N,Y,FSC7363842,capital group,US Fund Small Blend,US Fund Small Blend
2025-09-30,0CVS4F8CG,PRGDX,T ROWE PRICE,T ROWE PRICE Bond Fund C,C,Y,WBS,ADVISORY,ADVISORY,ASSET ADVISOR,NON-RETIREMENT,S,N,3001941.28,-3001941.28,-3001941.28,49,Y,Y,Y,FSINV5AYKJ,T. Rowe Price,US Fund Short-Term Bond,US Fund Short-Term Bond
2025-08-31,S0R2SDS8B,UWNLX,AMERICAN FUNDS,AMERICAN FUNDS Bond Fund INST,INST,Y,PCG,ADVISORY,ADVISORY,MASTERS,NON-RETIREMENT,P,Y,2173732.26,2173732.26,2173732.26,41,Y,Y,Y,FSC0723107,capital group,US Fund High Yield Bond,US Fund High Yield Bond
2025-03-31,7BH25LLO3,MAQHX,DWS FUNDS,DWS FUNDS Bond Fund C,C,Y,PCG,ADVISORY,ADVISORY,FUNDSOURCE,SEP,P,N,2815226.03,2815226.03,2815226.03,4,Y,N,Y,FSC8694117,DWS,US Fund Intermediate Core Bond,US Fund Intermediate Core Bond
2025-12-31,S0R2SDS8B,UWNLX,AMERICAN FUNDS,AMERICAN FUNDS Bond Fund INST,INST,Y,PCG,ADVISORY,ADVISORY,FC/QC,QP,P,N,3571583.4,3571583.4,3571583.4,36,Y,Y,N,FSC0723107,capital group,US Fund High Yield Bond,US Fund High Yield Bond
2026-01-31,SLWF90KM3,NSHVX,FIDELITY,FIDELITY Blend Fund A,A,N,PCG,ADVISORY,ADVISORY,MASTERS,IRA,S,N,4693015.81,-4693015.81,-4693015.81,26,Y,Y,N,FSUSA4BHGL,Fidelity,US Fund Small Blend,US Fund Small Blend
2025-12-31,7BH25LLO3,MAQHX,DWS FUNDS,DWS FUNDS Bond Fund C,C,Y,PCG,BROKERAGE,BROKERAGE,PERSONALIZED UMA,SIM,P,N,3128079.26,3128079.26,3128079.26,16,Y,Y,Y,FSC8694117,DWS,US Fund Intermediate Core Bond,US Fund Intermediate Core Bond
2025-11-30,7BH25LLO3,MAQHX,DWS FUNDS,DWS FUNDS Bond Fund C,C,Y,FINET,ADVISORY,ADVISORY,MASTERS,NON-RETIREMENT,P,N,1339363.29,1339363.29,1339363.29,42,Y,N,Y,FSC8694117,DWS,US Fund Intermediate Core Bond,US Fund Intermediate Core Bond
2025-01-31,U7EEQTUL1,LVXLX,FIRST EAGLE,FIRST EAGLE Estate Fund INST,INST,Y,FINET,ADVISORY,ADVISORY,FC/QC,NON-RETIREMENT,P,N,2099288.67,2099288.67,2099288.67,50,Y,Y,Y,FSUSAS7SPG,First Eagle,US Fund Real Estate,US Fund Real Estate
2025-05-31,LFEWVZNVK,NLUCX,DWS FUNDS,DWS FUNDS Blend Fund INV,INV,Y,PCG,BROKERAGE,BROKERAGE,MASTERS,IRA,S,N,3158345.8,-3158345.8,-3158345.8,15,Y,Y,Y,FSINVF3PFW,DWS,US Fund Large Blend,US Fund Large Blend
2025-05-31,6VXDP5GJL,LIWHX,FIDELITY,FIDELITY Bond Fund INST,INST,Y,WBS,BROKERAGE,BROKERAGE,MASTERS,SIM,P,N,4327407.43,4327407.43,4327407.43,19,Y,N,Y,FSINVQUXZJ,Fidelity,US Fund Intermediate Core Bond,US Fund Intermediate Core Bond
2026-01-31,4FMYZYCWT,GMHYX,DWS FUNDS,DWS FUNDS Bond Fund A,A,Y,WBS,BROKERAGE,BROKERAGE,MASTERS,SEP,P,N,545271.44,545271.44,545271.44,9,Y,N,Y,FSCAPZUVDG,DWS,US Fund High Yield Bond,US Fund High Yield Bond
2025-01-31,DK0GET8T6,VGVMX,BLACKROCK,BLACKROCK Bond Fund INST,INST,N,PCG,ADVISORY,ADVISORY,FUNDSOURCE,NON-RETIREMENT,P,N,3195586.88,3195586.88,3195586.88,23,Y,Y,Y,FSC6963457,BlackRock,US Fund High Yield Bond,US Fund High Yield Bond
2025-07-31,3J2D54I3Q,HUFAX,NUVEEN,NUVEEN Value Fund INV,INV,Y,FINET,ADVISORY,ADVISORY,PERSONALIZED UMA,QP,S,N,4033621.61,-4033621.61,-4033621.61,8,Y,Y,Y,FSC8073988,Nuveen,US Fund Large Value,US Fund Large Value
2025-02-28,WK8R2YKCC,LMFPX,DWS FUNDS,DWS FUNDS Bond Fund INST,INST,Y,PCG,ADVISORY,ADVISORY,FUNDSOURCE,IRA,S,N,990351.77,-990351.77,-990351.77,3,Y,N,N,FSCAPNRENH,DWS,US Fund High Yield Bond,US Fund High Yield Bond
2026-01-31,QT3WVEDN9,OJDPX,BLACKROCK,BLACKROCK Blend Fund A,A,Y,WBS,ADVISORY,ADVISORY,FC/QC,QP,P,N,3792112.57,3792112.57,3792112.57,34,Y,Y,Y,FSINV1KDAD,BlackRock,US Fund Foreign Large Blend,US Fund Foreign Large Blend
2026-01-31,JH75LXO6Q,GGOGX,MFS,MFS Blend Fund A,A,Y,PCG,ADVISORY,ADVISORY,BROKERAGE,NON-RETIREMENT,P,N,534175.57,534175.57,534175.57,22,Y,N,Y,FSCAPUR81B,MFS,US Fund Small Blend,US Fund Small Blend
2026-02-28,QE3RZSJ49,GOJXX,BLACKROCK,BLACKROCK Allocation Fund INST,INST,Y,PCG,ADVISORY,ADVISORY,FUNDSOURCE,SIM,S,N,598944.88,-598944.88,-598944.88,23,Y,Y,Y,FSCAPJJ3ZW,BlackRock,US Fund Moderate Allocation,US Fund Moderate Allocation
2026-01-31,4874FRHOC,JZGUX,INVESCO,INVESCO Bond Fund C,C,Y,WBS,ADVISORY,ADVISORY,FUNDSOURCE,NON-RETIREMENT,P,N,2630044.11,2630044.11,2630044.11,31,Y,Y,Y,FSUSAFVJ1Z,Invesco,US Fund Short-Term Bond,US Fund Short-Term Bond
2025-04-30,17MGFXC08,CNJLX,NUVEEN,NUVEEN Blend Fund INV,INV,Y,WBS,BROKERAGE,BROKERAGE,ASSET ADVISOR,NON-RETIREMENT,P,N,3614908.78,3614908.78,3614908.78,22,Y,Y,Y,FSUSALNO19,Nuveen,US Fund Small Blend,US Fund Small Blend
2025-12-31,4FFYVNVQJ,OYRCX,LORD ABBETT,LORD ABBETT Blend Fund INST,INST,Y,FCCS,ADVISORY,ADVISORY,BROKERAGE,SEP,S,Y,3653770.81,-3653770.81,-3653770.81,50,Y,Y,N,FSINVDZ4HR,Lord Abbett,US Fund Foreign Large Blend,US Fund Foreign Large Blend
2025-07-31,1KERPETIU,RJKTX,VANGUARD,VANGUARD Bond Fund A,A,N,FINET,ADVISORY,ADVISORY,FC/QC,IRA,S,N,3718913.84,-3718913.84,-3718913.84,13,Y,Y,N,FSINVZ17YR,Vanguard,US Fund Short-Term Bond,US Fund Short-Term Bond
2025-07-31,HQIN9N6XC,HZYVX,MFS,MFS Blend Fund C,C,Y,PCG,BROKERAGE,BROKERAGE,PERSONALIZED UMA,IRA,P,N,3037333.31,3037333.31,3037333.31,48,Y,N,Y,FSC8686926,MFS,US Fund Small Blend,US Fund Small Blend
2026-03-31,WX7PTX63C,EHTOX,DWS FUNDS,DWS FUNDS Allocation Fund A,A,Y,WBS,ADVISORY,ADVISORY,ASSET ADVISOR,SIM,P,N,260734.33,260734.33,260734.33,32,Y,Y,N,FSCAPPGOXS,DWS,US Fund Moderate Allocation,US Fund Moderate Allocation
2025-04-30,SLWF90KM3,NSHVX,FIDELITY,FIDELITY Blend Fund A,A,Y,PCG,BROKERAGE,BROKERAGE,MASTERS,QP,S,N,4157041.99,-4157041.99,-4157041.99,34,N,N,Y,FSUSA4BHGL,Fidelity,US Fund Small Blend,US Fund Small Blend
2025-08-31,8J5ECRUYF,VYCGX,INVESCO,INVESCO Bond Fund INST,INST,Y,WBS,ADVISORY,ADVISORY,FUNDSOURCE,NON-RETIREMENT,S,N,4563665.02,-4563665.02,-4563665.02,40,Y,Y,Y,FSINV30AHC,Invesco,US Fund High Yield Bond,US Fund High Yield Bond
2025-12-31,8LPQW2VMC,MAJHX,T ROWE PRICE,T ROWE PRICE Estate Fund S,S,Y,WBS,ADVISORY,ADVISORY,ASSET ADVISOR,SEP,S,Y,3028607.45,-3028607.45,-3028607.45,12,Y,N,Y,FSINVOVNZB,T. Rowe Price,US Fund Real Estate,US Fund Real Estate
2025-10-31,WX7PTX63C,EHTOX,DWS FUNDS,DWS FUNDS Allocation Fund A,A,Y,FCCS,ADVISORY,ADVISORY,FC/QC,QP,S,N,2014573.91,-2014573.91,-2014573.91,25,Y,Y,N,FSCAPPGOXS,DWS,US Fund Moderate Allocation,US Fund Moderate Allocation
2026-01-31,8HMBR5XQT,WLWSX,BLACKROCK,BLACKROCK Value Fund C,C,Y,WBS,BROKERAGE,BROKERAGE,MASTERS,NON-RETIREMENT,S,N,3648925.86,-3648925.86,-3648925.86,24,Y,Y,Y,FSINVHB0YI,BlackRock,US Fund Large Value,US Fund Large Value
2025-06-30,O4KH2VLPY,NUYTX,PIMCO,PIMCO Blend Fund A,A,Y,WBS,BROKERAGE,BROKERAGE,FUNDSOURCE,NON-RETIREMENT,P,N,1472390.31,1472390.31,1472390.31,7,Y,N,N,FSINVNDQ6K,PIMCO,US Fund Small Blend,US Fund Small Blend
2026-01-31,3KKV9RFTM,OOLIX,FRANKLIN TEMPLETON,FRANKLIN TEMPLETON Growth Fund INST,INST,Y,FCCS,ADVISORY,ADVISORY,FC/QC,QP,P,N,4845565.67,4845565.67,4845565.67,36,Y,Y,Y,FSUSA9SEXI,Franklin Templeton,US Fund Small Growth,US Fund Small Growth
2026-03-31,WYJXRPJ1E,LHRMX,INVESCO,INVESCO Bond Fund A,A,Y,FCCS,ADVISORY,ADVISORY,FUNDSOURCE,QP,P,N,2210225.71,2210225.71,2210225.71,21,Y,Y,Y,FSCAPRK315,Invesco,US Fund Intermediate Core Bond,US Fund Intermediate Core Bond
2026-03-31,C8D1WJCIT,EKRMX,FRANKLIN TEMPLETON,FRANKLIN TEMPLETON Estate Fund C,C,Y,WFAS,BROKERAGE,BROKERAGE,MASTERS,IRA,S,N,693046.05,-693046.05,-693046.05,27,Y,Y,Y,FSC7392545,Franklin Templeton,US Fund Real Estate,US Fund Real Estate
2025-10-31,E2ATN2TWD,IZSNX,FRANKLIN TEMPLETON,FRANKLIN TEMPLETON Bond Fund INST,INST,Y,WBS,BROKERAGE,BROKERAGE,PIM,QP,P,N,150184.5,150184.5,150184.5,28,Y,Y,Y,FSC7967512,Franklin Templeton,US Fund Short-Term Bond,US Fund Short-Term Bond
2025-07-31,E3TV1ES53,NHEYX,BLACKROCK,BLACKROCK Blend Fund INST,INST,Y,WBS,ADVISORY,ADVISORY,FC/QC,IRA,P,N,3151948.99,3151948.99,3151948.99,44,Y,N,N,FSUSA4B2GI,BlackRock,US Fund Foreign Large Blend,US Fund Foreign Large Blend
2025-10-31,Y6B2KNFTU,UECWX,VANGUARD,VANGUARD Bond Fund INV,INV,Y,WFAS,BROKERAGE,BROKERAGE,FC/QC,QP,P,Y,4619168.05,4619168.05,4619168.05,38,Y,Y,Y,FSUSAF3MVF,Vanguard,US Fund Short-Term Bond,US Fund Short-Term Bond
2026-02-28,JSG65KXVF,TOUNX,FIRST EAGLE,FIRST EAGLE Blend Fund INST,INST,Y,PCG,ADVISORY,ADVISORY,FC/QC,QP,P,N,4796133.1,4796133.1,4796133.1,25,Y,Y,N,FSCAP4FGYV,First Eagle,US Fund Small Blend,US Fund Small Blend
2025-09-30,LFEWVZNVK,NLUCX,DWS FUNDS,DWS FUNDS Blend Fund INV,INV,N,WFAS,BROKERAGE,BROKERAGE,BROKERAGE,IRA,P,N,406529.92,406529.92,406529.92,25,Y,Y,Y,FSINVF3PFW,DWS,US Fund Large Blend,US Fund Large Blend
2025-11-30,3KKV9RFTM,OOLIX,FRANKLIN TEMPLETON,FRANKLIN TEMPLETON Growth Fund INST,INST,N,WFAS,ADVISORY,ADVISORY,FUNDSOURCE,QP,S,N,4289255.17,-4289255.17,-4289255.17,42,Y,Y,Y,FSUSA9SEXI,Franklin Templeton,US Fund Small Growth,US Fund Small Growth
2025-11-30,2DHYLURTP,TISHX,CAPITAL GROUP,CAPITAL GROUP Growth Fund A,A,Y,PCG,ADVISORY,ADVISORY,CUSTOMCHOICE,IRA,P,N,84581.11,84581.11,84581.11,29,Y,N,Y,FSINVHRONH,capital group,US Fund Large Growth,US Fund Large Growth
2025-11-30,17MGFXC08,CNJLX,NUVEEN,NUVEEN Blend Fund INV,INV,N,FINET,BROKERAGE,BROKERAGE,PERSONALIZED UMA,SIM,P,Y,686396.95,686396.95,686396.95,4,N,Y,N,FSUSALNO19,Nuveen,US Fund Small Blend,US Fund Small Blend
2026-01-31,MO5BXXC02,CENDX,FRANKLIN TEMPLETON,FRANKLIN TEMPLETON Value Fund INST,INST,Y,PCG,BROKERAGE,BROKERAGE,FUNDSOURCE,NON-RETIREMENT,S,N,114163.98,-114163.98,-114163.98,15,Y,Y,N,FSINV8HE3N,Franklin Templeton,US Fund Large Value,US Fund Large Value
2025-12-31,QZXEBB9EI,NKJYX,VANGUARD,VANGUARD Bond Fund A,A,Y,WBS,ADVISORY,ADVISORY,ASSET ADVISOR,SIM,S,N,1013491.55,-1013491.55,-1013491.55,11,Y,Y,Y,FSC4693666,Vanguard,US Fund Intermediate Core Bond,US Fund Intermediate Core Bond
2025-02-28,S0R2SDS8B,UWNLX,AMERICAN FUNDS,AMERICAN FUNDS Bond Fund INST,INST,Y,PCG,BROKERAGE,BROKERAGE,PERSONALIZED UMA,SIM,P,N,2109786.84,2109786.84,2109786.84,23,Y,Y,Y,FSC0723107,capital group,US Fund High Yield Bond,US Fund High Yield Bond
2025-05-31,B5M9J98CW,JURYX,AMERICAN FUNDS,AMERICAN FUNDS Growth Fund A,A,Y,WBS,ADVISORY,ADVISORY,BROKERAGE,NON-RETIREMENT,P,N,2962978.84,2962978.84,2962978.84,19,Y,N,Y,FSCAPBLFOC,capital group,US Fund Large Growth,US Fund Large Growth
2025-05-31,BSWRPBJEK,WMAQX,JPMORGAN,JPMORGAN Growth Fund INV,INV,Y,PCG,ADVISORY,ADVISORY,PERSONALIZED UMA,QP,S,N,1182919.29,-1182919.29,-1182919.29,10,Y,N,Y,FSINVVT0VG,JPMorgan,US Fund Large Growth,US Fund Large Growth
2025-03-31,WC4RTWUZK,AJOEX,MFS,MFS Bond Fund C,C,Y,WFAS,BROKERAGE,BROKERAGE,CUSTOMCHOICE,IRA,S,N,376355.23,-376355.23,-376355.23,17,Y,N,Y,FSUSAR848N,MFS,US Fund Multisector Bond,US Fund Multisector Bond
2025-06-30,B5M9J98CW,JURYX,AMERICAN FUNDS,AMERICAN FUNDS Growth Fund A,A,Y,PCG,BROKERAGE,BROKERAGE,FC/QC,NON-RETIREMENT,S,N,2456783.59,-2456783.59,-2456783.59,35,Y,Y,Y,FSCAPBLFOC,capital group,US Fund Large Growth,US Fund Large Growth
2025-11-30,B5M9J98CW,JURYX,AMERICAN FUNDS,AMERICAN FUNDS Growth Fund A,A,Y,WBS,ADVISORY,ADVISORY,BROKERAGE,SIM,S,N,2042421.62,-2042421.62,-2042421.62,38,Y,Y,Y,FSCAPBLFOC,capital group,US Fund Large Growth,US Fund Large Growth
2025-08-31,3J2D54I3Q,HUFAX,NUVEEN,NUVEEN Value Fund INV,INV,Y,FCCS,ADVISORY,ADVISORY,CUSTOMCHOICE,IRA,P,N,305914.18,305914.18,305914.18,1,Y,Y,Y,FSC8073988,Nuveen,US Fund Large Value,US Fund Large Value
2025-03-31,WJCKJLTEI,SSBKX,FIRST EAGLE,FIRST EAGLE Blend Fund C,C,Y,PCG,ADVISORY,ADVISORY,PIM,IRA,P,N,1746844.42,1746844.42,1746844.42,35,N,N,Y,FSC7422675,First Eagle,US Fund Small Blend,US Fund Small Blend
2025-10-31,8VMUHXID4,JTOUX,FRANKLIN TEMPLETON,FRANKLIN TEMPLETON Bond Fund INST,INST,Y,PCG,BROKERAGE,BROKERAGE,CUSTOMCHOICE,SEP,P,N,364774.44,364774.44,364774.44,30,Y,N,Y,FSINVCNRVP,Franklin Templeton,US Fund Intermediate Core Bond,US Fund Intermediate Core Bond
2026-01-31,8MGYN2JCP,LZEHX,NUVEEN,NUVEEN Estate Fund A,A,Y,WFAS,ADVISORY,ADVISORY,BROKERAGE,NON-RETIREMENT,S,N,1176478.31,-1176478.31,-1176478.31,3,Y,N,N,FSCAP9SFEF,Nuveen,US Fund Real Estate,US Fund Real Estate
2025-11-30,V1V93KMKZ,DBBHX,PIMCO,PIMCO Allocation Fund A,A,Y,PCG,BROKERAGE,BROKERAGE,MASTERS,NON-RETIREMENT,S,N,2166037.79,-2166037.79,-2166037.79,39,Y,N,Y,FSC3796172,PIMCO,US Fund Moderate Allocation,US Fund Moderate Allocation
2025-11-30,MO5BXXC02,CENDX,FRANKLIN TEMPLETON,FRANKLIN TEMPLETON Value Fund INST,INST,Y,FCCS,ADVISORY,ADVISORY,BROKERAGE,SIM,P,N,1734223.47,1734223.47,1734223.47,12,Y,Y,Y,FSINV8HE3N,Franklin Templeton,US Fund Large Value,US Fund Large Value
2025-04-30,ST0SX5WVF,ESQXX,CAPITAL GROUP,CAPITAL GROUP Bond Fund INST,INST,N,WBS,BROKERAGE,BROKERAGE,FC/QC,IRA,P,N,4860561.86,4860561.86,4860561.86,5,Y,Y,Y,FSINV6Z5AS,capital group,US Fund Intermediate Core Bond,US Fund Intermediate Core Bond
2025-09-30,QT3WVEDN9,OJDPX,BLACKROCK,BLACKROCK Blend Fund A,A,Y,WBS,ADVISORY,ADVISORY,PERSONALIZED UMA,NON-RETIREMENT,P,N,2710112.92,2710112.92,2710112.92,9,Y,Y,Y,FSINV1KDAD,BlackRock,US Fund Foreign Large Blend,US Fund Foreign Large Blend
2026-01-31,4FFYVNVQJ,OYRCX,LORD ABBETT,LORD ABBETT Blend Fund INST,INST,Y,PCG,ADVISORY,ADVISORY,FUNDSOURCE,SEP,S,N,1591610.16,-1591610.16,-1591610.16,18,Y,Y,N,FSINVDZ4HR,Lord Abbett,US Fund Foreign Large Blend,US Fund Foreign Large Blend
2025-07-31,LFEWVZNVK,NLUCX,DWS FUNDS,DWS FUNDS Blend Fund INV,INV,Y,FINET,ADVISORY,ADVISORY,CUSTOMCHOICE,SEP,S,N,1659718.72,-1659718.72,-1659718.72,12,Y,Y,Y,FSINVF3PFW,DWS,US Fund Large Blend,US Fund Large Blend
2025-03-31,WX7PTX63C,EHTOX,DWS FUNDS,DWS FUNDS Allocation Fund A,A,Y,PCG,ADVISORY,ADVISORY,MASTERS,NON-RETIREMENT,S,N,1966170.23,-1966170.23,-1966170.23,41,N,Y,Y,FSCAPPGOXS,DWS,US Fund Moderate Allocation,US Fund Moderate Allocation
2026-01-31,DMLY4LYK8,VOLIX,BLACKROCK,BLACKROCK Value Fund C,C,Y,FCCS,ADVISORY,ADVISORY,ASSET ADVISOR,SEP,P,N,4331931.16,4331931.16,4331931.16,17,Y,Y,Y,FSINVW6LMH,BlackRock,US Fund Large Value,US Fund Large Value
2026-01-31,8MGYN2JCP,LZEHX,NUVEEN,NUVEEN Estate Fund A,A,Y,PCG,BROKERAGE,BROKERAGE,CUSTOMCHOICE,QP,P,N,4946911.02,4946911.02,4946911.02,38,Y,Y,Y,FSCAP9SFEF,Nuveen,US Fund Real Estate,US Fund Real Estate
2026-01-31,8HMBR5XQT,WLWSX,BLACKROCK,BLACKROCK Value Fund C,C,Y,PCG,BROKERAGE,BROKERAGE,FC/QC,SEP,S,N,511552.51,-511552.51,-511552.51,42,Y,Y,Y,FSINVHB0YI,BlackRock,US Fund Large Value,US Fund Large Value
2025-06-30,6RE4Q6QDY,VIJBX,T ROWE PRICE,T ROWE PRICE Blend Fund A,A,Y,WFAS,BROKERAGE,BROKERAGE,FUNDSOURCE,IRA,P,N,1602546.86,1602546.86,1602546.86,41,Y,N,N,FSUSA99GZA,T. Rowe Price,US Fund Small Blend,US Fund Small Blend
2025-02-28,E3TV1ES53,NHEYX,BLACKROCK,BLACKROCK Blend Fund INST,INST,Y,PCG,ADVISORY,ADVISORY,PIM,QP,S,N,566427.87,-566427.87,-566427.87,3,Y,Y,Y,FSUSA4B2GI,BlackRock,US Fund Foreign Large Blend,US Fund Foreign Large Blend
2025-06-30,HZIOYKL1C,LZZBX,FIRST EAGLE,FIRST EAGLE Bond Fund A,A,Y,PCG,ADVISORY,ADVISORY,CUSTOMCHOICE,SEP,P,N,538059.4,538059.4,538059.4,14,Y,Y,N,FSUSAMFLIX,First Eagle,US Fund Multisector Bond,US Fund Multisector Bond
2025-02-28,7BH25LLO3,MAQHX,DWS FUNDS,DWS FUNDS Bond Fund C,C,Y,FCCS,ADVISORY,ADVISORY,MASTERS,NON-RETIREMENT,P,N,2131537.28,2131537.28,2131537.28,42,Y,Y,Y,FSC8694117,DWS,US Fund Intermediate Core Bond,US Fund Intermediate Core Bond
2025-01-31,HZIOYKL1C,LZZBX,FIRST EAGLE,FIRST EAGLE Bond Fund A,A,Y,FCCS,ADVISORY,ADVISORY,PERSONALIZED UMA,QP,S,N,887035.1,-887035.1,-887035.1,47,Y,N,Y,FSUSAMFLIX,First Eagle,US Fund Multisector Bond,US Fund Multisector Bond
2025-03-31,HQIN9N6XC,HZYVX,MFS,MFS Blend Fund C,C,Y,WBS,BROKERAGE,BROKERAGE,CUSTOMCHOICE,SEP,P,N,2571521.74,2571521.74,2571521.74,50,Y,Y,Y,FSC8686926,MFS,US Fund Small Blend,US Fund Small Blend
2025-09-30,KTSG7FXZV,VOVAX,CAPITAL GROUP,CAPITAL GROUP Bond Fund INST,INST,Y,WFAS,ADVISORY,ADVISORY,CUSTOMCHOICE,SIM,P,N,3771572.83,3771572.83,3771572.83,33,Y,N,Y,FSCAPU9MJ4,capital group,US Fund Intermediate Core Bond,US Fund Intermediate Core Bond
2025-11-30,B5M9J98CW,JURYX,AMERICAN FUNDS,AMERICAN FUNDS Growth Fund A,A,Y,PCG,BROKERAGE,BROKERAGE,MASTERS,NON-RETIREMENT,P,N,2941811.94,2941811.94,2941811.94,20,N,N,N,FSCAPBLFOC,capital group,US Fund Large Growth,US Fund Large Growth
2025-06-30,1KERPETIU,RJKTX,VANGUARD,VANGUARD Bond Fund A,A,Y,PCG,ADVISORY,ADVISORY,MASTERS,SEP,P,Y,4662906.33,4662906.33,4662906.33,38,Y,Y,N,FSINVZ17YR,Vanguard,US Fund Short-Term Bond,US Fund Short-Term Bond
2025-11-30,T7E8G8JDP,SIPNX,CAPITAL GROUP,CAPITAL GROUP Blend Fund A,A,Y,WFAS,BROKERAGE,BROKERAGE,ASSET ADVISOR,NON-RETIREMENT,S,N,4415478.79,-4415478.79,-4415478.79,22,Y,Y,Y,FSUSAYANEZ,capital group,US Fund Foreign Large Blend,US Fund Foreign Large Blend
2025-09-30,1KERPETIU,RJKTX,VANGUARD,VANGUARD Bond Fund A,A,Y,WBS,ADVISORY,ADVISORY,FC/QC,SIM,S,N,3410133.69,-3410133.69,-3410133.69,46,Y,Y,N,FSINVZ17YR,Vanguard,US Fund Short-Term Bond,US Fund Short-Term Bond
2025-07-31,2DHYLURTP,TISHX,CAPITAL GROUP,CAPITAL GROUP Growth Fund A,A,Y,FINET,BROKERAGE,BROKERAGE,CUSTOMCHOICE,IRA,P,N,3186790.48,3186790.48,3186790.48,33,N,N,N,FSINVHRONH,capital group,US Fund Large Growth,US Fund Large Growth
2025-04-30,QE3RZSJ49,GOJXX,BLACKROCK,BLACKROCK Allocation Fund INST,INST,Y,FINET,BROKERAGE,BROKERAGE,ASSET ADVISOR,NON-RETIREMENT,S,N,348431.29,-348431.29,-348431.29,5,Y,Y,N,FSCAPJJ3ZW,BlackRock,US Fund Moderate Allocation,US Fund Moderate Allocation
2025-11-30,VBDIVUZZP,LHWTX,VANGUARD,VANGUARD Growth Fund A,A,Y,PCG,ADVISORY,ADVISORY,FUNDSOURCE,SIM,P,N,463474.13,463474.13,463474.13,11,Y,Y,Y,FSCAP853QJ,Vanguard,US Fund Large Growth,US Fund Large Growth
2025-03-31,8MGYN2JCP,LZEHX,NUVEEN,NUVEEN Estate Fund A,A,Y,PCG,BROKERAGE,BROKERAGE,CUSTOMCHOICE,SEP,S,N,2020424.77,-2020424.77,-2020424.77,21,Y,N,Y,FSCAP9SFEF,Nuveen,US Fund Real Estate,US Fund Real Estate
2025-08-31,DMLY4LYK8,VOLIX,BLACKROCK,BLACKROCK Value Fund C,C,Y,PCG,ADVISORY,ADVISORY,ASSET ADVISOR,QP,P,N,774197.3,774197.3,774197.3,43,Y,Y,Y,FSINVW6LMH,BlackRock,US Fund Large Value,US Fund Large Value
2025-12-31,8J5ECRUYF,VYCGX,INVESCO,INVESCO Bond Fund INST,INST,Y,FCCS,BROKERAGE,BROKERAGE,PERSONALIZED UMA,NON-RETIREMENT,P,N,265955.76,265955.76,265955.76,44,Y,Y,Y,FSINV30AHC,Invesco,US Fund High Yield Bond,US Fund High Yield Bond
2026-03-31,QVNB4GH2M,WSHAX,NUVEEN,NUVEEN Growth Fund S,S,Y,PCG,BROKERAGE,BROKERAGE,CUSTOMCHOICE,NON-RETIREMENT,P,N,2912980.87,2912980.87,2912980.87,37,Y,Y,Y,FSCAPUT3V8,Nuveen,US Fund Small Growth,US Fund Small Growth
2025-02-28,WJCKJLTEI,SSBKX,FIRST EAGLE,FIRST EAGLE Blend Fund C,C,Y,FINET,ADVISORY,ADVISORY,FUNDSOURCE,QP,S,N,3997115.11,-3997115.11,-3997115.11,16,Y,Y,Y,FSC7422675,First Eagle,US Fund Small Blend,US Fund Small Blend
2026-01-31,C8D1WJCIT,EKRMX,FRANKLIN TEMPLETON,FRANKLIN TEMPLETON Estate Fund C,C,Y,PCG,ADVISORY,ADVISORY,FC/QC,IRA,P,N,4472660.99,4472660.99,4472660.99,42,Y,N,Y,FSC7392545,Franklin Templeton,US Fund Real Estate,US Fund Real Estate
2026-01-31,U7EEQTUL1,LVXLX,FIRST EAGLE,FIRST EAGLE Estate Fund INST,INST,Y,WFAS,ADVISORY,ADVISORY,PERSONALIZED UMA,QP,P,Y,1236052.95,1236052.95,1236052.95,8,Y,Y,N,FSUSAS7SPG,First Eagle,US Fund Real Estate,US Fund Real Estate
2025-08-31,KTSG7FXZV,VOVAX,CAPITAL GROUP,CAPITAL GROUP Bond Fund INST,INST,N,PCG,ADVISORY,ADVISORY,PERSONALIZED UMA,QP,P,N,2855430.53,2855430.53,2855430.53,47,Y,Y,N,FSCAPU9MJ4,capital group,US Fund Intermediate Core Bond,US Fund Intermediate Core Bond
2025-03-31,TC89K8YQK,ZWCJX,LORD ABBETT,LORD ABBETT Bond Fund A,A,Y,PCG,ADVISORY,ADVISORY,ASSET ADVISOR,NON-RETIREMENT,P,N,2791782.1,2791782.1,2791782.1,26,Y,N,Y,FSC2646842,Lord Abbett,US Fund High Yield Bond,US Fund High Yield Bond
2025-03-31,C8BBI4WIR,CYMGX,NUVEEN,NUVEEN Blend Fund A,A,Y,WFAS,ADVISORY,ADVISORY,PERSONALIZED UMA,QP,P,N,222805.82,222805.82,222805.82,37,Y,Y,Y,FSUSAGQ1Y8,Nuveen,US Fund Foreign Large Blend,US Fund Foreign Large Blend
2025-11-30,3TV3I12VJ,ZZOUX,AMERICAN FUNDS,AMERICAN FUNDS Bond Fund A,A,Y,PCG,ADVISORY,ADVISORY,BROKERAGE,NON-RETIREMENT,P,N,923688.69,923688.69,923688.69,20,Y,Y,Y,FSUSA1CZS7,capital group,US Fund High Yield Bond,US Fund High Yield Bond
2026-02-28,E3TV1ES53,NHEYX,BLACKROCK,BLACKROCK Blend Fund INST,INST,Y,WFAS,ADVISORY,ADVISORY,FUNDSOURCE,QP,S,N,1604010.32,-1604010.32,-1604010.32,6,Y,Y,Y,FSUSA4B2GI,BlackRock,US Fund Foreign Large Blend,US Fund Foreign Large Blend
2025-12-31,WK8R2YKCC,LMFPX,DWS FUNDS,DWS FUNDS Bond Fund INST,INST,Y,FINET,ADVISORY,ADVISORY,FUNDSOURCE,IRA,P,N,120637.73,120637.73,120637.73,13,Y,Y,N,FSCAPNRENH,DWS,US Fund High Yield Bond,US Fund High Yield Bond
2025-04-30,0CVS4F8CG,PRGDX,T ROWE PRICE,T ROWE PRICE Bond Fund C,C,Y,PCG,ADVISORY,ADVISORY,CUSTOMCHOICE,NON-RETIREMENT,S,N,2499576.28,-2499576.28,-2499576.28,11,Y,Y,Y,FSINV5AYKJ,T. Rowe Price,US Fund Short-Term Bond,US Fund Short-Term Bond
2025-07-31,6Q3XLRFCD,XISNX,VANGUARD,VANGUARD Allocation Fund INV,INV,Y,FINET,BROKERAGE,BROKERAGE,ASSET ADVISOR,IRA,P,Y,3301083.97,3301083.97,3301083.97,26,Y,N,Y,FSUSAMIGJS,Vanguard,US Fund Tactical Allocation,US Fund Tactical Allocation
2025-12-31,SLWF90KM3,NSHVX,FIDELITY,FIDELITY Blend Fund A,A,Y,WBS,BROKERAGE,BROKERAGE,PERSONALIZED UMA,NON-RETIREMENT,P,N,680365.87,680365.87,680365.87,40,Y,Y,Y,FSUSA4BHGL,Fidelity,US Fund Small Blend,US Fund Small Blend
2025-07-31,C8BBI4WIR,CYMGX,NUVEEN,NUVEEN Blend Fund A,A,Y,FINET,ADVISORY,ADVISORY,MASTERS,QP,P,Y,1042405.34,1042405.34,1042405.34,49,Y,Y,Y,FSUSAGQ1Y8,Nuveen,US Fund Foreign Large Blend,US Fund Foreign Large Blend
2026-01-31,4FMYZYCWT,GMHYX,DWS FUNDS,DWS FUNDS Bond Fund A,A,Y,WFAS,BROKERAGE,BROKERAGE,PIM,NON-RETIREMENT,P,N,1974221.12,1974221.12,1974221.12,19,Y,Y,N,FSCAPZUVDG,DWS,US Fund High Yield Bond,US Fund High Yield Bond
2025-12-31,C8BBI4WIR,CYMGX,NUVEEN,NUVEEN Blend Fund A,A,Y,WFAS,ADVISORY,ADVISORY,BROKERAGE,NON-RETIREMENT,S,N,4972838.16,-4972838.16,-4972838.16,37,Y,Y,Y,FSUSAGQ1Y8,Nuveen,US Fund Foreign Large Blend,US Fund Foreign Large Blend
2026-02-28,EDFQS3D63,XYKKX,INVESCO,INVESCO Allocation Fund A,A,Y,PCG,ADVISORY,ADVISORY,FC/QC,SEP,P,N,486291.72,486291.72,486291.72,35,Y,Y,N,FSC8043975,Invesco,US Fund Tactical Allocation,US Fund Tactical Allocation
2026-02-28,QVNB4GH2M,WSHAX,NUVEEN,NUVEEN Growth Fund S,S,Y,PCG,BROKERAGE,BROKERAGE,PERSONALIZED UMA,IRA,P,N,4707592.54,4707592.54,4707592.54,24,Y,Y,Y,FSCAPUT3V8,Nuveen,US Fund Small Growth,US Fund Small Growth
2025-01-31,BSWRPBJEK,WMAQX,JPMORGAN,JPMORGAN Growth Fund INV,INV,Y,PCG,BROKERAGE,BROKERAGE,FC/QC,QP,P,N,3097314.17,3097314.17,3097314.17,15,Y,N,Y,FSINVVT0VG,JPMorgan,US Fund Large Growth,US Fund Large Growth
2025-06-30,4DPJA1WJ0,OLABX,PIMCO,PIMCO Bond Fund S,S,Y,FINET,BROKERAGE,BROKERAGE,BROKERAGE,NON-RETIREMENT,P,N,4764595.85,4764595.85,4764595.85,19,Y,Y,Y,FSCAP7M9HW,PIMCO,US Fund Short-Term Bond,US Fund Short-Term Bond
2026-03-31,HQIN9N6XC,HZYVX,MFS,MFS Blend Fund C,C,Y,WBS,BROKERAGE,BROKERAGE,FC/QC,SEP,S,N,4782967.05,-4782967.05,-4782967.05,24,Y,Y,N,FSC8686926,MFS,US Fund Small Blend,US Fund Small Blend
2025-05-31,3TV3I12VJ,ZZOUX,AMERICAN FUNDS,AMERICAN FUNDS Bond Fund A,A,Y,PCG,ADVISORY,ADVISORY,MASTERS,SIM,P,N,862826.28,862826.28,862826.28,8,Y,Y,Y,FSUSA1CZS7,capital group,US Fund High Yield Bond,US Fund High Yield Bond
2025-02-28,WC4RTWUZK,AJOEX,MFS,MFS Bond Fund C,C,Y,WBS,BROKERAGE,BROKERAGE,ASSET ADVISOR,SIM,P,N,133713.74,133713.74,133713.74,49,Y,Y,Y,FSUSAR848N,MFS,US Fund Multisector Bond,US Fund Multisector Bond
2025-09-30,JSG65KXVF,TOUNX,FIRST EAGLE,FIRST EAGLE Blend Fund INST,INST,N,PCG,ADVISORY,ADVISORY,BROKERAGE,IRA,P,N,487592.93,487592.93,487592.93,46,Y,Y,Y,FSCAP4FGYV,First Eagle,US Fund Small Blend,US Fund Small Blend
2025-08-31,17MGFXC08,CNJLX,NUVEEN,NUVEEN Blend Fund INV,INV,N,FCCS,ADVISORY,ADVISORY,MASTERS,SEP,P,N,269888.45,269888.45,269888.45,18,Y,Y,Y,FSUSALNO19,Nuveen,US Fund Small Blend,US Fund Small Blend
2025-12-31,6246HID25,KQEYX,FIRST EAGLE,FIRST EAGLE Growth Fund INST,INST,Y,WFAS,ADVISORY,ADVISORY,PIM,SIM,P,N,87639.33,87639.33,87639.33,28,Y,Y,Y,FSUSAUK54B,First Eagle,US Fund Small Growth,US Fund Small Growth
2025-01-31,6RE4Q6QDY,VIJBX,T ROWE PRICE,T ROWE PRICE Blend Fund A,A,N,FINET,BROKERAGE,BROKERAGE,CUSTOMCHOICE,SIM,P,N,4998793.78,4998793.78,4998793.78,28,Y,Y,Y,FSUSA99GZA,T. Rowe Price,US Fund Small Blend,US Fund Small Blend
2025-10-31,QZXEBB9EI,NKJYX,VANGUARD,VANGUARD Bond Fund A,A,Y,PCG,BROKERAGE,BROKERAGE,BROKERAGE,SEP,P,Y,1203118.9,1203118.9,1203118.9,28,Y,N,Y,FSC4693666,Vanguard,US Fund Intermediate Core Bond,US Fund Intermediate Core Bond
2026-01-31,JH75LXO6Q,GGOGX,MFS,MFS Blend Fund A,A,Y,WBS,ADVISORY,ADVISORY,MASTERS,IRA,P,N,582839.42,582839.42,582839.42,42,Y,Y,Y,FSCAPUR81B,MFS,US Fund Small Blend,US Fund Small Blend
2025-02-28,UVY8N1UTO,QGCTX,INVESCO,INVESCO Allocation Fund S,S,Y,FINET,BROKERAGE,BROKERAGE,BROKERAGE,SEP,S,N,2814822.46,-2814822.46,-2814822.46,46,Y,N,Y,FSINV12SDD,Invesco,US Fund Tactical Allocation,US Fund Tactical Allocation
2025-10-31,QT3WVEDN9,OJDPX,BLACKROCK,BLACKROCK Blend Fund A,A,Y,WFAS,BROKERAGE,BROKERAGE,FC/QC,QP,P,N,4039255.78,4039255.78,4039255.78,32,Y,Y,Y,FSINV1KDAD,BlackRock,US Fund Foreign Large Blend,US Fund Foreign Large Blend
2025-08-31,WK8R2YKCC,LMFPX,DWS FUNDS,DWS FUNDS Bond Fund INST,INST,N,PCG,ADVISORY,ADVISORY,FC/QC,SIM,S,N,4068419.69,-4068419.69,-4068419.69,10,Y,Y,Y,FSCAPNRENH,DWS,US Fund High Yield Bond,US Fund High Yield Bond
2025-10-31,ST0SX5WVF,ESQXX,CAPITAL GROUP,CAPITAL GROUP Bond Fund INST,INST,Y,PCG,ADVISORY,ADVISORY,MASTERS,QP,P,N,1166877.76,1166877.76,1166877.76,8,N,Y,Y,FSINV6Z5AS,capital group,US Fund Intermediate Core Bond,US Fund Intermediate Core Bond
2025-03-31,BPLJD84U8,ZRHBX,PIMCO,PIMCO Blend Fund A,A,Y,PCG,ADVISORY,ADVISORY,BROKERAGE,QP,S,N,4240683.6,-4240683.6,-4240683.6,35,Y,Y,Y,FSCAPPXIH2,PIMCO,US Fund Mid-Cap Blend,US Fund Mid-Cap Blend
2025-11-30,U7EEQTUL1,LVXLX,FIRST EAGLE,FIRST EAGLE Estate Fund INST,INST,Y,PCG,BROKERAGE,BROKERAGE,ASSET ADVISOR,NON-RETIREMENT,S,N,137633.32,-137633.32,-137633.32,45,Y,Y,Y,FSUSAS7SPG,First Eagle,US Fund Real Estate,US Fund Real Estate
2025-08-31,KTSG7FXZV,VOVAX,CAPITAL GROUP,CAPITAL GROUP Bond Fund INST,INST,Y,PCG,ADVISORY,ADVISORY,MASTERS,QP,S,Y,4487285.45,-4487285.45,-4487285.45,5,N,N,N,FSCAPU9MJ4,capital group,US Fund Intermediate Core Bond,US Fund Intermediate Core Bond
2025-09-30,3NX39RBSV,WWLNX,CAPITAL GROUP,CAPITAL GROUP Growth Fund A,A,N,PCG,BROKERAGE,BROKERAGE,FUNDSOURCE,QP,P,N,3789284.43,3789284.43,3789284.43,33,Y,N,Y,FSINV8R1QP,capital group,US Fund Small Growth,US Fund Small Growth
2026-01-31,CATVAZCCB,INHMX,CAPITAL GROUP,CAPITAL GROUP Blend Fund INST,INST,Y,FINET,ADVISORY,ADVISORY,CUSTOMCHOICE,NON-RETIREMENT,P,N,2700704.85,2700704.85,2700704.85,6,Y,Y,Y,FSC7363842,capital group,US Fund Small Blend,US Fund Small Blend
2026-03-31,0CVS4F8CG,PRGDX,T ROWE PRICE,T ROWE PRICE Bond Fund C,C,N,WFAS,ADVISORY,ADVISORY,FC/QC,QP,P,N,4455004.25,4455004.25,4455004.25,10,Y,N,Y,FSINV5AYKJ,T. Rowe Price,US Fund Short-Term Bond,US Fund Short-Term Bond
2025-11-30,ST0SX5WVF,ESQXX,CAPITAL GROUP,CAPITAL GROUP Bond Fund INST,INST,Y,PCG,ADVISORY,ADVISORY,ASSET ADVISOR,QP,S,N,1336038.76,-1336038.76,-1336038.76,23,Y,Y,Y,FSINV6Z5AS,capital group,US Fund Intermediate Core Bond,US Fund Intermediate Core Bond
2025-03-31,C8D1WJCIT,EKRMX,FRANKLIN TEMPLETON,FRANKLIN TEMPLETON Estate Fund C,C,Y,PCG,ADVISORY,ADVISORY,FC/QC,SEP,P,N,3371125.19,3371125.19,3371125.19,30,Y,N,Y,FSC7392545,Franklin Templeton,US Fund Real Estate,US Fund Real Estate
2025-03-31,LJ8YRDDP0,JDBYX,VANGUARD,VANGUARD Bond Fund INST,INST,Y,FINET,ADVISORY,ADVISORY,FC/QC,SIM,P,N,226315.31,226315.31,226315.31,47,Y,Y,Y,FSC4848373,Vanguard,US Fund High Yield Bond,US Fund High Yield Bond
2025-09-30,8LPQW2VMC,MAJHX,T ROWE PRICE,T ROWE PRICE Estate Fund S,S,N,PCG,ADVISORY,ADVISORY,CUSTOMCHOICE,NON-RETIREMENT,P,Y,324267.26,324267.26,324267.26,23,Y,Y,Y,FSINVOVNZB,T. Rowe Price,US Fund Real Estate,US Fund Real Estate
2025-09-30,BSWRPBJEK,WMAQX,JPMORGAN,JPMORGAN Growth Fund INV,INV,Y,WFAS,BROKERAGE,BROKERAGE,MASTERS,QP,P,N,2216.35,2216.35,2216.35,45,Y,Y,N,FSINVVT0VG,JPMorgan,US Fund Large Growth,US Fund Large Growth
2025-05-31,0YNCXLL4Z,HIKKX,FIDELITY,FIDELITY Bond Fund A,A,Y,FINET,ADVISORY,ADVISORY,ASSET ADVISOR,SIM,P,N,757117.81,757117.81,757117.81,5,Y,Y,N,FSUSAP0XJP,Fidelity,US Fund Multisector Bond,US Fund Multisector Bond
2025-10-31,6246HID25,KQEYX,FIRST EAGLE,FIRST EAGLE Growth Fund INST,INST,Y,FCCS,BROKERAGE,BROKERAGE,CUSTOMCHOICE,NON-RETIREMENT,S,N,4971108.04,-4971108.04,-4971108.04,7,Y,Y,Y,FSUSAUK54B,First Eagle,US Fund Small Growth,US Fund Small Growth
2025-06-30,VBDIVUZZP,LHWTX,VANGUARD,VANGUARD Growth Fund A,A,Y,WBS,ADVISORY,ADVISORY,FC/QC,SEP,P,N,1243502.53,1243502.53,1243502.53,45,Y,Y,N,FSCAP853QJ,Vanguard,US Fund Large Growth,US Fund Large Growth
2026-01-31,BSWRPBJEK,WMAQX,JPMORGAN,JPMORGAN Growth Fund INV,INV,Y,PCG,ADVISORY,ADVISORY,BROKERAGE,NON-RETIREMENT,P,Y,723650.48,723650.48,723650.48,18,Y,Y,Y,FSINVVT0VG,JPMorgan,US Fund Large Growth,US Fund Large Growth
2025-08-31,MO5BXXC02,CENDX,FRANKLIN TEMPLETON,FRANKLIN TEMPLETON Value Fund INST,INST,Y,WFAS,BROKERAGE,BROKERAGE,CUSTOMCHOICE,SEP,S,N,2421455.84,-2421455.84,-2421455.84,37,Y,Y,Y,FSINV8HE3N,Franklin Templeton,US Fund Large Value,US Fund Large Value
2026-02-28,VBDIVUZZP,LHWTX,VANGUARD,VANGUARD Growth Fund A,A,Y,WBS,ADVISORY,ADVISORY,FC/QC,QP,P,Y,4166723.03,4166723.03,4166723.03,7,Y,N,Y,FSCAP853QJ,Vanguard,US Fund Large Growth,US Fund Large Growth
2025-11-30,LJ8YRDDP0,JDBYX,VANGUARD,VANGUARD Bond Fund INST,INST,Y,FINET,BROKERAGE,BROKERAGE,FUNDSOURCE,QP,P,N,1325499.76,1325499.76,1325499.76,40,Y,Y,Y,FSC4848373,Vanguard,US Fund High Yield Bond,US Fund High Yield Bond
2025-05-31,E2ATN2TWD,IZSNX,FRANKLIN TEMPLETON,FRANKLIN TEMPLETON Bond Fund INST,INST,Y,FCCS,ADVISORY,ADVISORY,BROKERAGE,IRA,S,N,4333727.87,-4333727.87,-4333727.87,9,Y,Y,Y,FSC7967512,Franklin Templeton,US Fund Short-Term Bond,US Fund Short-Term Bond
2025-06-30,ST0SX5WVF,ESQXX,CAPITAL GROUP,CAPITAL GROUP Bond Fund INST,INST,Y,PCG,ADVISORY,ADVISORY,PERSONALIZED UMA,IRA,P,N,4643777.26,4643777.26,4643777.26,47,Y,N,Y,FSINV6Z5AS,capital group,US Fund Intermediate Core Bond,US Fund Intermediate Core Bond
2026-01-31,6RE4Q6QDY,VIJBX,T ROWE PRICE,T ROWE PRICE Blend Fund A,A,Y,FINET,BROKERAGE,BROKERAGE,ASSET ADVISOR,QP,P,N,2106533.5,2106533.5,2106533.5,21,Y,Y,Y,FSUSA99GZA,T. Rowe Price,US Fund Small Blend,US Fund Small Blend
2025-01-31,IUC039TEX,YENPX,DWS FUNDS,DWS FUNDS Bond Fund A,A,Y,WBS,ADVISORY,ADVISORY,MASTERS,NON-RETIREMENT,P,N,3256811.1,3256811.1,3256811.1,25,N,Y,Y,FSUSA4DZT8,DWS,US Fund Multisector Bond,US Fund Multisector Bond
2025-10-31,6RE4Q6QDY,VIJBX,T ROWE PRICE,T ROWE PRICE Blend Fund A,A,Y,PCG,BROKERAGE,BROKERAGE,BROKERAGE,SEP,P,Y,2487768.49,2487768.49,2487768.49,24,Y,Y,Y,FSUSA99GZA,T. Rowe Price,US Fund Small Blend,US Fund Small Blend
2025-10-31,JH75LXO6Q,GGOGX,MFS,MFS Blend Fund A,A,Y,PCG,BROKERAGE,BROKERAGE,BROKERAGE,SIM,P,N,4764980.16,4764980.16,4764980.16,24,Y,Y,Y,FSCAPUR81B,MFS,US Fund Small Blend,US Fund Small Blend
2026-02-28,T7E8G8JDP,SIPNX,CAPITAL GROUP,CAPITAL GROUP Blend Fund A,A,Y,PCG,ADVISORY,ADVISORY,PIM,QP,S,N,3852238.31,-3852238.31,-3852238.31,15,Y,Y,N,FSUSAYANEZ,capital group,US Fund Foreign Large Blend,US Fund Foreign Large Blend
2025-03-31,1KERPETIU,RJKTX,VANGUARD,VANGUARD Bond Fund A,A,N,WFAS,ADVISORY,ADVISORY,PERSONALIZED UMA,SIM,S,N,592512.21,-592512.21,-592512.21,31,Y,Y,Y,FSINVZ17YR,Vanguard,US Fund Short-Term Bond,US Fund Short-Term Bond
2025-10-31,Y6B2KNFTU,UECWX,VANGUARD,VANGUARD Bond Fund INV,INV,N,FCCS,ADVISORY,ADVISORY,ASSET ADVISOR,SEP,P,Y,139230.62,139230.62,139230.62,33,Y,Y,Y,FSUSAF3MVF,Vanguard,US Fund Short-Term Bond,US Fund Short-Term Bond
2025-01-31,LFEWVZNVK,NLUCX,DWS FUNDS,DWS FUNDS Blend Fund INV,INV,Y,WBS,ADVISORY,ADVISORY,FC/QC,SIM,P,N,4522234.04,4522234.04,4522234.04,36,Y,N,Y,FSINVF3PFW,DWS,US Fund Large Blend,US Fund Large Blend
2026-03-31,QJIDKNWI5,EIPIX,JPMORGAN,JPMORGAN Allocation Fund INST,INST,N,WFAS,ADVISORY,ADVISORY,PERSONALIZED UMA,NON-RETIREMENT,S,N,2220719.65,-2220719.65,-2220719.65,27,Y,N,Y,FSCAPZ4DKB,JPMorgan,US Fund Tactical Allocation,US Fund Tactical Allocation
2025-02-28,1KERPETIU,RJKTX,VANGUARD,VANGUARD Bond Fund A,A,Y,PCG,ADVISORY,ADVISORY,PERSONALIZED UMA,SEP,P,N,554983.17,554983.17,554983.17,23,Y,N,N,FSINVZ17YR,Vanguard,US Fund Short-Term Bond,US Fund Short-Term Bond
2025-01-31,8MGYN2JCP,LZEHX,NUVEEN,NUVEEN Estate Fund A,A,Y,FCCS,ADVISORY,ADVISORY,CUSTOMCHOICE,SEP,P,N,1752096.88,1752096.88,1752096.88,43,Y,N,Y,FSCAP9SFEF,Nuveen,US Fund Real Estate,US Fund Real Estate
2025-06-30,WX7PTX63C,EHTOX,DWS FUNDS,DWS FUNDS Allocation Fund A,A,Y,FCCS,ADVISORY,ADVISORY,MASTERS,SEP,S,N,4899751.32,-4899751.32,-4899751.32,19,Y,Y,Y,FSCAPPGOXS,DWS,US Fund Moderate Allocation,US Fund Moderate Allocation
2026-02-28,U6N7HV3IZ,HRUUX,JPMORGAN,JPMORGAN Value Fund S,S,Y,FINET,ADVISORY,ADVISORY,PERSONALIZED UMA,SEP,S,N,557462.6,-557462.6,-557462.6,40,Y,N,Y,FSUSAS5BKX,JPMorgan,US Fund Large Value,US Fund Large Value
2025-12-31,SLWF90KM3,NSHVX,FIDELITY,FIDELITY Blend Fund A,A,Y,WFAS,BROKERAGE,BROKERAGE,FUNDSOURCE,SEP,S,N,424791.51,-424791.51,-424791.51,44,Y,Y,Y,FSUSA4BHGL,Fidelity,US Fund Small Blend,US Fund Small Blend
2025-09-30,6RE4Q6QDY,VIJBX,T ROWE PRICE,T ROWE PRICE Blend Fund A,A,Y,FINET,ADVISORY,ADVISORY,BROKERAGE,IRA,P,Y,848994.91,848994.91,848994.91,25,N,N,Y,FSUSA99GZA,T. Rowe Price,US Fund Small Blend,US Fund Small Blend
2025-01-31,C8BBI4WIR,CYMGX,NUVEEN,NUVEEN Blend Fund A,A,Y,WBS,ADVISORY,ADVISORY,CUSTOMCHOICE,SEP,P,N,4971652.62,4971652.62,4971652.62,15,Y,Y,Y,FSUSAGQ1Y8,Nuveen,US Fund Foreign Large Blend,US Fund Foreign Large Blend
2026-02-28,4FFYVNVQJ,OYRCX,LORD ABBETT,LORD ABBETT Blend Fund INST,INST,Y,PCG,ADVISORY,ADVISORY,FC/QC,SIM,S,N,3500173.32,-3500173.32,-3500173.32,19,Y,Y,Y,FSINVDZ4HR,Lord Abbett,US Fund Foreign Large Blend,US Fund Foreign Large Blend
2025-05-31,R7KO64T02,XMHMX,FRANKLIN TEMPLETON,FRANKLIN TEMPLETON Blend Fund C,C,Y,WBS,ADVISORY,ADVISORY,FUNDSOURCE,QP,P,N,4583990.44,4583990.44,4583990.44,45,Y,Y,Y,FSC8379085,Franklin Templeton,US Fund Mid-Cap Blend,US Fund Mid-Cap Blend
2025-02-28,UVY8N1UTO,QGCTX,INVESCO,INVESCO Allocation Fund S,S,Y,FINET,BROKERAGE,BROKERAGE,FUNDSOURCE,QP,P,N,3431358.93,3431358.93,3431358.93,35,Y,Y,Y,FSINV12SDD,Invesco,US Fund Tactical Allocation,US Fund Tactical Allocation
2025-12-31,8MGYN2JCP,LZEHX,NUVEEN,NUVEEN Estate Fund A,A,Y,WBS,BROKERAGE,BROKERAGE,CUSTOMCHOICE,QP,P,N,3110683.51,3110683.51,3110683.51,21,Y,N,N,FSCAP9SFEF,Nuveen,US Fund Real Estate,US Fund Real Estate
2025-05-31,4DPJA1WJ0,OLABX,PIMCO,PIMCO Bond Fund S,S,Y,WFAS,ADVISORY,ADVISORY,FC/QC,SEP,S,N,3405278.19,-3405278.19,-3405278.19,9,Y,N,Y,FSCAP7M9HW,PIMCO,US Fund Short-Term Bond,US Fund Short-Term Bond
2025-08-31,WK8R2YKCC,LMFPX,DWS FUNDS,DWS FUNDS Bond Fund INST,INST,Y,FCCS,ADVISORY,ADVISORY,PERSONALIZED UMA,IRA,P,N,1177711.4,1177711.4,1177711.4,11,Y,Y,N,FSCAPNRENH,DWS,US Fund High Yield Bond,US Fund High Yield Bond
2026-02-28,OQW9JA2M0,QUTIX,VANGUARD,VANGUARD Growth Fund C,C,Y,PCG,BROKERAGE,BROKERAGE,ASSET ADVISOR,IRA,P,N,247355.84,247355.84,247355.84,1,Y,Y,Y,FSCAP2IIZJ,Vanguard,US Fund Large Growth,US Fund Large Growth
2025-12-31,MO5BXXC02,CENDX,FRANKLIN TEMPLETON,FRANKLIN TEMPLETON Value Fund INST,INST,Y,PCG,ADVISORY,ADVISORY,PERSONALIZED UMA,SIM,P,N,2306815.0,2306815.0,2306815.0,36,Y,Y,Y,FSINV8HE3N,Franklin Templeton,US Fund Large Value,US Fund Large Value
2025-05-31,HZIOYKL1C,LZZBX,FIRST EAGLE,FIRST EAGLE Bond Fund A,A,Y,PCG,ADVISORY,ADVISORY,FUNDSOURCE,IRA,P,N,3622667.45,3622667.45,3622667.45,49,Y,Y,Y,FSUSAMFLIX,First Eagle,US Fund Multisector Bond,US Fund Multisector Bond
2025-11-30,UVY8N1UTO,QGCTX,INVESCO,INVESCO Allocation Fund S,S,Y,PCG,BROKERAGE,BROKERAGE,ASSET ADVISOR,IRA,P,N,1574651.75,1574651.75,1574651.75,47,Y,Y,N,FSINV12SDD,Invesco,US Fund Tactical Allocation,US Fund Tactical Allocation
2026-03-31,8VMUHXID4,JTOUX,FRANKLIN TEMPLETON,FRANKLIN TEMPLETON Bond Fund INST,INST,Y,FCCS,BROKERAGE,BROKERAGE,FC/QC,SIM,P,N,1850606.38,1850606.38,1850606.38,22,Y,Y,Y,FSINVCNRVP,Franklin Templeton,US Fund Intermediate Core Bond,US Fund Intermediate Core Bond
2025-07-31,LFEWVZNVK,NLUCX,DWS FUNDS,DWS FUNDS Blend Fund INV,INV,Y,PCG,ADVISORY,ADVISORY,ASSET ADVISOR,IRA,P,N,369591.82,369591.82,369591.82,15,N,Y,Y,FSINVF3PFW,DWS,US Fund Large Blend,US Fund Large Blend
2025-02-28,TC89K8YQK,ZWCJX,LORD ABBETT,LORD ABBETT Bond Fund A,A,Y,FINET,ADVISORY,ADVISORY,BROKERAGE,QP,P,N,4089815.56,4089815.56,4089815.56,24,Y,N,Y,FSC2646842,Lord Abbett,US Fund High Yield Bond,US Fund High Yield Bond
2025-04-30,UVY8N1UTO,QGCTX,INVESCO,INVESCO Allocation Fund S,S,Y,FINET,ADVISORY,ADVISORY,CUSTOMCHOICE,SIM,P,N,704563.15,704563.15,704563.15,1,Y,Y,Y,FSINV12SDD,Invesco,US Fund Tactical Allocation,US Fund Tactical Allocation
2026-03-31,OQW9JA2M0,QUTIX,VANGUARD,VANGUARD Growth Fund C,C,Y,FINET,BROKERAGE,BROKERAGE,ASSET ADVISOR,SEP,S,N,592007.24,-592007.24,-592007.24,38,Y,Y,N,FSCAP2IIZJ,Vanguard,US Fund Large Growth,US Fund Large Growth
2025-08-31,E2ATN2TWD,IZSNX,FRANKLIN TEMPLETON,FRANKLIN TEMPLETON Bond Fund INST,INST,Y,FCCS,ADVISORY,ADVISORY,CUSTOMCHOICE,SIM,S,N,117356.47,-117356.47,-117356.47,49,N,Y,N,FSC7967512,Franklin Templeton,US Fund Short-Term Bond,US Fund Short-Term Bond
2025-10-31,OQW9JA2M0,QUTIX,VANGUARD,VANGUARD Growth Fund C,C,Y,PCG,ADVISORY,ADVISORY,BROKERAGE,QP,P,N,4363472.5,4363472.5,4363472.5,9,Y,N,Y,FSCAP2IIZJ,Vanguard,US Fund Large Growth,US Fund Large Growth
2025-06-30,WC4RTWUZK,AJOEX,MFS,MFS Bond Fund C,C,Y,PCG,ADVISORY,ADVISORY,CUSTOMCHOICE,SIM,S,N,589333.86,-589333.86,-589333.86,39,Y,Y,Y,FSUSAR848N,MFS,US Fund Multisector Bond,US Fund Multisector Bond
2025-03-31,UVY8N1UTO,QGCTX,INVESCO,INVESCO Allocation Fund S,S,Y,WBS,BROKERAGE,BROKERAGE,CUSTOMCHOICE,NON-RETIREMENT,P,N,3042954.08,3042954.08,3042954.08,31,Y,Y,Y,FSINV12SDD,Invesco,US Fund Tactical Allocation,US Fund Tactical Allocation
2025-12-31,BPLJD84U8,ZRHBX,PIMCO,PIMCO Blend Fund A,A,Y,PCG,BROKERAGE,BROKERAGE,MASTERS,SEP,S,Y,1332372.02,-1332372.02,-1332372.02,3,Y,N,Y,FSCAPPXIH2,PIMCO,US Fund Mid-Cap Blend,US Fund Mid-Cap Blend
2025-03-31,E3TV1ES53,NHEYX,BLACKROCK,BLACKROCK Blend Fund INST,INST,Y,WBS,ADVISORY,ADVISORY,BROKERAGE,IRA,P,N,4348282.7,4348282.7,4348282.7,15,Y,N,Y,FSUSA4B2GI,BlackRock,US Fund Foreign Large Blend,US Fund Foreign Large Blend
2025-08-31,IUC039TEX,YENPX,DWS FUNDS,DWS FUNDS Bond Fund A,A,Y,FCCS,BROKERAGE,BROKERAGE,CUSTOMCHOICE,QP,P,N,4136490.39,4136490.39,4136490.39,47,Y,Y,Y,FSUSA4DZT8,DWS,US Fund Multisector Bond,US Fund Multisector Bond
2025-09-30,QTL3Q4N89,MHJNX,MFS,MFS Blend Fund A,A,Y,PCG,ADVISORY,ADVISORY,PERSONALIZED UMA,NON-RETIREMENT,S,N,4562113.86,-4562113.86,-4562113.86,27,Y,N,Y,FSCAPO8FAQ,MFS,US Fund Mid-Cap Blend,US Fund Mid-Cap Blend
2025-01-31,3TV3I12VJ,ZZOUX,AMERICAN FUNDS,AMERICAN FUNDS Bond Fund A,A,Y,FINET,ADVISORY,ADVISORY,BROKERAGE,IRA,P,N,295057.81,295057.81,295057.81,24,N,Y,N,FSUSA1CZS7,capital group,US Fund High Yield Bond,US Fund High Yield Bond
2026-02-28,4DPJA1WJ0,OLABX,PIMCO,PIMCO Bond Fund S,S,N,PCG,BROKERAGE,BROKERAGE,PIM,NON-RETIREMENT,S,N,1575259.35,-1575259.35,-1575259.35,29,Y,Y,Y,FSCAP7M9HW,PIMCO,US Fund Short-Term Bond,US Fund Short-Term Bond
2025-08-31,4FFYVNVQJ,OYRCX,LORD ABBETT,LORD ABBETT Blend Fund INST,INST,Y,FCCS,ADVISORY,ADVISORY,MASTERS,IRA,P,N,2151224.74,2151224.74,2151224.74,37,Y,Y,Y,FSINVDZ4HR,Lord Abbett,US Fund Foreign Large Blend,US Fund Foreign Large Blend
2025-04-30,3KKV9RFTM,OOLIX,FRANKLIN TEMPLETON,FRANKLIN TEMPLETON Growth Fund INST,INST,Y,WBS,ADVISORY,ADVISORY,FUNDSOURCE,SIM,S,N,704675.81,-704675.81,-704675.81,39,Y,N,Y,FSUSA9SEXI,Franklin Templeton,US Fund Small Growth,US Fund Small Growth
2026-02-28,17MGFXC08,CNJLX,NUVEEN,NUVEEN Blend Fund INV,INV,Y,PCG,ADVISORY,ADVISORY,PERSONALIZED UMA,NON-RETIREMENT,S,N,4796701.16,-4796701.16,-4796701.16,35,Y,N,Y,FSUSALNO19,Nuveen,US Fund Small Blend,US Fund Small Blend
2025-01-31,4874FRHOC,JZGUX,INVESCO,INVESCO Bond Fund C,C,Y,FINET,ADVISORY,ADVISORY,FUNDSOURCE,NON-RETIREMENT,P,N,227496.98,227496.98,227496.98,19,Y,N,Y,FSUSAFVJ1Z,Invesco,US Fund Short-Term Bond,US Fund Short-Term Bond
2025-08-31,HQIN9N6XC,HZYVX,MFS,MFS Blend Fund C,C,Y,FCCS,ADVISORY,ADVISORY,FC/QC,QP,P,N,3819822.45,3819822.45,3819822.45,18,N,Y,Y,FSC8686926,MFS,US Fund Small Blend,US Fund Small Blend
2025-04-30,8LPQW2VMC,MAJHX,T ROWE PRICE,T ROWE PRICE Estate Fund S,S,Y,PCG,ADVISORY,ADVISORY,FUNDSOURCE,QP,P,N,1095537.47,1095537.47,1095537.47,12,Y,Y,N,FSINVOVNZB,T. Rowe Price,US Fund Real Estate,US Fund Real Estate
2025-07-31,3NX39RBSV,WWLNX,CAPITAL GROUP,CAPITAL GROUP Growth Fund A,A,Y,WFAS,ADVISORY,ADVISORY,MASTERS,IRA,S,N,2701190.5,-2701190.5,-2701190.5,29,Y,Y,Y,FSINV8R1QP,capital group,US Fund Small Growth,US Fund Small Growth
2025-03-31,LJ8YRDDP0,JDBYX,VANGUARD,VANGUARD Bond Fund INST,INST,Y,WBS,ADVISORY,ADVISORY,PIM,SEP,P,N,914269.92,914269.92,914269.92,32,Y,Y,Y,FSC4848373,Vanguard,US Fund High Yield Bond,US Fund High Yield Bond
2025-02-28,QJIDKNWI5,EIPIX,JPMORGAN,JPMORGAN Allocation Fund INST,INST,Y,WFAS,ADVISORY,ADVISORY,FC/QC,IRA,S,Y,499099.5,-499099.5,-499099.5,44,Y,Y,Y,FSCAPZ4DKB,JPMorgan,US Fund Tactical Allocation,US Fund Tactical Allocation
2025-11-30,1M8XFDJGF,TBYQX,PIMCO,PIMCO Growth Fund A,A,Y,WBS,BROKERAGE,BROKERAGE,PIM,NON-RETIREMENT,P,N,3433844.72,3433844.72,3433844.72,18,Y,Y,Y,FSCAPS2MJ6,PIMCO,US Fund Small Growth,US Fund Small Growth
2026-03-31,VBDIVUZZP,LHWTX,VANGUARD,VANGUARD Growth Fund A,A,Y,WFAS,ADVISORY,ADVISORY,PIM,IRA,P,N,676598.21,676598.21,676598.21,27,Y,Y,Y,FSCAP853QJ,Vanguard,US Fund Large Growth,US Fund Large Growth
2025-02-28,Y6B2KNFTU,UECWX,VANGUARD,VANGUARD Bond Fund INV,INV,Y,PCG,BROKERAGE,BROKERAGE,MASTERS,SIM,P,N,4314186.9,4314186.9,4314186.9,40,Y,Y,Y,FSUSAF3MVF,Vanguard,US Fund Short-Term Bond,US Fund Short-Term Bond
2025-02-28,EDFQS3D63,XYKKX,INVESCO,INVESCO Allocation Fund A,A,Y,WBS,ADVISORY,ADVISORY,PIM,QP,S,N,3521070.28,-3521070.28,-3521070.28,42,Y,Y,Y,FSC8043975,Invesco,US Fund Tactical Allocation,US Fund Tactical Allocation
2025-01-31,MO5BXXC02,CENDX,FRANKLIN TEMPLETON,FRANKLIN TEMPLETON Value Fund INST,INST,Y,FCCS,BROKERAGE,BROKERAGE,BROKERAGE,NON-RETIREMENT,P,N,1963655.75,1963655.75,1963655.75,38,Y,Y,Y,FSINV8HE3N,Franklin Templeton,US Fund Large Value,US Fund Large Value
2026-03-31,4FFYVNVQJ,OYRCX,LORD ABBETT,LORD ABBETT Blend Fund INST,INST,Y,PCG,BROKERAGE,BROKERAGE,ASSET ADVISOR,QP,P,N,228512.85,228512.85,228512.85,40,Y,N,N,FSINVDZ4HR,Lord Abbett,US Fund Foreign Large Blend,US Fund Foreign Large Blend
2026-03-31,DK0GET8T6,VGVMX,BLACKROCK,BLACKROCK Bond Fund INST,INST,Y,WFAS,ADVISORY,ADVISORY,FUNDSOURCE,SEP,S,N,4459588.49,-4459588.49,-4459588.49,22,Y,Y,Y,FSC6963457,BlackRock,US Fund High Yield Bond,US Fund High Yield Bond
2025-07-31,CATVAZCCB,INHMX,CAPITAL GROUP,CAPITAL GROUP Blend Fund INST,INST,Y,PCG,BROKERAGE,BROKERAGE,FC/QC,QP,S,N,2847187.72,-2847187.72,-2847187.72,35,Y,Y,Y,FSC7363842,capital group,US Fund Small Blend,US Fund Small Blend
2025-08-31,8J5ECRUYF,VYCGX,INVESCO,INVESCO Bond Fund INST,INST,Y,PCG,BROKERAGE,BROKERAGE,FUNDSOURCE,QP,P,Y,3472093.77,3472093.77,3472093.77,20,Y,N,Y,FSINV30AHC,Invesco,US Fund High Yield Bond,US Fund High Yield Bond
2025-01-31,2DHYLURTP,TISHX,CAPITAL GROUP,CAPITAL GROUP Growth Fund A,A,Y,PCG,BROKERAGE,BROKERAGE,PIM,IRA,P,N,2454137.17,2454137.17,2454137.17,41,Y,Y,Y,FSINVHRONH,capital group,US Fund Large Growth,US Fund Large Growth
2025-06-30,S0R2SDS8B,UWNLX,AMERICAN FUNDS,AMERICAN FUNDS Bond Fund INST,INST,Y,WBS,ADVISORY,ADVISORY,CUSTOMCHOICE,QP,P,N,4494270.31,4494270.31,4494270.31,12,Y,Y,Y,FSC0723107,capital group,US Fund High Yield Bond,US Fund High Yield Bond
2026-01-31,2DHYLURTP,TISHX,CAPITAL GROUP,CAPITAL GROUP Growth Fund A,A,Y,WFAS,ADVISORY,ADVISORY,BROKERAGE,SIM,P,Y,1655484.39,1655484.39,1655484.39,3,Y,Y,Y,FSINVHRONH,capital group,US Fund Large Growth,US Fund Large Growth
2025-09-30,B5M9J98CW,JURYX,AMERICAN FUNDS,AMERICAN FUNDS Growth Fund A,A,Y,FCCS,ADVISORY,ADVISORY,ASSET ADVISOR,SIM,S,N,2552428.51,-2552428.51,-2552428.51,15,Y,Y,Y,FSCAPBLFOC,capital group,US Fund Large Growth,US Fund Large Growth
2026-03-31,2960361I2,FEGTX,JPMORGAN,JPMORGAN Bond Fund A,A,Y,WFAS,ADVISORY,ADVISORY,PERSONALIZED UMA,SEP,S,N,1670747.94,-1670747.94,-1670747.94,12,Y,Y,Y,FSCAP0TE0V,JPMorgan,US Fund Multisector Bond,US Fund Multisector Bond
2025-05-31,1KERPETIU,RJKTX,VANGUARD,VANGUARD Bond Fund A,A,Y,FINET,ADVISORY,ADVISORY,CUSTOMCHOICE,IRA,P,N,232607.83,232607.83,232607.83,10,Y,Y,Y,FSINVZ17YR,Vanguard,US Fund Short-Term Bond,US Fund Short-Term Bond
2025-08-31,WX7PTX63C,EHTOX,DWS FUNDS,DWS FUNDS Allocation Fund A,A,Y,FCCS,ADVISORY,ADVISORY,ASSET ADVISOR,IRA,S,N,4449695.7,-4449695.7,-4449695.7,11,Y,N,Y,FSCAPPGOXS,DWS,US Fund Moderate Allocation,US Fund Moderate Allocation
2025-07-31,C8BBI4WIR,CYMGX,NUVEEN,NUVEEN Blend Fund A,A,N,FINET,BROKERAGE,BROKERAGE,ASSET ADVISOR,SEP,S,N,841658.33,-841658.33,-841658.33,34,Y,Y,N,FSUSAGQ1Y8,Nuveen,US Fund Foreign Large Blend,US Fund Foreign Large Blend
2025-11-30,VBDIVUZZP,LHWTX,VANGUARD,VANGUARD Growth Fund A,A,Y,WBS,ADVISORY,ADVISORY,PIM,SEP,P,Y,472769.45,472769.45,472769.45,6,Y,N,Y,FSCAP853QJ,Vanguard,US Fund Large Growth,US Fund Large Growth
2025-12-31,N1YBWMLUN,GWZPX,INVESCO,INVESCO Blend Fund A,A,N,WBS,ADVISORY,ADVISORY,BROKERAGE,SEP,S,N,837813.23,-837813.23,-837813.23,31,Y,N,Y,FSINVZILDX,Invesco,US Fund Large Blend,US Fund Large Blend
2025-02-28,QVNB4GH2M,WSHAX,NUVEEN,NUVEEN Growth Fund S,S,Y,WBS,ADVISORY,ADVISORY,CUSTOMCHOICE,QP,P,N,1877500.84,1877500.84,1877500.84,20,Y,Y,N,FSCAPUT3V8,Nuveen,US Fund Small Growth,US Fund Small Growth
2025-03-31,0YNCXLL4Z,HIKKX,FIDELITY,FIDELITY Bond Fund A,A,Y,PCG,ADVISORY,ADVISORY,MASTERS,QP,S,Y,2384121.93,-2384121.93,-2384121.93,15,Y,N,Y,FSUSAP0XJP,Fidelity,US Fund Multisector Bond,US Fund Multisector Bond
2025-05-31,HZIOYKL1C,LZZBX,FIRST EAGLE,FIRST EAGLE Bond Fund A,A,Y,FCCS,BROKERAGE,BROKERAGE,ASSET ADVISOR,IRA,P,N,4937021.22,4937021.22,4937021.22,24,Y,N,Y,FSUSAMFLIX,First Eagle,US Fund Multisector Bond,US Fund Multisector Bond
2025-12-31,T7E8G8JDP,SIPNX,CAPITAL GROUP,CAPITAL GROUP Blend Fund A,A,Y,PCG,ADVISORY,ADVISORY,CUSTOMCHOICE,NON-RETIREMENT,S,Y,65722.31,-65722.31,-65722.31,9,Y,Y,N,FSUSAYANEZ,capital group,US Fund Foreign Large Blend,US Fund Foreign Large Blend
2025-12-31,T7E8G8JDP,SIPNX,CAPITAL GROUP,CAPITAL GROUP Blend Fund A,A,Y,WFAS,ADVISORY,ADVISORY,CUSTOMCHOICE,QP,S,N,1218874.43,-1218874.43,-1218874.43,22,Y,Y,Y,FSUSAYANEZ,capital group,US Fund Foreign Large Blend,US Fund Foreign Large Blend
2025-11-30,VBDIVUZZP,LHWTX,VANGUARD,VANGUARD Growth Fund A,A,Y,FCCS,ADVISORY,ADVISORY,PERSONALIZED UMA,SIM,S,N,287676.91,-287676.91,-287676.91,26,Y,Y,Y,FSCAP853QJ,Vanguard,US Fund Large Growth,US Fund Large Growth
2026-01-31,T7E8G8JDP,SIPNX,CAPITAL GROUP,CAPITAL GROUP Blend Fund A,A,Y,WBS,ADVISORY,ADVISORY,ASSET ADVISOR,SIM,P,N,115077.34,115077.34,115077.34,39,Y,N,Y,FSUSAYANEZ,capital group,US Fund Foreign Large Blend,US Fund Foreign Large Blend
2025-04-30,7BH25LLO3,MAQHX,DWS FUNDS,DWS FUNDS Bond Fund C,C,Y,FINET,BROKERAGE,BROKERAGE,MASTERS,IRA,P,N,3925898.39,3925898.39,3925898.39,26,Y,Y,N,FSC8694117,DWS,US Fund Intermediate Core Bond,US Fund Intermediate Core Bond
2025-02-28,U6N7HV3IZ,HRUUX,JPMORGAN,JPMORGAN Value Fund S,S,Y,WFAS,ADVISORY,ADVISORY,FC/QC,SIM,P,Y,70453.53,70453.53,70453.53,49,Y,Y,Y,FSUSAS5BKX,JPMorgan,US Fund Large Value,US Fund Large Value
2026-03-31,LJ8YRDDP0,JDBYX,VANGUARD,VANGUARD Bond Fund INST,INST,Y,PCG,ADVISORY,ADVISORY,MASTERS,SEP,P,N,2851854.54,2851854.54,2851854.54,3,Y,Y,N,FSC4848373,Vanguard,US Fund High Yield Bond,US Fund High Yield Bond
2025-10-31,WOCLYT8W5,MOQGX,T ROWE PRICE,T ROWE PRICE Blend Fund INST,INST,Y,PCG,ADVISORY,ADVISORY,FC/QC,NON-RETIREMENT,S,N,3586540.03,-3586540.03,-3586540.03,9,Y,Y,Y,FSINVVY2S9,T. Rowe Price,US Fund Large Blend,US Fund Large Blend
2025-02-28,3J2D54I3Q,HUFAX,NUVEEN,NUVEEN Value Fund INV,INV,Y,PCG,ADVISORY,ADVISORY,PIM,QP,P,N,734716.84,734716.84,734716.84,18,Y,Y,Y,FSC8073988,Nuveen,US Fund Large Value,US Fund Large Value
2025-11-30,WC4RTWUZK,AJOEX,MFS,MFS Bond Fund C,C,N,WBS,BROKERAGE,BROKERAGE,ASSET ADVISOR,QP,S,N,196934.3,-196934.3,-196934.3,10,Y,N,N,FSUSAR848N,MFS,US Fund Multisector Bond,US Fund Multisector Bond
2025-11-30,0CVS4F8CG,PRGDX,T ROWE PRICE,T ROWE PRICE Bond Fund C,C,Y,PCG,ADVISORY,ADVISORY,FUNDSOURCE,NON-RETIREMENT,S,N,3413650.06,-3413650.06,-3413650.06,19,Y,N,Y,FSINV5AYKJ,T. Rowe Price,US Fund Short-Term Bond,US Fund Short-Term Bond
2025-11-30,HQIN9N6XC,HZYVX,MFS,MFS Blend Fund C,C,Y,PCG,ADVISORY,ADVISORY,BROKERAGE,NON-RETIREMENT,P,N,2658377.95,2658377.95,2658377.95,46,Y,N,Y,FSC8686926,MFS,US Fund Small Blend,US Fund Small Blend
2025-01-31,8VMUHXID4,JTOUX,FRANKLIN TEMPLETON,FRANKLIN TEMPLETON Bond Fund INST,INST,Y,FINET,ADVISORY,ADVISORY,MASTERS,SIM,P,N,3593980.48,3593980.48,3593980.48,30,Y,N,Y,FSINVCNRVP,Franklin Templeton,US Fund Intermediate Core Bond,US Fund Intermediate Core Bond
2025-12-31,DMLY4LYK8,VOLIX,BLACKROCK,BLACKROCK Value Fund C,C,Y,PCG,BROKERAGE,BROKERAGE,FUNDSOURCE,SIM,S,N,4507488.17,-4507488.17,-4507488.17,31,N,Y,Y,FSINVW6LMH,BlackRock,US Fund Large Value,US Fund Large Value
2026-01-31,QJIDKNWI5,EIPIX,JPMORGAN,JPMORGAN Allocation Fund INST,INST,Y,PCG,ADVISORY,ADVISORY,ASSET ADVISOR,NON-RETIREMENT,P,Y,4811394.52,4811394.52,4811394.52,24,Y,Y,Y,FSCAPZ4DKB,JPMorgan,US Fund Tactical Allocation,US Fund Tactical Allocation
2026-03-31,2960361I2,FEGTX,JPMORGAN,JPMORGAN Bond Fund A,A,Y,WFAS,ADVISORY,ADVISORY,CUSTOMCHOICE,SIM,S,N,3091817.75,-3091817.75,-3091817.75,21,Y,Y,Y,FSCAP0TE0V,JPMorgan,US Fund Multisector Bond,US Fund Multisector Bond
2026-02-28,3NX39RBSV,WWLNX,CAPITAL GROUP,CAPITAL GROUP Growth Fund A,A,Y,WFAS,ADVISORY,ADVISORY,MASTERS,NON-RETIREMENT,P,N,564651.94,564651.94,564651.94,50,Y,N,Y,FSINV8R1QP,capital group,US Fund Small Growth,US Fund Small Growth
2025-02-28,LFEWVZNVK,NLUCX,DWS FUNDS,DWS FUNDS Blend Fund INV,INV,Y,FINET,BROKERAGE,BROKERAGE,FUNDSOURCE,NON-RETIREMENT,S,N,1429933.17,-1429933.17,-1429933.17,11,Y,N,Y,FSINVF3PFW,DWS,US Fund Large Blend,US Fund Large Blend
2026-03-31,Y6B2KNFTU,UECWX,VANGUARD,VANGUARD Bond Fund INV,INV,Y,PCG,ADVISORY,ADVISORY,PERSONALIZED UMA,NON-RETIREMENT,P,Y,3592112.42,3592112.42,3592112.42,44,Y,Y,Y,FSUSAF3MVF,Vanguard,US Fund Short-Term Bond,US Fund Short-Term Bond
2025-08-31,3J2D54I3Q,HUFAX,NUVEEN,NUVEEN Value Fund INV,INV,Y,PCG,ADVISORY,ADVISORY,PIM,QP,S,N,4109847.21,-4109847.21,-4109847.21,36,Y,Y,Y,FSC8073988,Nuveen,US Fund Large Value,US Fund Large Value
2025-12-31,BSWRPBJEK,WMAQX,JPMORGAN,JPMORGAN Growth Fund INV,INV,Y,PCG,BROKERAGE,BROKERAGE,PERSONALIZED UMA,IRA,S,N,2165011.38,-2165011.38,-2165011.38,13,Y,Y,Y,FSINVVT0VG,JPMorgan,US Fund Large Growth,US Fund Large Growth
2025-12-31,JH75LXO6Q,GGOGX,MFS,MFS Blend Fund A,A,Y,PCG,BROKERAGE,BROKERAGE,PERSONALIZED UMA,SIM,P,N,3983264.86,3983264.86,3983264.86,37,Y,Y,Y,FSCAPUR81B,MFS,US Fund Small Blend,US Fund Small Blend
2025-08-31,C8BBI4WIR,CYMGX,NUVEEN,NUVEEN Blend Fund A,A,Y,FCCS,BROKERAGE,BROKERAGE,PIM,NON-RETIREMENT,P,Y,1393647.4,1393647.4,1393647.4,35,Y,N,Y,FSUSAGQ1Y8,Nuveen,US Fund Foreign Large Blend,US Fund Foreign Large Blend
2025-11-30,OQW9JA2M0,QUTIX,VANGUARD,VANGUARD Growth Fund C,C,Y,FINET,ADVISORY,ADVISORY,CUSTOMCHOICE,IRA,S,N,182314.54,-182314.54,-182314.54,21,Y,N,Y,FSCAP2IIZJ,Vanguard,US Fund Large Growth,US Fund Large Growth
2025-01-31,1KERPETIU,RJKTX,VANGUARD,VANGUARD Bond Fund A,A,Y,WFAS,BROKERAGE,BROKERAGE,FUNDSOURCE,SIM,S,N,1133932.47,-1133932.47,-1133932.47,41,Y,Y,Y,FSINVZ17YR,Vanguard,US Fund Short-Term Bond,US Fund Short-Term Bond
2025-04-30,4FFYVNVQJ,OYRCX,LORD ABBETT,LORD ABBETT Blend Fund INST,INST,N,WBS,BROKERAGE,BROKERAGE,FC/QC,NON-RETIREMENT,P,N,1890728.24,1890728.24,1890728.24,2,Y,Y,Y,FSINVDZ4HR,Lord Abbett,US Fund Foreign Large Blend,US Fund Foreign Large Blend
2026-01-31,QTL3Q4N89,MHJNX,MFS,MFS Blend Fund A,A,Y,WFAS,BROKERAGE,BROKERAGE,FUNDSOURCE,NON-RETIREMENT,P,N,639538.69,639538.69,639538.69,10,Y,N,Y,FSCAPO8FAQ,MFS,US Fund Mid-Cap Blend,US Fund Mid-Cap Blend
2025-04-30,QT3WVEDN9,OJDPX,BLACKROCK,BLACKROCK Blend Fund A,A,Y,WFAS,ADVISORY,ADVISORY,FUNDSOURCE,SEP,S,N,3017147.03,-3017147.03,-3017147.03,15,Y,Y,Y,FSINV1KDAD,BlackRock,US Fund Foreign Large Blend,US Fund Foreign Large Blend
2025-08-31,4FFYVNVQJ,OYRCX,LORD ABBETT,LORD ABBETT Blend Fund INST,INST,Y,WBS,ADVISORY,ADVISORY,FC/QC,QP,P,N,4537036.3,4537036.3,4537036.3,8,Y,N,N,FSINVDZ4HR,Lord Abbett,US Fund Foreign Large Blend,US Fund Foreign Large Blend
2025-07-31,U6N7HV3IZ,HRUUX,JPMORGAN,JPMORGAN Value Fund S,S,Y,PCG,ADVISORY,ADVISORY,FUNDSOURCE,QP,P,Y,71290.26,71290.26,71290.26,41,N,N,N,FSUSAS5BKX,JPMorgan,US Fund Large Value,US Fund Large Value
2025-11-30,EDFQS3D63,XYKKX,INVESCO,INVESCO Allocation Fund A,A,Y,WBS,BROKERAGE,BROKERAGE,MASTERS,SIM,S,N,3151519.18,-3151519.18,-3151519.18,21,Y,Y,Y,FSC8043975,Invesco,US Fund Tactical Allocation,US Fund Tactical Allocation
2025-12-31,QVNB4GH2M,WSHAX,NUVEEN,NUVEEN Growth Fund S,S,Y,PCG,BROKERAGE,BROKERAGE,ASSET ADVISOR,QP,S,N,708601.17,-708601.17,-708601.17,10,Y,N,N,FSCAPUT3V8,Nuveen,US Fund Small Growth,US Fund Small Growth
2025-03-31,E2ATN2TWD,IZSNX,FRANKLIN TEMPLETON,FRANKLIN TEMPLETON Bond Fund INST,INST,Y,PCG,BROKERAGE,BROKERAGE,PIM,SIM,S,N,3325187.76,-3325187.76,-3325187.76,12,Y,Y,N,FSC7967512,Franklin Templeton,US Fund Short-Term Bond,US Fund Short-Term Bond
2025-06-30,QVNB4GH2M,WSHAX,NUVEEN,NUVEEN Growth Fund S,S,Y,WFAS,BROKERAGE,BROKERAGE,PERSONALIZED UMA,NON-RETIREMENT,S,N,4501140.77,-4501140.77,-4501140.77,42,Y,Y,Y,FSCAPUT3V8,Nuveen,US Fund Small Growth,US Fund Small Growth
2025-05-31,QTL3Q4N89,MHJNX,MFS,MFS Blend Fund A,A,Y,WFAS,ADVISORY,ADVISORY,MASTERS,IRA,P,N,1181955.64,1181955.64,1181955.64,21,Y,N,Y,FSCAPO8FAQ,MFS,US Fund Mid-Cap Blend,US Fund Mid-Cap Blend
2025-03-31,LFEWVZNVK,NLUCX,DWS FUNDS,DWS FUNDS Blend Fund INV,INV,Y,PCG,BROKERAGE,BROKERAGE,PERSONALIZED UMA,SEP,P,N,287130.95,287130.95,287130.95,21,Y,N,Y,FSINVF3PFW,DWS,US Fund Large Blend,US Fund Large Blend
2025-05-31,Y6B2KNFTU,UECWX,VANGUARD,VANGUARD Bond Fund INV,INV,Y,PCG,BROKERAGE,BROKERAGE,FC/QC,SEP,P,N,3996511.18,3996511.18,3996511.18,37,Y,Y,Y,FSUSAF3MVF,Vanguard,US Fund Short-Term Bond,US Fund Short-Term Bond
2025-01-31,DMLY4LYK8,VOLIX,BLACKROCK,BLACKROCK Value Fund C,C,Y,FCCS,ADVISORY,ADVISORY,PIM,SIM,P,N,3352791.08,3352791.08,3352791.08,23,Y,Y,N,FSINVW6LMH,BlackRock,US Fund Large Value,US Fund Large Value
2025-01-31,0YNCXLL4Z,HIKKX,FIDELITY,FIDELITY Bond Fund A,A,Y,FINET,ADVISORY,ADVISORY,PERSONALIZED UMA,IRA,P,N,2173266.66,2173266.66,2173266.66,43,Y,Y,N,FSUSAP0XJP,Fidelity,US Fund Multisector Bond,US Fund Multisector Bond
2025-04-30,E3TV1ES53,NHEYX,BLACKROCK,BLACKROCK Blend Fund INST,INST,Y,WBS,ADVISORY,ADVISORY,PERSONALIZED UMA,SIM,S,N,2150267.34,-2150267.34,-2150267.34,34,Y,Y,Y,FSUSA4B2GI,BlackRock,US Fund Foreign Large Blend,US Fund Foreign Large Blend
2025-04-30,ST0SX5WVF,ESQXX,CAPITAL GROUP,CAPITAL GROUP Bond Fund INST,INST,N,FINET,ADVISORY,ADVISORY,BROKERAGE,SIM,P,N,3009909.64,3009909.64,3009909.64,45,Y,Y,Y,FSINV6Z5AS,capital group,US Fund Intermediate Core Bond,US Fund Intermediate Core Bond
2025-07-31,B5M9J98CW,JURYX,AMERICAN FUNDS,AMERICAN FUNDS Growth Fund A,A,Y,FINET,BROKERAGE,BROKERAGE,MASTERS,NON-RETIREMENT,P,N,4203380.02,4203380.02,4203380.02,6,Y,Y,Y,FSCAPBLFOC,capital group,US Fund Large Growth,US Fund Large Growth
2025-09-30,JH75LXO6Q,GGOGX,MFS,MFS Blend Fund A,A,Y,PCG,ADVISORY,ADVISORY,BROKERAGE,NON-RETIREMENT,S,N,3928295.74,-3928295.74,-3928295.74,5,Y,Y,Y,FSCAPUR81B,MFS,US Fund Small Blend,US Fund Small Blend
2025-05-31,S0R2SDS8B,UWNLX,AMERICAN FUNDS,AMERICAN FUNDS Bond Fund INST,INST,Y,WBS,BROKERAGE,BROKERAGE,BROKERAGE,IRA,S,N,2815420.27,-2815420.27,-2815420.27,36,Y,Y,Y,FSC0723107,capital group,US Fund High Yield Bond,US Fund High Yield Bond
2025-08-31,EAL2W37D4,GPNKX,FIDELITY,FIDELITY Blend Fund C,C,Y,WFAS,BROKERAGE,BROKERAGE,ASSET ADVISOR,SIM,P,N,2862193.09,2862193.09,2862193.09,25,Y,Y,N,FSUSAVKKPF,Fidelity,US Fund Large Blend,US Fund Large Blend
2026-02-28,WX7PTX63C,EHTOX,DWS FUNDS,DWS FUNDS Allocation Fund A,A,Y,PCG,ADVISORY,ADVISORY,FUNDSOURCE,IRA,P,N,115756.42,115756.42,115756.42,25,N,Y,Y,FSCAPPGOXS,DWS,US Fund Moderate Allocation,US Fund Moderate Allocation
2025-08-31,N1YBWMLUN,GWZPX,INVESCO,INVESCO Blend Fund A,A,Y,WBS,ADVISORY,ADVISORY,FC/QC,NON-RETIREMENT,P,N,4413718.19,4413718.19,4413718.19,4,Y,Y,Y,FSINVZILDX,Invesco,US Fund Large Blend,US Fund Large Blend
2025-06-30,R7KO64T02,XMHMX,FRANKLIN TEMPLETON,FRANKLIN TEMPLETON Blend Fund C,C,N,PCG,ADVISORY,ADVISORY,MASTERS,NON-RETIREMENT,P,N,807979.24,807979.24,807979.24,21,Y,N,Y,FSC8379085,Franklin Templeton,US Fund Mid-Cap Blend,US Fund Mid-Cap Blend
2026-02-28,6RE4Q6QDY,VIJBX,T ROWE PRICE,T ROWE PRICE Blend Fund A,A,Y,WBS,BROKERAGE,BROKERAGE,FC/QC,NON-RETIREMENT,P,N,1677328.26,1677328.26,1677328.26,22,Y,N,N,FSUSA99GZA,T. Rowe Price,US Fund Small Blend,US Fund Small Blend
2025-12-31,3KKV9RFTM,OOLIX,FRANKLIN TEMPLETON,FRANKLIN TEMPLETON Growth Fund INST,INST,Y,PCG,BROKERAGE,BROKERAGE,ASSET ADVISOR,SIM,P,N,3545328.88,3545328.88,3545328.88,39,Y,N,Y,FSUSA9SEXI,Franklin Templeton,US Fund Small Growth,US Fund Small Growth
2025-05-31,BPLJD84U8,ZRHBX,PIMCO,PIMCO Blend Fund A,A,Y,WBS,ADVISORY,ADVISORY,BROKERAGE,QP,P,N,1425801.87,1425801.87,1425801.87,43,Y,Y,Y,FSCAPPXIH2,PIMCO,US Fund Mid-Cap Blend,US Fund Mid-Cap Blend
2025-06-30,WK8R2YKCC,LMFPX,DWS FUNDS,DWS FUNDS Bond Fund INST,INST,Y,PCG,BROKERAGE,BROKERAGE,MASTERS,IRA,P,N,641954.37,641954.37,641954.37,7,N,N,Y,FSCAPNRENH,DWS,US Fund High Yield Bond,US Fund High Yield Bond
2025-03-31,8LPQW2VMC,MAJHX,T ROWE PRICE,T ROWE PRICE Estate Fund S,S,Y,WBS,BROKERAGE,BROKERAGE,MASTERS,QP,P,N,867098.77,867098.77,867098.77,19,Y,N,Y,FSINVOVNZB,T. Rowe Price,US Fund Real Estate,US Fund Real Estate
2026-01-31,UXLEZ896D,RNAIX,INVESCO,INVESCO Bond Fund A,A,Y,PCG,ADVISORY,ADVISORY,MASTERS,QP,P,Y,4295787.97,4295787.97,4295787.97,20,Y,Y,Y,FSC9366170,Invesco,US Fund Intermediate Core Bond,US Fund Intermediate Core Bond
2025-10-31,2DHYLURTP,TISHX,CAPITAL GROUP,CAPITAL GROUP Growth Fund A,A,Y,PCG,BROKERAGE,BROKERAGE,ASSET ADVISOR,NON-RETIREMENT,P,N,137415.39,137415.39,137415.39,30,Y,Y,Y,FSINVHRONH,capital group,US Fund Large Growth,US Fund Large Growth
2025-07-31,QJIDKNWI5,EIPIX,JPMORGAN,JPMORGAN Allocation Fund INST,INST,N,FCCS,BROKERAGE,BROKERAGE,FC/QC,IRA,P,N,2911960.22,2911960.22,2911960.22,40,Y,Y,Y,FSCAPZ4DKB,JPMorgan,US Fund Tactical Allocation,US Fund Tactical Allocation
2025-05-31,UVY8N1UTO,QGCTX,INVESCO,INVESCO Allocation Fund S,S,Y,PCG,ADVISORY,ADVISORY,PIM,IRA,P,N,3478966.9,3478966.9,3478966.9,19,Y,Y,Y,FSINV12SDD,Invesco,US Fund Tactical Allocation,US Fund Tactical Allocation
2025-01-31,0YNCXLL4Z,HIKKX,FIDELITY,FIDELITY Bond Fund A,A,Y,WBS,ADVISORY,ADVISORY,ASSET ADVISOR,IRA,S,N,974916.56,-974916.56,-974916.56,43,Y,Y,Y,FSUSAP0XJP,Fidelity,US Fund Multisector Bond,US Fund Multisector Bond
2026-01-31,LJ8YRDDP0,JDBYX,VANGUARD,VANGUARD Bond Fund INST,INST,Y,FCCS,BROKERAGE,BROKERAGE,PIM,NON-RETIREMENT,S,Y,4156059.95,-4156059.95,-4156059.95,18,Y,Y,Y,FSC4848373,Vanguard,US Fund High Yield Bond,US Fund High Yield Bond
2025-11-30,HZIOYKL1C,LZZBX,FIRST EAGLE,FIRST EAGLE Bond Fund A,A,Y,PCG,ADVISORY,ADVISORY,BROKERAGE,SEP,S,N,2436734.1,-2436734.1,-2436734.1,21,Y,Y,Y,FSUSAMFLIX,First Eagle,US Fund Multisector Bond,US Fund Multisector Bond
2025-01-31,HQIN9N6XC,HZYVX,MFS,MFS Blend Fund C,C,Y,PCG,ADVISORY,ADVISORY,CUSTOMCHOICE,SIM,P,N,4075426.15,4075426.15,4075426.15,47,Y,N,Y,FSC8686926,MFS,US Fund Small Blend,US Fund Small Blend
2025-03-31,U6N7HV3IZ,HRUUX,JPMORGAN,JPMORGAN Value Fund S,S,Y,PCG,ADVISORY,ADVISORY,PIM,SIM,P,N,767013.38,767013.38,767013.38,7,Y,N,Y,FSUSAS5BKX,JPMorgan,US Fund Large Value,US Fund Large Value
2025-04-30,2DHYLURTP,TISHX,CAPITAL GROUP,CAPITAL GROUP Growth Fund A,A,Y,FINET,BROKERAGE,BROKERAGE,FC/QC,SIM,P,Y,2342495.91,2342495.91,2342495.91,1,Y,Y,Y,FSINVHRONH,capital group,US Fund Large Growth,US Fund Large Growth
2025-10-31,QT3WVEDN9,OJDPX,BLACKROCK,BLACKROCK Blend Fund A,A,Y,PCG,BROKERAGE,BROKERAGE,PIM,NON-RETIREMENT,P,N,4069246.61,4069246.61,4069246.61,12,Y,N,Y,FSINV1KDAD,BlackRock,US Fund Foreign Large Blend,US Fund Foreign Large Blend
2026-02-28,BPLJD84U8,ZRHBX,PIMCO,PIMCO Blend Fund A,A,Y,FCCS,BROKERAGE,BROKERAGE,CUSTOMCHOICE,IRA,P,N,1175321.52,1175321.52,1175321.52,19,Y,N,Y,FSCAPPXIH2,PIMCO,US Fund Mid-Cap Blend,US Fund Mid-Cap Blend
2025-02-28,4FMYZYCWT,GMHYX,DWS FUNDS,DWS FUNDS Bond Fund A,A,Y,PCG,BROKERAGE,BROKERAGE,PIM,IRA,P,N,815639.81,815639.81,815639.81,47,Y,N,Y,FSCAPZUVDG,DWS,US Fund High Yield Bond,US Fund High Yield Bond
2025-08-31,B5M9J98CW,JURYX,AMERICAN FUNDS,AMERICAN FUNDS Growth Fund A,A,Y,FINET,ADVISORY,ADVISORY,PERSONALIZED UMA,SEP,S,N,4792227.93,-4792227.93,-4792227.93,27,Y,N,Y,FSCAPBLFOC,capital group,US Fund Large Growth,US Fund Large Growth
2026-03-31,6VXDP5GJL,LIWHX,FIDELITY,FIDELITY Bond Fund INST,INST,Y,WFAS,ADVISORY,ADVISORY,PERSONALIZED UMA,NON-RETIREMENT,P,N,1931893.57,1931893.57,1931893.57,31,Y,Y,N,FSINVQUXZJ,Fidelity,US Fund Intermediate Core Bond,US Fund Intermediate Core Bond
2025-03-31,MO5BXXC02,CENDX,FRANKLIN TEMPLETON,FRANKLIN TEMPLETON Value Fund INST,INST,Y,FINET,ADVISORY,ADVISORY,FC/QC,SIM,P,N,2994186.61,2994186.61,2994186.61,19,Y,N,Y,FSINV8HE3N,Franklin Templeton,US Fund Large Value,US Fund Large Value
2025-04-30,O4KH2VLPY,NUYTX,PIMCO,PIMCO Blend Fund A,A,Y,PCG,BROKERAGE,BROKERAGE,CUSTOMCHOICE,IRA,P,N,3136191.66,3136191.66,3136191.66,6,N,Y,Y,FSINVNDQ6K,PIMCO,US Fund Small Blend,US Fund Small Blend
2025-01-31,WC4RTWUZK,AJOEX,MFS,MFS Bond Fund C,C,Y,FCCS,ADVISORY,ADVISORY,BROKERAGE,IRA,P,N,1733604.74,1733604.74,1733604.74,4,Y,Y,Y,FSUSAR848N,MFS,US Fund Multisector Bond,US Fund Multisector Bond
2025-10-31,2DHYLURTP,TISHX,CAPITAL GROUP,CAPITAL GROUP Growth Fund A,A,Y,FINET,BROKERAGE,BROKERAGE,CUSTOMCHOICE,QP,P,N,518293.24,518293.24,518293.24,49,Y,Y,Y,FSINVHRONH,capital group,US Fund Large Growth,US Fund Large Growth
2025-07-31,EDFQS3D63,XYKKX,INVESCO,INVESCO Allocation Fund A,A,Y,PCG,ADVISORY,ADVISORY,MASTERS,NON-RETIREMENT,S,N,1249241.81,-1249241.81,-1249241.81,25,Y,Y,Y,FSC8043975,Invesco,US Fund Tactical Allocation,US Fund Tactical Allocation
2025-10-31,BPLJD84U8,ZRHBX,PIMCO,PIMCO Blend Fund A,A,Y,FINET,BROKERAGE,BROKERAGE,BROKERAGE,QP,S,N,1912809.45,-1912809.45,-1912809.45,13,N,Y,Y,FSCAPPXIH2,PIMCO,US Fund Mid-Cap Blend,US Fund Mid-Cap Blend
2025-05-31,4FMYZYCWT,GMHYX,DWS FUNDS,DWS FUNDS Bond Fund A,A,Y,PCG,ADVISORY,ADVISORY,MASTERS,SIM,P,N,2593065.4,2593065.4,2593065.4,11,Y,Y,Y,FSCAPZUVDG,DWS,US Fund High Yield Bond,US Fund High Yield Bond
2025-11-30,2EK3ZEZQA,CGVOX,JPMORGAN,JPMORGAN Allocation Fund A,A,Y,FINET,ADVISORY,ADVISORY,PERSONALIZED UMA,SEP,P,N,3060581.14,3060581.14,3060581.14,12,Y,Y,Y,FSUSAD1XUN,JPMorgan,US Fund Moderate Allocation,US Fund Moderate Allocation
2025-12-31,QJIDKNWI5,EIPIX,JPMORGAN,JPMORGAN Allocation Fund INST,INST,N,WBS,BROKERAGE,BROKERAGE,CUSTOMCHOICE,NON-RETIREMENT,P,N,1166240.7,1166240.7,1166240.7,37,Y,Y,N,FSCAPZ4DKB,JPMorgan,US Fund Tactical Allocation,US Fund Tactical Allocation
2025-09-30,YYO4UDOJE,JTGJX,BLACKROCK,BLACKROCK Bond Fund INST,INST,Y,WBS,BROKERAGE,BROKERAGE,CUSTOMCHOICE,NON-RETIREMENT,P,Y,4047701.29,4047701.29,4047701.29,8,Y,N,N,FSCAPSG2R8,BlackRock,US Fund Short-Term Bond,US Fund Short-Term Bond
2025-04-30,17MGFXC08,CNJLX,NUVEEN,NUVEEN Blend Fund INV,INV,Y,WBS,BROKERAGE,BROKERAGE,FUNDSOURCE,SIM,P,N,2957266.21,2957266.21,2957266.21,43,Y,Y,Y,FSUSALNO19,Nuveen,US Fund Small Blend,US Fund Small Blend
2025-12-31,SLWF90KM3,NSHVX,FIDELITY,FIDELITY Blend Fund A,A,Y,PCG,ADVISORY,ADVISORY,MASTERS,QP,P,N,3819845.81,3819845.81,3819845.81,42,Y,Y,Y,FSUSA4BHGL,Fidelity,US Fund Small Blend,US Fund Small Blend
2025-04-30,4DPJA1WJ0,OLABX,PIMCO,PIMCO Bond Fund S,S,Y,WBS,ADVISORY,ADVISORY,FUNDSOURCE,NON-RETIREMENT,S,Y,3801535.45,-3801535.45,-3801535.45,42,Y,N,Y,FSCAP7M9HW,PIMCO,US Fund Short-Term Bond,US Fund Short-Term Bond
2026-01-31,R7KO64T02,XMHMX,FRANKLIN TEMPLETON,FRANKLIN TEMPLETON Blend Fund C,C,Y,PCG,BROKERAGE,BROKERAGE,PIM,QP,P,N,3746041.83,3746041.83,3746041.83,28,Y,Y,N,FSC8379085,Franklin Templeton,US Fund Mid-Cap Blend,US Fund Mid-Cap Blend
2026-03-31,3NX39RBSV,WWLNX,CAPITAL GROUP,CAPITAL GROUP Growth Fund A,A,Y,WBS,ADVISORY,ADVISORY,BROKERAGE,SIM,P,Y,3817997.79,3817997.79,3817997.79,20,Y,N,Y,FSINV8R1QP,capital group,US Fund Small Growth,US Fund Small Growth
2026-01-31,JSG65KXVF,TOUNX,FIRST EAGLE,FIRST EAGLE Blend Fund INST,INST,Y,WBS,BROKERAGE,BROKERAGE,PERSONALIZED UMA,NON-RETIREMENT,P,N,2850301.31,2850301.31,2850301.31,34,Y,N,Y,FSCAP4FGYV,First Eagle,US Fund Small Blend,US Fund Small Blend
2025-05-31,8VMUHXID4,JTOUX,FRANKLIN TEMPLETON,FRANKLIN TEMPLETON Bond Fund INST,INST,Y,WBS,BROKERAGE,BROKERAGE,CUSTOMCHOICE,NON-RETIREMENT,S,N,1996779.3,-1996779.3,-1996779.3,12,Y,Y,N,FSINVCNRVP,Franklin Templeton,US Fund Intermediate Core Bond,US Fund Intermediate Core Bond
2025-03-31,O4KH2VLPY,NUYTX,PIMCO,PIMCO Blend Fund A,A,Y,PCG,ADVISORY,ADVISORY,MASTERS,QP,P,N,915517.15,915517.15,915517.15,8,Y,Y,Y,FSINVNDQ6K,PIMCO,US Fund Small Blend,US Fund Small Blend
2026-01-31,E2ATN2TWD,IZSNX,FRANKLIN TEMPLETON,FRANKLIN TEMPLETON Bond Fund INST,INST,Y,WBS,BROKERAGE,BROKERAGE,FC/QC,QP,S,Y,4329272.57,-4329272.57,-4329272.57,40,Y,Y,Y,FSC7967512,Franklin Templeton,US Fund Short-Term Bond,US Fund Short-Term Bond
2025-09-30,U7EEQTUL1,LVXLX,FIRST EAGLE,FIRST EAGLE Estate Fund INST,INST,Y,WFAS,ADVISORY,ADVISORY,FC/QC,SIM,S,N,554912.88,-554912.88,-554912.88,45,Y,N,Y,FSUSAS7SPG,First Eagle,US Fund Real Estate,US Fund Real Estate
2026-03-31,YYO4UDOJE,JTGJX,BLACKROCK,BLACKROCK Bond Fund INST,INST,Y,PCG,ADVISORY,ADVISORY,ASSET ADVISOR,IRA,P,N,806887.61,806887.61,806887.61,3,Y,Y,Y,FSCAPSG2R8,BlackRock,US Fund Short-Term Bond,US Fund Short-Term Bond
2026-03-31,7BH25LLO3,MAQHX,DWS FUNDS,DWS FUNDS Bond Fund C,C,Y,PCG,ADVISORY,ADVISORY,FC/QC,QP,P,N,3549066.98,3549066.98,3549066.98,50,Y,Y,Y,FSC8694117,DWS,US Fund Intermediate Core Bond,US Fund Intermediate Core Bond
2025-09-30,LJ8YRDDP0,JDBYX,VANGUARD,VANGUARD Bond Fund INST,INST,Y,PCG,ADVISORY,ADVISORY,FUNDSOURCE,NON-RETIREMENT,S,N,820488.49,-820488.49,-820488.49,14,Y,Y,N,FSC4848373,Vanguard,US Fund High Yield Bond,US Fund High Yield Bond
2025-04-30,RPN6QFGSX,QXUMX,LORD ABBETT,LORD ABBETT Estate Fund A,A,Y,FINET,ADVISORY,ADVISORY,FC/QC,NON-RETIREMENT,S,N,2037841.46,-2037841.46,-2037841.46,7,Y,Y,N,FSINVN2N0F,Lord Abbett,US Fund Real Estate,US Fund Real Estate
2025-01-31,4DPJA1WJ0,OLABX,PIMCO,PIMCO Bond Fund S,S,Y,PCG,BROKERAGE,BROKERAGE,FUNDSOURCE,QP,S,N,949764.64,-949764.64,-949764.64,44,Y,Y,N,FSCAP7M9HW,PIMCO,US Fund Short-Term Bond,US Fund Short-Term Bond
2026-03-31,YYO4UDOJE,JTGJX,BLACKROCK,BLACKROCK Bond Fund INST,INST,N,WBS,ADVISORY,ADVISORY,BROKERAGE,SIM,P,N,3685997.02,3685997.02,3685997.02,31,Y,Y,Y,FSCAPSG2R8,BlackRock,US Fund Short-Term Bond,US Fund Short-Term Bond
2026-02-28,3TV3I12VJ,ZZOUX,AMERICAN FUNDS,AMERICAN FUNDS Bond Fund A,A,Y,PCG,ADVISORY,ADVISORY,MASTERS,NON-RETIREMENT,P,N,31866.59,31866.59,31866.59,40,Y,Y,N,FSUSA1CZS7,capital group,US Fund High Yield Bond,US Fund High Yield Bond
2025-08-31,6246HID25,KQEYX,FIRST EAGLE,FIRST EAGLE Growth Fund INST,INST,Y,WBS,ADVISORY,ADVISORY,FUNDSOURCE,QP,S,N,3474120.41,-3474120.41,-3474120.41,23,Y,Y,Y,FSUSAUK54B,First Eagle,US Fund Small Growth,US Fund Small Growth
2025-12-31,FB9W1Q5UZ,JKDRX,VANGUARD,VANGUARD Growth Fund A,A,Y,PCG,ADVISORY,ADVISORY,CUSTOMCHOICE,QP,P,N,1843512.94,1843512.94,1843512.94,37,Y,Y,Y,FSCAP3Y8BT,Vanguard,US Fund Large Growth,US Fund Large Growth
2025-10-31,WOCLYT8W5,MOQGX,T ROWE PRICE,T ROWE PRICE Blend Fund INST,INST,Y,PCG,ADVISORY,ADVISORY,MASTERS,SIM,P,N,2827739.25,2827739.25,2827739.25,1,Y,N,N,FSINVVY2S9,T. Rowe Price,US Fund Large Blend,US Fund Large Blend
2026-02-28,KTSG7FXZV,VOVAX,CAPITAL GROUP,CAPITAL GROUP Bond Fund INST,INST,N,FINET,ADVISORY,ADVISORY,FC/QC,QP,S,N,2225536.51,-2225536.51,-2225536.51,20,Y,Y,Y,FSCAPU9MJ4,capital group,US Fund Intermediate Core Bond,US Fund Intermediate Core Bond
2025-01-31,QTL3Q4N89,MHJNX,MFS,MFS Blend Fund A,A,Y,FINET,ADVISORY,ADVISORY,MASTERS,QP,P,N,2766452.36,2766452.36,2766452.36,40,Y,Y,Y,FSCAPO8FAQ,MFS,US Fund Mid-Cap Blend,US Fund Mid-Cap Blend
2025-04-30,WC4RTWUZK,AJOEX,MFS,MFS Bond Fund C,C,Y,WBS,ADVISORY,ADVISORY,MASTERS,SIM,S,N,4010012.31,-4010012.31,-4010012.31,41,Y,Y,Y,FSUSAR848N,MFS,US Fund Multisector Bond,US Fund Multisector Bond
2025-02-28,8MGYN2JCP,LZEHX,NUVEEN,NUVEEN Estate Fund A,A,Y,PCG,ADVISORY,ADVISORY,BROKERAGE,QP,S,N,1465189.99,-1465189.99,-1465189.99,41,Y,Y,Y,FSCAP9SFEF,Nuveen,US Fund Real Estate,US Fund Real Estate
2025-02-28,WJCKJLTEI,SSBKX,FIRST EAGLE,FIRST EAGLE Blend Fund C,C,Y,WBS,ADVISORY,ADVISORY,FC/QC,SIM,S,N,4932932.56,-4932932.56,-4932932.56,39,Y,Y,Y,FSC7422675,First Eagle,US Fund Small Blend,US Fund Small Blend
2025-09-30,DMLY4LYK8,VOLIX,BLACKROCK,BLACKROCK Value Fund C,C,Y,WBS,ADVISORY,ADVISORY,FUNDSOURCE,IRA,S,Y,1793167.02,-1793167.02,-1793167.02,20,Y,Y,Y,FSINVW6LMH,BlackRock,US Fund Large Value,US Fund Large Value
2025-12-31,QJIDKNWI5,EIPIX,JPMORGAN,JPMORGAN Allocation Fund INST,INST,Y,PCG,ADVISORY,ADVISORY,FUNDSOURCE,IRA,P,N,4167121.08,4167121.08,4167121.08,29,Y,N,Y,FSCAPZ4DKB,JPMorgan,US Fund Tactical Allocation,US Fund Tactical Allocation
2025-01-31,QVNB4GH2M,WSHAX,NUVEEN,NUVEEN Growth Fund S,S,Y,WBS,ADVISORY,ADVISORY,PIM,NON-RETIREMENT,S,N,3601159.15,-3601159.15,-3601159.15,23,Y,Y,Y,FSCAPUT3V8,Nuveen,US Fund Small Growth,US Fund Small Growth
2025-04-30,E2ATN2TWD,IZSNX,FRANKLIN TEMPLETON,FRANKLIN TEMPLETON Bond Fund INST,INST,Y,PCG,BROKERAGE,BROKERAGE,PERSONALIZED UMA,QP,S,N,4893750.2,-4893750.2,-4893750.2,49,Y,N,Y,FSC7967512,Franklin Templeton,US Fund Short-Term Bond,US Fund Short-Term Bond
2025-09-30,3J2D54I3Q,HUFAX,NUVEEN,NUVEEN Value Fund INV,INV,Y,PCG,ADVISORY,ADVISORY,FUNDSOURCE,SIM,P,N,2072519.74,2072519.74,2072519.74,45,Y,Y,N,FSC8073988,Nuveen,US Fund Large Value,US Fund Large Value
2025-05-31,3NX39RBSV,WWLNX,CAPITAL GROUP,CAPITAL GROUP Growth Fund A,A,N,FINET,ADVISORY,ADVISORY,FC/QC,QP,P,Y,2976732.39,2976732.39,2976732.39,26,Y,Y,Y,FSINV8R1QP,capital group,US Fund Small Growth,US Fund Small Growth
2025-07-31,4FFYVNVQJ,OYRCX,LORD ABBETT,LORD ABBETT Blend Fund INST,INST,Y,FINET,BROKERAGE,BROKERAGE,FC/QC,SIM,P,Y,3890704.74,3890704.74,3890704.74,28,Y,Y,N,FSINVDZ4HR,Lord Abbett,US Fund Foreign Large Blend,US Fund Foreign Large Blend
2025-10-31,3J2D54I3Q,HUFAX,NUVEEN,NUVEEN Value Fund INV,INV,Y,PCG,BROKERAGE,BROKERAGE,BROKERAGE,SEP,P,N,1179941.25,1179941.25,1179941.25,31,Y,Y,Y,FSC8073988,Nuveen,US Fund Large Value,US Fund Large Value
2025-06-30,TC89K8YQK,ZWCJX,LORD ABBETT,LORD ABBETT Bond Fund A,A,Y,WFAS,ADVISORY,ADVISORY,FUNDSOURCE,QP,P,N,3004110.96,3004110.96,3004110.96,1,Y,Y,Y,FSC2646842,Lord Abbett,US Fund High Yield Bond,US Fund High Yield Bond
2025-12-31,2960361I2,FEGTX,JPMORGAN,JPMORGAN Bond Fund A,A,Y,WBS,BROKERAGE,BROKERAGE,BROKERAGE,NON-RETIREMENT,P,N,508586.09,508586.09,508586.09,43,Y,Y,N,FSCAP0TE0V,JPMorgan,US Fund Multisector Bond,US Fund Multisector Bond
2025-04-30,UXLEZ896D,RNAIX,INVESCO,INVESCO Bond Fund A,A,Y,PCG,ADVISORY,ADVISORY,MASTERS,QP,S,N,3200642.49,-3200642.49,-3200642.49,47,Y,Y,Y,FSC9366170,Invesco,US Fund Intermediate Core Bond,US Fund Intermediate Core Bond
2025-09-30,TC89K8YQK,ZWCJX,LORD ABBETT,LORD ABBETT Bond Fund A,A,Y,WFAS,ADVISORY,ADVISORY,CUSTOMCHOICE,SEP,P,N,905132.73,905132.73,905132.73,8,N,Y,Y,FSC2646842,Lord Abbett,US Fund High Yield Bond,US Fund High Yield Bond
2025-08-31,0CVS4F8CG,PRGDX,T ROWE PRICE,T ROWE PRICE Bond Fund C,C,Y,PCG,BROKERAGE,BROKERAGE,MASTERS,QP,P,Y,1680273.23,1680273.23,1680273.23,29,Y,Y,Y,FSINV5AYKJ,T. Rowe Price,US Fund Short-Term Bond,US Fund Short-Term Bond
2025-11-30,HQIN9N6XC,HZYVX,MFS,MFS Blend Fund C,C,Y,FINET,BROKERAGE,BROKERAGE,MASTERS,IRA,P,N,3862000.12,3862000.12,3862000.12,30,Y,Y,Y,FSC8686926,MFS,US Fund Small Blend,US Fund Small Blend
2025-08-31,E3TV1ES53,NHEYX,BLACKROCK,BLACKROCK Blend Fund INST,INST,Y,PCG,ADVISORY,ADVISORY,PERSONALIZED UMA,QP,P,N,1447280.11,1447280.11,1447280.11,15,Y,Y,Y,FSUSA4B2GI,BlackRock,US Fund Foreign Large Blend,US Fund Foreign Large Blend
2025-12-31,MO5BXXC02,CENDX,FRANKLIN TEMPLETON,FRANKLIN TEMPLETON Value Fund INST,INST,Y,PCG,BROKERAGE,BROKERAGE,BROKERAGE,QP,P,N,4127578.69,4127578.69,4127578.69,35,Y,N,Y,FSINV8HE3N,Franklin Templeton,US Fund Large Value,US Fund Large Value
2026-01-31,QZXEBB9EI,NKJYX,VANGUARD,VANGUARD Bond Fund A,A,Y,WBS,ADVISORY,ADVISORY,CUSTOMCHOICE,SEP,P,N,2716753.64,2716753.64,2716753.64,21,Y,Y,Y,FSC4693666,Vanguard,US Fund Intermediate Core Bond,US Fund Intermediate Core Bond
2026-02-28,TC89K8YQK,ZWCJX,LORD ABBETT,LORD ABBETT Bond Fund A,A,Y,WFAS,ADVISORY,ADVISORY,BROKERAGE,IRA,S,N,4632947.58,-4632947.58,-4632947.58,7,Y,Y,Y,FSC2646842,Lord Abbett,US Fund High Yield Bond,US Fund High Yield Bond
2026-02-28,BSWRPBJEK,WMAQX,JPMORGAN,JPMORGAN Growth Fund INV,INV,N,FCCS,BROKERAGE,BROKERAGE,FC/QC,QP,P,N,438567.9,438567.9,438567.9,20,Y,N,Y,FSINVVT0VG,JPMorgan,US Fund Large Growth,US Fund Large Growth
2025-10-31,8HMBR5XQT,WLWSX,BLACKROCK,BLACKROCK Value Fund C,C,Y,FCCS,ADVISORY,ADVISORY,BROKERAGE,QP,P,N,1880664.93,1880664.93,1880664.93,38,Y,Y,Y,FSINVHB0YI,BlackRock,US Fund Large Value,US Fund Large Value
2025-10-31,8MGYN2JCP,LZEHX,NUVEEN,NUVEEN Estate Fund A,A,Y,PCG,ADVISORY,ADVISORY,PIM,NON-RETIREMENT,P,N,2398712.96,2398712.96,2398712.96,6,Y,Y,Y,FSCAP9SFEF,Nuveen,US Fund Real Estate,US Fund Real Estate
2025-03-31,QE3RZSJ49,GOJXX,BLACKROCK,BLACKROCK Allocation Fund INST,INST,Y,WBS,ADVISORY,ADVISORY,PERSONALIZED UMA,QP,S,N,1949617.28,-1949617.28,-1949617.28,11,Y,N,N,FSCAPJJ3ZW,BlackRock,US Fund Moderate Allocation,US Fund Moderate Allocation
2025-06-30,QTL3Q4N89,MHJNX,MFS,MFS Blend Fund A,A,Y,WBS,ADVISORY,ADVISORY,ASSET ADVISOR,QP,S,N,2855287.83,-2855287.83,-2855287.83,10,Y,N,Y,FSCAPO8FAQ,MFS,US Fund Mid-Cap Blend,US Fund Mid-Cap Blend
2025-10-31,8MGYN2JCP,LZEHX,NUVEEN,NUVEEN Estate Fund A,A,N,PCG,ADVISORY,ADVISORY,FUNDSOURCE,QP,S,N,3313041.69,-3313041.69,-3313041.69,29,Y,Y,N,FSCAP9SFEF,Nuveen,US Fund Real Estate,US Fund Real Estate
2025-09-30,KTSG7FXZV,VOVAX,CAPITAL GROUP,CAPITAL GROUP Bond Fund INST,INST,Y,WFAS,BROKERAGE,BROKERAGE,FUNDSOURCE,SIM,P,N,4827448.52,4827448.52,4827448.52,11,Y,Y,Y,FSCAPU9MJ4,capital group,US Fund Intermediate Core Bond,US Fund Intermediate Core Bond
2025-03-31,0CVS4F8CG,PRGDX,T ROWE PRICE,T ROWE PRICE Bond Fund C,C,Y,WFAS,ADVISORY,ADVISORY,ASSET ADVISOR,IRA,S,N,3191157.51,-3191157.51,-3191157.51,40,N,Y,Y,FSINV5AYKJ,T. Rowe Price,US Fund Short-Term Bond,US Fund Short-Term Bond
2026-03-31,BSWRPBJEK,WMAQX,JPMORGAN,JPMORGAN Growth Fund INV,INV,Y,FINET,BROKERAGE,BROKERAGE,CUSTOMCHOICE,IRA,P,N,57276.91,57276.91,57276.91,37,Y,Y,Y,FSINVVT0VG,JPMorgan,US Fund Large Growth,US Fund Large Growth
2026-03-31,1KERPETIU,RJKTX,VANGUARD,VANGUARD Bond Fund A,A,Y,FINET,ADVISORY,ADVISORY,PIM,QP,P,N,1039025.33,1039025.33,1039025.33,2,Y,Y,Y,FSINVZ17YR,Vanguard,US Fund Short-Term Bond,US Fund Short-Term Bond
2025-04-30,Y6B2KNFTU,UECWX,VANGUARD,VANGUARD Bond Fund INV,INV,Y,WBS,ADVISORY,ADVISORY,ASSET ADVISOR,IRA,P,N,1973121.8,1973121.8,1973121.8,35,Y,Y,Y,FSUSAF3MVF,Vanguard,US Fund Short-Term Bond,US Fund Short-Term Bond
2025-11-30,0YNCXLL4Z,HIKKX,FIDELITY,FIDELITY Bond Fund A,A,Y,WBS,ADVISORY,ADVISORY,PIM,QP,S,N,1748133.9,-1748133.9,-1748133.9,33,Y,Y,Y,FSUSAP0XJP,Fidelity,US Fund Multisector Bond,US Fund Multisector Bond
2025-05-31,0YNCXLL4Z,HIKKX,FIDELITY,FIDELITY Bond Fund A,A,Y,FCCS,BROKERAGE,BROKERAGE,PERSONALIZED UMA,NON-RETIREMENT,P,N,2305462.18,2305462.18,2305462.18,26,Y,Y,Y,FSUSAP0XJP,Fidelity,US Fund Multisector Bond,US Fund Multisector Bond
2025-09-30,YYO4UDOJE,JTGJX,BLACKROCK,BLACKROCK Bond Fund INST,INST,Y,WFAS,ADVISORY,ADVISORY,BROKERAGE,IRA,S,N,2005015.69,-2005015.69,-2005015.69,35,Y,N,Y,FSCAPSG2R8,BlackRock,US Fund Short-Term Bond,US Fund Short-Term Bond
2025-02-28,EAL2W37D4,GPNKX,FIDELITY,FIDELITY Blend Fund C,C,Y,FINET,ADVISORY,ADVISORY,FC/QC,SIM,P,N,4778154.08,4778154.08,4778154.08,32,Y,Y,Y,FSUSAVKKPF,Fidelity,US Fund Large Blend,US Fund Large Blend
2025-02-28,6246HID25,KQEYX,FIRST EAGLE,FIRST EAGLE Growth Fund INST,INST,Y,FINET,BROKERAGE,BROKERAGE,FUNDSOURCE,SIM,P,N,1230873.62,1230873.62,1230873.62,30,Y,Y,Y,FSUSAUK54B,First Eagle,US Fund Small Growth,US Fund Small Growth
2025-07-31,S0R2SDS8B,UWNLX,AMERICAN FUNDS,AMERICAN FUNDS Bond Fund INST,INST,Y,PCG,ADVISORY,ADVISORY,MASTERS,SEP,P,N,4570605.9,4570605.9,4570605.9,46,Y,Y,N,FSC0723107,capital group,US Fund High Yield Bond,US Fund High Yield Bond
2025-12-31,SLWF90KM3,NSHVX,FIDELITY,FIDELITY Blend Fund A,A,Y,WBS,ADVISORY,ADVISORY,MASTERS,SIM,P,N,4743974.05,4743974.05,4743974.05,3,N,N,Y,FSUSA4BHGL,Fidelity,US Fund Small Blend,US Fund Small Blend
2025-09-30,6RE4Q6QDY,VIJBX,T ROWE PRICE,T ROWE PRICE Blend Fund A,A,Y,WBS,ADVISORY,ADVISORY,FUNDSOURCE,SIM,P,N,2452329.57,2452329.57,2452329.57,33,Y,Y,Y,FSUSA99GZA,T. Rowe Price,US Fund Small Blend,US Fund Small Blend
2025-08-31,DMLY4LYK8,VOLIX,BLACKROCK,BLACKROCK Value Fund C,C,Y,PCG,ADVISORY,ADVISORY,BROKERAGE,QP,P,N,3775011.64,3775011.64,3775011.64,3,Y,Y,Y,FSINVW6LMH,BlackRock,US Fund Large Value,US Fund Large Value
2025-11-30,8HMBR5XQT,WLWSX,BLACKROCK,BLACKROCK Value Fund C,C,Y,WBS,ADVISORY,ADVISORY,MASTERS,QP,S,N,4599369.9,-4599369.9,-4599369.9,49,Y,Y,N,FSINVHB0YI,BlackRock,US Fund Large Value,US Fund Large Value
2026-02-28,6246HID25,KQEYX,FIRST EAGLE,FIRST EAGLE Growth Fund INST,INST,Y,WFAS,ADVISORY,ADVISORY,CUSTOMCHOICE,SIM,S,N,4155875.18,-4155875.18,-4155875.18,18,Y,Y,N,FSUSAUK54B,First Eagle,US Fund Small Growth,US Fund Small Growth
2025-09-30,UVY8N1UTO,QGCTX,INVESCO,INVESCO Allocation Fund S,S,Y,WFAS,BROKERAGE,BROKERAGE,BROKERAGE,NON-RETIREMENT,S,N,3944286.49,-3944286.49,-3944286.49,14,Y,N,N,FSINV12SDD,Invesco,US Fund Tactical Allocation,US Fund Tactical Allocation
2025-08-31,2EK3ZEZQA,CGVOX,JPMORGAN,JPMORGAN Allocation Fund A,A,Y,WBS,ADVISORY,ADVISORY,FUNDSOURCE,NON-RETIREMENT,P,N,2349731.45,2349731.45,2349731.45,49,Y,Y,Y,FSUSAD1XUN,JPMorgan,US Fund Moderate Allocation,US Fund Moderate Allocation
2025-12-31,V1V93KMKZ,DBBHX,PIMCO,PIMCO Allocation Fund A,A,Y,PCG,BROKERAGE,BROKERAGE,FC/QC,IRA,P,N,62775.66,62775.66,62775.66,9,Y,Y,Y,FSC3796172,PIMCO,US Fund Moderate Allocation,US Fund Moderate Allocation
2026-03-31,JSG65KXVF,TOUNX,FIRST EAGLE,FIRST EAGLE Blend Fund INST,INST,Y,WFAS,BROKERAGE,BROKERAGE,BROKERAGE,SEP,P,N,3276216.3,3276216.3,3276216.3,9,Y,N,Y,FSCAP4FGYV,First Eagle,US Fund Small Blend,US Fund Small Blend
2025-12-31,CATVAZCCB,INHMX,CAPITAL GROUP,CAPITAL GROUP Blend Fund INST,INST,Y,WBS,ADVISORY,ADVISORY,CUSTOMCHOICE,SEP,S,N,3447490.5,-3447490.5,-3447490.5,50,Y,Y,Y,FSC7363842,capital group,US Fund Small Blend,US Fund Small Blend
2025-08-31,SLWF90KM3,NSHVX,FIDELITY,FIDELITY Blend Fund A,A,N,PCG,BROKERAGE,BROKERAGE,MASTERS,QP,S,N,1548177.11,-1548177.11,-1548177.11,2,Y,N,Y,FSUSA4BHGL,Fidelity,US Fund Small Blend,US Fund Small Blend
2025-05-31,LFEWVZNVK,NLUCX,DWS FUNDS,DWS FUNDS Blend Fund INV,INV,Y,PCG,ADVISORY,ADVISORY,PERSONALIZED UMA,SEP,S,N,2871894.11,-2871894.11,-2871894.11,12,Y,Y,N,FSINVF3PFW,DWS,US Fund Large Blend,US Fund Large Blend
2025-03-31,QVNB4GH2M,WSHAX,NUVEEN,NUVEEN Growth Fund S,S,Y,PCG,ADVISORY,ADVISORY,FC/QC,QP,P,N,539857.53,539857.53,539857.53,45,Y,Y,Y,FSCAPUT3V8,Nuveen,US Fund Small Growth,US Fund Small Growth
2025-07-31,B5M9J98CW,JURYX,AMERICAN FUNDS,AMERICAN FUNDS Growth Fund A,A,Y,WFAS,BROKERAGE,BROKERAGE,BROKERAGE,QP,P,Y,3264162.18,3264162.18,3264162.18,16,Y,N,Y,FSCAPBLFOC,capital group,US Fund Large Growth,US Fund Large Growth
2025-10-31,MO5BXXC02,CENDX,FRANKLIN TEMPLETON,FRANKLIN TEMPLETON Value Fund INST,INST,Y,PCG,ADVISORY,ADVISORY,PERSONALIZED UMA,QP,P,N,2046646.16,2046646.16,2046646.16,4,Y,Y,Y,FSINV8HE3N,Franklin Templeton,US Fund Large Value,US Fund Large Value
2025-01-31,E2ATN2TWD,IZSNX,FRANKLIN TEMPLETON,FRANKLIN TEMPLETON Bond Fund INST,INST,Y,WFAS,ADVISORY,ADVISORY,BROKERAGE,SIM,P,N,2307243.65,2307243.65,2307243.65,6,Y,Y,Y,FSC7967512,Franklin Templeton,US Fund Short-Term Bond,US Fund Short-Term Bond
2025-12-31,JSG65KXVF,TOUNX,FIRST EAGLE,FIRST EAGLE Blend Fund INST,INST,Y,PCG,ADVISORY,ADVISORY,BROKERAGE,SEP,P,N,4423055.2,4423055.2,4423055.2,46,Y,N,Y,FSCAP4FGYV,First Eagle,US Fund Small Blend,US Fund Small Blend
2025-02-28,EDFQS3D63,XYKKX,INVESCO,INVESCO Allocation Fund A,A,Y,WFAS,ADVISORY,ADVISORY,PERSONALIZED UMA,SEP,P,N,2736014.68,2736014.68,2736014.68,27,Y,N,N,FSC8043975,Invesco,US Fund Tactical Allocation,US Fund Tactical Allocation
2025-05-31,3NX39RBSV,WWLNX,CAPITAL GROUP,CAPITAL GROUP Growth Fund A,A,Y,PCG,ADVISORY,ADVISORY,FC/QC,IRA,S,Y,4653402.47,-4653402.47,-4653402.47,12,Y,Y,Y,FSINV8R1QP,capital group,US Fund Small Growth,US Fund Small Growth
2025-12-31,O4KH2VLPY,NUYTX,PIMCO,PIMCO Blend Fund A,A,Y,FINET,ADVISORY,ADVISORY,PERSONALIZED UMA,SIM,S,Y,3321762.61,-3321762.61,-3321762.61,25,Y,Y,Y,FSINVNDQ6K,PIMCO,US Fund Small Blend,US Fund Small Blend
2025-06-30,QZXEBB9EI,NKJYX,VANGUARD,VANGUARD Bond Fund A,A,Y,WBS,ADVISORY,ADVISORY,MASTERS,QP,P,N,4614784.8,4614784.8,4614784.8,44,Y,N,N,FSC4693666,Vanguard,US Fund Intermediate Core Bond,US Fund Intermediate Core Bond
2025-10-31,QZXEBB9EI,NKJYX,VANGUARD,VANGUARD Bond Fund A,A,N,WBS,ADVISORY,ADVISORY,ASSET ADVISOR,SEP,P,Y,560177.81,560177.81,560177.81,35,Y,N,Y,FSC4693666,Vanguard,US Fund Intermediate Core Bond,US Fund Intermediate Core Bond
2025-09-30,EAL2W37D4,GPNKX,FIDELITY,FIDELITY Blend Fund C,C,Y,WFAS,BROKERAGE,BROKERAGE,FC/QC,SEP,S,N,4966841.93,-4966841.93,-4966841.93,28,Y,N,Y,FSUSAVKKPF,Fidelity,US Fund Large Blend,US Fund Large Blend
2025-03-31,WYJXRPJ1E,LHRMX,INVESCO,INVESCO Bond Fund A,A,Y,WBS,ADVISORY,ADVISORY,MASTERS,SIM,P,Y,1897156.2,1897156.2,1897156.2,33,Y,Y,Y,FSCAPRK315,Invesco,US Fund Intermediate Core Bond,US Fund Intermediate Core Bond
2025-10-31,HZIOYKL1C,LZZBX,FIRST EAGLE,FIRST EAGLE Bond Fund A,A,Y,PCG,BROKERAGE,BROKERAGE,FC/QC,SEP,P,N,163128.74,163128.74,163128.74,26,Y,N,Y,FSUSAMFLIX,First Eagle,US Fund Multisector Bond,US Fund Multisector Bond
2025-07-31,U6N7HV3IZ,HRUUX,JPMORGAN,JPMORGAN Value Fund S,S,Y,PCG,ADVISORY,ADVISORY,FUNDSOURCE,SEP,S,Y,3651946.1,-3651946.1,-3651946.1,33,Y,Y,N,FSUSAS5BKX,JPMorgan,US Fund Large Value,US Fund Large Value
2025-03-31,2EK3ZEZQA,CGVOX,JPMORGAN,JPMORGAN Allocation Fund A,A,Y,WBS,ADVISORY,ADVISORY,CUSTOMCHOICE,IRA,P,N,2870634.25,2870634.25,2870634.25,11,Y,N,Y,FSUSAD1XUN,JPMorgan,US Fund Moderate Allocation,US Fund Moderate Allocation
2026-02-28,O4KH2VLPY,NUYTX,PIMCO,PIMCO Blend Fund A,A,Y,PCG,ADVISORY,ADVISORY,BROKERAGE,IRA,P,Y,4513360.55,4513360.55,4513360.55,34,Y,N,Y,FSINVNDQ6K,PIMCO,US Fund Small Blend,US Fund Small Blend
2025-08-31,8VMUHXID4,JTOUX,FRANKLIN TEMPLETON,FRANKLIN TEMPLETON Bond Fund INST,INST,Y,WBS,ADVISORY,ADVISORY,ASSET ADVISOR,IRA,P,Y,556593.85,556593.85,556593.85,26,Y,Y,N,FSINVCNRVP,Franklin Templeton,US Fund Intermediate Core Bond,US Fund Intermediate Core Bond
2025-07-31,HZIOYKL1C,LZZBX,FIRST EAGLE,FIRST EAGLE Bond Fund A,A,Y,FINET,ADVISORY,ADVISORY,FUNDSOURCE,SIM,P,N,3707041.92,3707041.92,3707041.92,38,Y,N,Y,FSUSAMFLIX,First Eagle,US Fund Multisector Bond,US Fund Multisector Bond
2025-12-31,6Q3XLRFCD,XISNX,VANGUARD,VANGUARD Allocation Fund INV,INV,Y,PCG,BROKERAGE,BROKERAGE,ASSET ADVISOR,QP,S,Y,224124.75,-224124.75,-224124.75,17,Y,Y,Y,FSUSAMIGJS,Vanguard,US Fund Tactical Allocation,US Fund Tactical Allocation
2026-02-28,QJIDKNWI5,EIPIX,JPMORGAN,JPMORGAN Allocation Fund INST,INST,N,WBS,ADVISORY,ADVISORY,ASSET ADVISOR,NON-RETIREMENT,S,N,2947637.53,-2947637.53,-2947637.53,6,Y,Y,Y,FSCAPZ4DKB,JPMorgan,US Fund Tactical Allocation,US Fund Tactical Allocation
2025-11-30,HZIOYKL1C,LZZBX,FIRST EAGLE,FIRST EAGLE Bond Fund A,A,N,PCG,ADVISORY,ADVISORY,MASTERS,NON-RETIREMENT,S,N,3228986.0,-3228986.0,-3228986.0,13,Y,N,Y,FSUSAMFLIX,First Eagle,US Fund Multisector Bond,US Fund Multisector Bond
2025-06-30,MO5BXXC02,CENDX,FRANKLIN TEMPLETON,FRANKLIN TEMPLETON Value Fund INST,INST,Y,WBS,ADVISORY,ADVISORY,FC/QC,QP,P,N,3813314.36,3813314.36,3813314.36,17,Y,N,Y,FSINV8HE3N,Franklin Templeton,US Fund Large Value,US Fund Large Value
2025-07-31,8VMUHXID4,JTOUX,FRANKLIN TEMPLETON,FRANKLIN TEMPLETON Bond Fund INST,INST,Y,PCG,ADVISORY,ADVISORY,BROKERAGE,NON-RETIREMENT,P,Y,3580712.13,3580712.13,3580712.13,35,Y,Y,Y,FSINVCNRVP,Franklin Templeton,US Fund Intermediate Core Bond,US Fund Intermediate Core Bond
2025-11-30,0YNCXLL4Z,HIKKX,FIDELITY,FIDELITY Bond Fund A,A,Y,PCG,ADVISORY,ADVISORY,FC/QC,NON-RETIREMENT,P,N,2233968.43,2233968.43,2233968.43,23,Y,Y,Y,FSUSAP0XJP,Fidelity,US Fund Multisector Bond,US Fund Multisector Bond
2026-03-31,TC89K8YQK,ZWCJX,LORD ABBETT,LORD ABBETT Bond Fund A,A,N,PCG,BROKERAGE,BROKERAGE,MASTERS,NON-RETIREMENT,P,N,1137393.88,1137393.88,1137393.88,15,Y,Y,Y,FSC2646842,Lord Abbett,US Fund High Yield Bond,US Fund High Yield Bond
2025-03-31,HZIOYKL1C,LZZBX,FIRST EAGLE,FIRST EAGLE Bond Fund A,A,Y,FINET,ADVISORY,ADVISORY,ASSET ADVISOR,QP,S,N,4962455.54,-4962455.54,-4962455.54,27,Y,Y,Y,FSUSAMFLIX,First Eagle,US Fund Multisector Bond,US Fund Multisector Bond
2025-06-30,TC89K8YQK,ZWCJX,LORD ABBETT,LORD ABBETT Bond Fund A,A,Y,WFAS,ADVISORY,ADVISORY,BROKERAGE,SIM,P,N,1434680.04,1434680.04,1434680.04,15,Y,Y,Y,FSC2646842,Lord Abbett,US Fund High Yield Bond,US Fund High Yield Bond
2025-03-31,0CVS4F8CG,PRGDX,T ROWE PRICE,T ROWE PRICE Bond Fund C,C,N,FINET,ADVISORY,ADVISORY,CUSTOMCHOICE,NON-RETIREMENT,P,N,2612096.77,2612096.77,2612096.77,9,Y,N,Y,FSINV5AYKJ,T. Rowe Price,US Fund Short-Term Bond,US Fund Short-Term Bond
2025-06-30,MO5BXXC02,CENDX,FRANKLIN TEMPLETON,FRANKLIN TEMPLETON Value Fund INST,INST,Y,FINET,BROKERAGE,BROKERAGE,BROKERAGE,SIM,P,N,147310.66,147310.66,147310.66,28,Y,Y,N,FSINV8HE3N,Franklin Templeton,US Fund Large Value,US Fund Large Value
2025-05-31,BPLJD84U8,ZRHBX,PIMCO,PIMCO Blend Fund A,A,N,WFAS,BROKERAGE,BROKERAGE,PERSONALIZED UMA,SIM,P,N,230494.49,230494.49,230494.49,41,Y,N,Y,FSCAPPXIH2,PIMCO,US Fund Mid-Cap Blend,US Fund Mid-Cap Blend
2025-02-28,SLWF90KM3,NSHVX,FIDELITY,FIDELITY Blend Fund A,A,Y,FINET,BROKERAGE,BROKERAGE,FUNDSOURCE,SEP,P,N,34714.46,34714.46,34714.46,10,Y,Y,N,FSUSA4BHGL,Fidelity,US Fund Small Blend,US Fund Small Blend
2025-08-31,0CVS4F8CG,PRGDX,T ROWE PRICE,T ROWE PRICE Bond Fund C,C,Y,PCG,ADVISORY,ADVISORY,CUSTOMCHOICE,SIM,S,N,2674022.9,-2674022.9,-2674022.9,12,Y,N,Y,FSINV5AYKJ,T. Rowe Price,US Fund Short-Term Bond,US Fund Short-Term Bond
2025-12-31,WYJXRPJ1E,LHRMX,INVESCO,INVESCO Bond Fund A,A,N,FCCS,BROKERAGE,BROKERAGE,CUSTOMCHOICE,SEP,S,N,4674769.55,-4674769.55,-4674769.55,40,Y,N,Y,FSCAPRK315,Invesco,US Fund Intermediate Core Bond,US Fund Intermediate Core Bond
2025-08-31,B5M9J98CW,JURYX,AMERICAN FUNDS,AMERICAN FUNDS Growth Fund A,A,Y,WBS,ADVISORY,ADVISORY,ASSET ADVISOR,NON-RETIREMENT,P,N,4221623.76,4221623.76,4221623.76,41,Y,Y,Y,FSCAPBLFOC,capital group,US Fund Large Growth,US Fund Large Growth
2026-01-31,4DPJA1WJ0,OLABX,PIMCO,PIMCO Bond Fund S,S,Y,PCG,ADVISORY,ADVISORY,FUNDSOURCE,SEP,P,N,2503242.43,2503242.43,2503242.43,14,Y,Y,Y,FSCAP7M9HW,PIMCO,US Fund Short-Term Bond,US Fund Short-Term Bond
2025-09-30,S0R2SDS8B,UWNLX,AMERICAN FUNDS,AMERICAN FUNDS Bond Fund INST,INST,Y,WBS,BROKERAGE,BROKERAGE,MASTERS,QP,P,Y,552759.0,552759.0,552759.0,23,Y,Y,Y,FSC0723107,capital group,US Fund High Yield Bond,US Fund High Yield Bond
2025-07-31,4FMYZYCWT,GMHYX,DWS FUNDS,DWS FUNDS Bond Fund A,A,Y,WFAS,BROKERAGE,BROKERAGE,ASSET ADVISOR,QP,S,N,1382423.18,-1382423.18,-1382423.18,13,Y,Y,Y,FSCAPZUVDG,DWS,US Fund High Yield Bond,US Fund High Yield Bond
2025-01-31,C8D1WJCIT,EKRMX,FRANKLIN TEMPLETON,FRANKLIN TEMPLETON Estate Fund C,C,Y,WBS,ADVISORY,ADVISORY,MASTERS,QP,S,N,2145457.96,-2145457.96,-2145457.96,33,Y,N,Y,FSC7392545,Franklin Templeton,US Fund Real Estate,US Fund Real Estate
2025-10-31,BSWRPBJEK,WMAQX,JPMORGAN,JPMORGAN Growth Fund INV,INV,Y,WFAS,ADVISORY,ADVISORY,BROKERAGE,SEP,S,N,2684433.29,-2684433.29,-2684433.29,7,N,Y,Y,FSINVVT0VG,JPMorgan,US Fund Large Growth,US Fund Large Growth
2025-05-31,3TV3I12VJ,ZZOUX,AMERICAN FUNDS,AMERICAN FUNDS Bond Fund A,A,Y,PCG,BROKERAGE,BROKERAGE,BROKERAGE,IRA,P,Y,3748884.5,3748884.5,3748884.5,4,Y,N,Y,FSUSA1CZS7,capital group,US Fund High Yield Bond,US Fund High Yield Bond
2026-02-28,VBDIVUZZP,LHWTX,VANGUARD,VANGUARD Growth Fund A,A,N,WFAS,BROKERAGE,BROKERAGE,FC/QC,IRA,S,Y,2483607.97,-2483607.97,-2483607.97,13,Y,N,Y,FSCAP853QJ,Vanguard,US Fund Large Growth,US Fund Large Growth
2025-08-31,QJIDKNWI5,EIPIX,JPMORGAN,JPMORGAN Allocation Fund INST,INST,N,PCG,BROKERAGE,BROKERAGE,MASTERS,IRA,P,N,2961337.26,2961337.26,2961337.26,14,Y,N,N,FSCAPZ4DKB,JPMorgan,US Fund Tactical Allocation,US Fund Tactical Allocation
2025-02-28,8J5ECRUYF,VYCGX,INVESCO,INVESCO Bond Fund INST,INST,Y,WFAS,BROKERAGE,BROKERAGE,FC/QC,IRA,S,Y,2482161.75,-2482161.75,-2482161.75,7,Y,N,N,FSINV30AHC,Invesco,US Fund High Yield Bond,US Fund High Yield Bond
2026-01-31,FB9W1Q5UZ,JKDRX,VANGUARD,VANGUARD Growth Fund A,A,Y,FCCS,BROKERAGE,BROKERAGE,MASTERS,IRA,S,N,1774215.31,-1774215.31,-1774215.31,19,Y,Y,N,FSCAP3Y8BT,Vanguard,US Fund Large Growth,US Fund Large Growth
2026-02-28,2960361I2,FEGTX,JPMORGAN,JPMORGAN Bond Fund A,A,Y,WBS,ADVISORY,ADVISORY,FUNDSOURCE,SEP,P,Y,47623.21,47623.21,47623.21,46,Y,Y,Y,FSCAP0TE0V,JPMorgan,US Fund Multisector Bond,US Fund Multisector Bond
2025-11-30,7BH25LLO3,MAQHX,DWS FUNDS,DWS FUNDS Bond Fund C,C,Y,WFAS,ADVISORY,ADVISORY,BROKERAGE,NON-RETIREMENT,S,N,2218481.11,-2218481.11,-2218481.11,27,Y,Y,Y,FSC8694117,DWS,US Fund Intermediate Core Bond,US Fund Intermediate Core Bond
2026-01-31,6246HID25,KQEYX,FIRST EAGLE,FIRST EAGLE Growth Fund INST,INST,Y,FINET,BROKERAGE,BROKERAGE,FC/QC,SEP,S,N,4879751.83,-4879751.83,-4879751.83,50,Y,Y,Y,FSUSAUK54B,First Eagle,US Fund Small Growth,US Fund Small Growth
2025-01-31,V1V93KMKZ,DBBHX,PIMCO,PIMCO Allocation Fund A,A,Y,PCG,BROKERAGE,BROKERAGE,MASTERS,QP,P,N,2096417.01,2096417.01,2096417.01,47,Y,Y,Y,FSC3796172,PIMCO,US Fund Moderate Allocation,US Fund Moderate Allocation
2025-01-31,2EK3ZEZQA,CGVOX,JPMORGAN,JPMORGAN Allocation Fund A,A,Y,WFAS,ADVISORY,ADVISORY,CUSTOMCHOICE,NON-RETIREMENT,P,N,3256833.55,3256833.55,3256833.55,12,Y,N,Y,FSUSAD1XUN,JPMorgan,US Fund Moderate Allocation,US Fund Moderate Allocation
2026-01-31,4FFYVNVQJ,OYRCX,LORD ABBETT,LORD ABBETT Blend Fund INST,INST,Y,WFAS,ADVISORY,ADVISORY,MASTERS,SIM,S,N,3012522.88,-3012522.88,-3012522.88,2,Y,Y,Y,FSINVDZ4HR,Lord Abbett,US Fund Foreign Large Blend,US Fund Foreign Large Blend
2025-07-31,MO5BXXC02,CENDX,FRANKLIN TEMPLETON,FRANKLIN TEMPLETON Value Fund INST,INST,Y,FCCS,BROKERAGE,BROKERAGE,CUSTOMCHOICE,IRA,S,N,592411.64,-592411.64,-592411.64,48,Y,Y,Y,FSINV8HE3N,Franklin Templeton,US Fund Large Value,US Fund Large Value
2025-07-31,O4KH2VLPY,NUYTX,PIMCO,PIMCO Blend Fund A,A,Y,PCG,ADVISORY,ADVISORY,MASTERS,NON-RETIREMENT,P,Y,2401973.44,2401973.44,2401973.44,14,Y,Y,Y,FSINVNDQ6K,PIMCO,US Fund Small Blend,US Fund Small Blend
2025-10-31,2DHYLURTP,TISHX,CAPITAL GROUP,CAPITAL GROUP Growth Fund A,A,Y,PCG,ADVISORY,ADVISORY,MASTERS,IRA,P,N,2709375.63,2709375.63,2709375.63,39,Y,Y,Y,FSINVHRONH,capital group,US Fund Large Growth,US Fund Large Growth
2025-01-31,V1V93KMKZ,DBBHX,PIMCO,PIMCO Allocation Fund A,A,Y,PCG,ADVISORY,ADVISORY,FC/QC,SEP,P,Y,1841820.64,1841820.64,1841820.64,16,Y,N,Y,FSC3796172,PIMCO,US Fund Moderate Allocation,US Fund Moderate Allocation
2025-04-30,2960361I2,FEGTX,JPMORGAN,JPMORGAN Bond Fund A,A,Y,PCG,ADVISORY,ADVISORY,MASTERS,SIM,P,Y,454030.76,454030.76,454030.76,50,N,Y,N,FSCAP0TE0V,JPMorgan,US Fund Multisector Bond,US Fund Multisector Bond
2026-01-31,KTSG7FXZV,VOVAX,CAPITAL GROUP,CAPITAL GROUP Bond Fund INST,INST,Y,PCG,ADVISORY,ADVISORY,ASSET ADVISOR,NON-RETIREMENT,P,N,4795801.47,4795801.47,4795801.47,5,Y,N,Y,FSCAPU9MJ4,capital group,US Fund Intermediate Core Bond,US Fund Intermediate Core Bond
2025-03-31,ZW9XA3KX7,DDCOX,CAPITAL GROUP,CAPITAL GROUP Blend Fund A,A,Y,PCG,ADVISORY,ADVISORY,MASTERS,NON-RETIREMENT,P,N,1860894.01,1860894.01,1860894.01,41,Y,Y,Y,FSCAPVVD5U,capital group,US Fund Small Blend,US Fund Small Blend
2025-04-30,U7EEQTUL1,LVXLX,FIRST EAGLE,FIRST EAGLE Estate Fund INST,INST,Y,WFAS,ADVISORY,ADVISORY,PIM,SEP,S,N,94794.47,-94794.47,-94794.47,30,Y,Y,Y,FSUSAS7SPG,First Eagle,US Fund Real Estate,US Fund Real Estate
2025-01-31,4DPJA1WJ0,OLABX,PIMCO,PIMCO Bond Fund S,S,Y,PCG,ADVISORY,ADVISORY,MASTERS,SIM,P,N,306200.08,306200.08,306200.08,42,Y,Y,Y,FSCAP7M9HW,PIMCO,US Fund Short-Term Bond,US Fund Short-Term Bond
2025-02-28,QVNB4GH2M,WSHAX,NUVEEN,NUVEEN Growth Fund S,S,Y,PCG,ADVISORY,ADVISORY,PERSONALIZED UMA,SEP,P,N,1534824.66,1534824.66,1534824.66,20,Y,Y,Y,FSCAPUT3V8,Nuveen,US Fund Small Growth,US Fund Small Growth
2025-07-31,6VXDP5GJL,LIWHX,FIDELITY,FIDELITY Bond Fund INST,INST,Y,PCG,BROKERAGE,BROKERAGE,FC/QC,NON-RETIREMENT,P,N,2813331.13,2813331.13,2813331.13,12,Y,N,N,FSINVQUXZJ,Fidelity,US Fund Intermediate Core Bond,US Fund Intermediate Core Bond
2025-07-31,8LPQW2VMC,MAJHX,T ROWE PRICE,T ROWE PRICE Estate Fund S,S,N,FINET,BROKERAGE,BROKERAGE,CUSTOMCHOICE,SIM,P,N,680965.67,680965.67,680965.67,46,Y,Y,Y,FSINVOVNZB,T. Rowe Price,US Fund Real Estate,US Fund Real Estate
2025-08-31,8VMUHXID4,JTOUX,FRANKLIN TEMPLETON,FRANKLIN TEMPLETON Bond Fund INST,INST,Y,WBS,ADVISORY,ADVISORY,PERSONALIZED UMA,QP,P,N,692246.6,692246.6,692246.6,43,Y,N,Y,FSINVCNRVP,Franklin Templeton,US Fund Intermediate Core Bond,US Fund Intermediate Core Bond
2025-07-31,OQW9JA2M0,QUTIX,VANGUARD,VANGUARD Growth Fund C,C,Y,PCG,ADVISORY,ADVISORY,FUNDSOURCE,SEP,P,Y,1169162.86,1169162.86,1169162.86,2,Y,N,Y,FSCAP2IIZJ,Vanguard,US Fund Large Growth,US Fund Large Growth
2025-08-31,O4KH2VLPY,NUYTX,PIMCO,PIMCO Blend Fund A,A,N,WBS,BROKERAGE,BROKERAGE,PERSONALIZED UMA,SIM,P,Y,2090891.18,2090891.18,2090891.18,50,Y,Y,Y,FSINVNDQ6K,PIMCO,US Fund Small Blend,US Fund Small Blend
2025-07-31,TC89K8YQK,ZWCJX,LORD ABBETT,LORD ABBETT Bond Fund A,A,Y,WBS,BROKERAGE,BROKERAGE,PIM,SEP,P,N,3683858.54,3683858.54,3683858.54,28,Y,Y,N,FSC2646842,Lord Abbett,US Fund High Yield Bond,US Fund High Yield Bond
2026-02-28,8J5ECRUYF,VYCGX,INVESCO,INVESCO Bond Fund INST,INST,Y,WFAS,ADVISORY,ADVISORY,CUSTOMCHOICE,SIM,S,N,1298730.03,-1298730.03,-1298730.03,12,Y,Y,N,FSINV30AHC,Invesco,US Fund High Yield Bond,US Fund High Yield Bond
2025-08-31,O4KH2VLPY,NUYTX,PIMCO,PIMCO Blend Fund A,A,Y,FINET,BROKERAGE,BROKERAGE,PERSONALIZED UMA,SIM,P,N,3808002.85,3808002.85,3808002.85,32,Y,Y,Y,FSINVNDQ6K,PIMCO,US Fund Small Blend,US Fund Small Blend
2025-10-31,U7EEQTUL1,LVXLX,FIRST EAGLE,FIRST EAGLE Estate Fund INST,INST,Y,WBS,BROKERAGE,BROKERAGE,FUNDSOURCE,IRA,S,N,1860058.59,-1860058.59,-1860058.59,7,Y,N,Y,FSUSAS7SPG,First Eagle,US Fund Real Estate,US Fund Real Estate
2026-02-28,KTSG7FXZV,VOVAX,CAPITAL GROUP,CAPITAL GROUP Bond Fund INST,INST,N,FCCS,BROKERAGE,BROKERAGE,BROKERAGE,IRA,S,N,936308.67,-936308.67,-936308.67,18,Y,Y,Y,FSCAPU9MJ4,capital group,US Fund Intermediate Core Bond,US Fund Intermediate Core Bond
2025-01-31,4874FRHOC,JZGUX,INVESCO,INVESCO Bond Fund C,C,Y,WFAS,ADVISORY,ADVISORY,BROKERAGE,NON-RETIREMENT,P,Y,126853.79,126853.79,126853.79,6,Y,Y,N,FSUSAFVJ1Z,Invesco,US Fund Short-Term Bond,US Fund Short-Term Bond
2026-03-31,JSG65KXVF,TOUNX,FIRST EAGLE,FIRST EAGLE Blend Fund INST,INST,Y,PCG,ADVISORY,ADVISORY,FC/QC,SIM,P,Y,54396.17,54396.17,54396.17,18,Y,Y,Y,FSCAP4FGYV,First Eagle,US Fund Small Blend,US Fund Small Blend
2025-03-31,1M8XFDJGF,TBYQX,PIMCO,PIMCO Growth Fund A,A,Y,WBS,ADVISORY,ADVISORY,FUNDSOURCE,QP,P,N,3912707.47,3912707.47,3912707.47,26,Y,Y,Y,FSCAPS2MJ6,PIMCO,US Fund Small Growth,US Fund Small Growth
2025-10-31,YYO4UDOJE,JTGJX,BLACKROCK,BLACKROCK Bond Fund INST,INST,Y,FINET,ADVISORY,ADVISORY,FUNDSOURCE,NON-RETIREMENT,S,N,4088209.49,-4088209.49,-4088209.49,11,N,Y,Y,FSCAPSG2R8,BlackRock,US Fund Short-Term Bond,US Fund Short-Term Bond
2025-03-31,HZIOYKL1C,LZZBX,FIRST EAGLE,FIRST EAGLE Bond Fund A,A,Y,PCG,ADVISORY,ADVISORY,FC/QC,IRA,S,N,589805.79,-589805.79,-589805.79,28,Y,Y,Y,FSUSAMFLIX,First Eagle,US Fund Multisector Bond,US Fund Multisector Bond
2025-08-31,WJCKJLTEI,SSBKX,FIRST EAGLE,FIRST EAGLE Blend Fund C,C,Y,WBS,BROKERAGE,BROKERAGE,MASTERS,QP,S,N,2765047.35,-2765047.35,-2765047.35,38,Y,Y,Y,FSC7422675,First Eagle,US Fund Small Blend,US Fund Small Blend
2025-07-31,B5M9J98CW,JURYX,AMERICAN FUNDS,AMERICAN FUNDS Growth Fund A,A,Y,WFAS,BROKERAGE,BROKERAGE,BROKERAGE,NON-RETIREMENT,P,N,14444.69,14444.69,14444.69,1,Y,N,Y,FSCAPBLFOC,capital group,US Fund Large Growth,US Fund Large Growth
2025-10-31,WJCKJLTEI,SSBKX,FIRST EAGLE,FIRST EAGLE Blend Fund C,C,Y,WFAS,ADVISORY,ADVISORY,MASTERS,NON-RETIREMENT,P,Y,931260.76,931260.76,931260.76,18,Y,Y,Y,FSC7422675,First Eagle,US Fund Small Blend,US Fund Small Blend
2025-03-31,2DHYLURTP,TISHX,CAPITAL GROUP,CAPITAL GROUP Growth Fund A,A,Y,PCG,ADVISORY,ADVISORY,CUSTOMCHOICE,NON-RETIREMENT,S,N,1742805.29,-1742805.29,-1742805.29,3,Y,Y,Y,FSINVHRONH,capital group,US Fund Large Growth,US Fund Large Growth
2025-06-30,2960361I2,FEGTX,JPMORGAN,JPMORGAN Bond Fund A,A,Y,FCCS,BROKERAGE,BROKERAGE,MASTERS,SEP,S,N,297368.17,-297368.17,-297368.17,44,Y,Y,Y,FSCAP0TE0V,JPMorgan,US Fund Multisector Bond,US Fund Multisector Bond
2026-02-28,2EK3ZEZQA,CGVOX,JPMORGAN,JPMORGAN Allocation Fund A,A,Y,PCG,ADVISORY,ADVISORY,FUNDSOURCE,NON-RETIREMENT,P,N,2801530.56,2801530.56,2801530.56,19,Y,Y,Y,FSUSAD1XUN,JPMorgan,US Fund Moderate Allocation,US Fund Moderate Allocation
2025-03-31,1KERPETIU,RJKTX,VANGUARD,VANGUARD Bond Fund A,A,Y,WBS,BROKERAGE,BROKERAGE,FUNDSOURCE,IRA,P,N,2687249.48,2687249.48,2687249.48,18,Y,Y,N,FSINVZ17YR,Vanguard,US Fund Short-Term Bond,US Fund Short-Term Bond
2025-08-31,CATVAZCCB,INHMX,CAPITAL GROUP,CAPITAL GROUP Blend Fund INST,INST,Y,FINET,BROKERAGE,BROKERAGE,CUSTOMCHOICE,IRA,S,N,3756908.54,-3756908.54,-3756908.54,16,N,Y,Y,FSC7363842,capital group,US Fund Small Blend,US Fund Small Blend
2025-05-31,6Q3XLRFCD,XISNX,VANGUARD,VANGUARD Allocation Fund INV,INV,Y,PCG,ADVISORY,ADVISORY,MASTERS,IRA,P,Y,1389637.02,1389637.02,1389637.02,29,Y,N,Y,FSUSAMIGJS,Vanguard,US Fund Tactical Allocation,US Fund Tactical Allocation
2025-03-31,T7E8G8JDP,SIPNX,CAPITAL GROUP,CAPITAL GROUP Blend Fund A,A,N,PCG,ADVISORY,ADVISORY,FC/QC,NON-RETIREMENT,P,N,380529.62,380529.62,380529.62,18,Y,Y,N,FSUSAYANEZ,capital group,US Fund Foreign Large Blend,US Fund Foreign Large Blend
2025-05-31,8VMUHXID4,JTOUX,FRANKLIN TEMPLETON,FRANKLIN TEMPLETON Bond Fund INST,INST,Y,FINET,ADVISORY,ADVISORY,ASSET ADVISOR,SIM,P,Y,4486546.86,4486546.86,4486546.86,15,Y,Y,Y,FSINVCNRVP,Franklin Templeton,US Fund Intermediate Core Bond,US Fund Intermediate Core Bond
2026-03-31,8MGYN2JCP,LZEHX,NUVEEN,NUVEEN Estate Fund A,A,Y,FINET,ADVISORY,ADVISORY,ASSET ADVISOR,SEP,P,N,4372862.35,4372862.35,4372862.35,22,Y,Y,Y,FSCAP9SFEF,Nuveen,US Fund Real Estate,US Fund Real Estate
2025-02-28,0YNCXLL4Z,HIKKX,FIDELITY,FIDELITY Bond Fund A,A,N,WBS,BROKERAGE,BROKERAGE,PERSONALIZED UMA,SIM,P,N,525784.79,525784.79,525784.79,30,Y,Y,Y,FSUSAP0XJP,Fidelity,US Fund Multisector Bond,US Fund Multisector Bond
2025-06-30,T7E8G8JDP,SIPNX,CAPITAL GROUP,CAPITAL GROUP Blend Fund A,A,Y,WBS,BROKERAGE,BROKERAGE,FUNDSOURCE,SEP,S,Y,1256995.74,-1256995.74,-1256995.74,44,Y,N,Y,FSUSAYANEZ,capital group,US Fund Foreign Large Blend,US Fund Foreign Large Blend
2025-03-31,WK8R2YKCC,LMFPX,DWS FUNDS,DWS FUNDS Bond Fund INST,INST,Y,WBS,ADVISORY,ADVISORY,FC/QC,SIM,S,N,4845651.29,-4845651.29,-4845651.29,37,Y,Y,Y,FSCAPNRENH,DWS,US Fund High Yield Bond,US Fund High Yield Bond
2025-10-31,WJCKJLTEI,SSBKX,FIRST EAGLE,FIRST EAGLE Blend Fund C,C,Y,FINET,ADVISORY,ADVISORY,BROKERAGE,NON-RETIREMENT,P,N,2791171.01,2791171.01,2791171.01,46,Y,Y,Y,FSC7422675,First Eagle,US Fund Small Blend,US Fund Small Blend
2026-03-31,CATVAZCCB,INHMX,CAPITAL GROUP,CAPITAL GROUP Blend Fund INST,INST,Y,WBS,ADVISORY,ADVISORY,FUNDSOURCE,QP,P,N,3182880.8,3182880.8,3182880.8,50,Y,Y,Y,FSC7363842,capital group,US Fund Small Blend,US Fund Small Blend
2025-07-31,0YNCXLL4Z,HIKKX,FIDELITY,FIDELITY Bond Fund A,A,Y,PCG,ADVISORY,ADVISORY,CUSTOMCHOICE,SEP,S,N,90438.32,-90438.32,-90438.32,14,Y,Y,Y,FSUSAP0XJP,Fidelity,US Fund Multisector Bond,US Fund Multisector Bond
2025-02-28,3TV3I12VJ,ZZOUX,AMERICAN FUNDS,AMERICAN FUNDS Bond Fund A,A,Y,WFAS,ADVISORY,ADVISORY,BROKERAGE,IRA,S,N,1959254.68,-1959254.68,-1959254.68,23,Y,Y,Y,FSUSA1CZS7,capital group,US Fund High Yield Bond,US Fund High Yield Bond
2026-01-31,WJCKJLTEI,SSBKX,FIRST EAGLE,FIRST EAGLE Blend Fund C,C,Y,WBS,ADVISORY,ADVISORY,MASTERS,NON-RETIREMENT,S,N,1499728.72,-1499728.72,-1499728.72,6,Y,Y,Y,FSC7422675,First Eagle,US Fund Small Blend,US Fund Small Blend
2025-02-28,BSWRPBJEK,WMAQX,JPMORGAN,JPMORGAN Growth Fund INV,INV,Y,FINET,BROKERAGE,BROKERAGE,FC/QC,SIM,P,N,2867201.68,2867201.68,2867201.68,45,Y,Y,Y,FSINVVT0VG,JPMorgan,US Fund Large Growth,US Fund Large Growth
2026-03-31,BPLJD84U8,ZRHBX,PIMCO,PIMCO Blend Fund A,A,Y,PCG,BROKERAGE,BROKERAGE,FUNDSOURCE,NON-RETIREMENT,S,N,1713784.38,-1713784.38,-1713784.38,19,Y,Y,Y,FSCAPPXIH2,PIMCO,US Fund Mid-Cap Blend,US Fund Mid-Cap Blend
2025-01-31,4874FRHOC,JZGUX,INVESCO,INVESCO Bond Fund C,C,Y,PCG,ADVISORY,ADVISORY,CUSTOMCHOICE,NON-RETIREMENT,S,N,422468.76,-422468.76,-422468.76,30,Y,N,Y,FSUSAFVJ1Z,Invesco,US Fund Short-Term Bond,US Fund Short-Term Bond
2025-12-31,VBDIVUZZP,LHWTX,VANGUARD,VANGUARD Growth Fund A,A,Y,WBS,ADVISORY,ADVISORY,BROKERAGE,SEP,P,N,4825470.17,4825470.17,4825470.17,26,Y,Y,Y,FSCAP853QJ,Vanguard,US Fund Large Growth,US Fund Large Growth
2025-08-31,CATVAZCCB,INHMX,CAPITAL GROUP,CAPITAL GROUP Blend Fund INST,INST,Y,WBS,ADVISORY,ADVISORY,PIM,IRA,S,N,4351606.81,-4351606.81,-4351606.81,21,Y,Y,Y,FSC7363842,capital group,US Fund Small Blend,US Fund Small Blend
2025-08-31,HZIOYKL1C,LZZBX,FIRST EAGLE,FIRST EAGLE Bond Fund A,A,Y,PCG,BROKERAGE,BROKERAGE,FUNDSOURCE,SIM,S,N,3295344.39,-3295344.39,-3295344.39,42,Y,Y,Y,FSUSAMFLIX,First Eagle,US Fund Multisector Bond,US Fund Multisector Bond
2025-07-31,HZIOYKL1C,LZZBX,FIRST EAGLE,FIRST EAGLE Bond Fund A,A,N,PCG,ADVISORY,ADVISORY,MASTERS,IRA,P,N,4693486.84,4693486.84,4693486.84,13,Y,Y,Y,FSUSAMFLIX,First Eagle,US Fund Multisector Bond,US Fund Multisector Bond
2025-09-30,LFEWVZNVK,NLUCX,DWS FUNDS,DWS FUNDS Blend Fund INV,INV,Y,WBS,BROKERAGE,BROKERAGE,FUNDSOURCE,SEP,P,N,4755134.2,4755134.2,4755134.2,12,Y,Y,Y,FSINVF3PFW,DWS,US Fund Large Blend,US Fund Large Blend
2026-01-31,1KERPETIU,RJKTX,VANGUARD,VANGUARD Bond Fund A,A,Y,WBS,ADVISORY,ADVISORY,ASSET ADVISOR,SIM,P,N,1639305.09,1639305.09,1639305.09,37,Y,Y,Y,FSINVZ17YR,Vanguard,US Fund Short-Term Bond,US Fund Short-Term Bond
2025-05-31,WJCKJLTEI,SSBKX,FIRST EAGLE,FIRST EAGLE Blend Fund C,C,Y,WFAS,ADVISORY,ADVISORY,CUSTOMCHOICE,NON-RETIREMENT,P,N,2226758.99,2226758.99,2226758.99,28,Y,N,Y,FSC7422675,First Eagle,US Fund Small Blend,US Fund Small Blend
2025-10-31,LFEWVZNVK,NLUCX,DWS FUNDS,DWS FUNDS Blend Fund INV,INV,Y,WFAS,ADVISORY,ADVISORY,PIM,NON-RETIREMENT,P,N,2851577.9,2851577.9,2851577.9,49,Y,Y,Y,FSINVF3PFW,DWS,US Fund Large Blend,US Fund Large Blend
2025-03-31,N1YBWMLUN,GWZPX,INVESCO,INVESCO Blend Fund A,A,Y,PCG,ADVISORY,ADVISORY,BROKERAGE,QP,P,N,2169650.28,2169650.28,2169650.28,33,Y,Y,Y,FSINVZILDX,Invesco,US Fund Large Blend,US Fund Large Blend
2025-03-31,DMLY4LYK8,VOLIX,BLACKROCK,BLACKROCK Value Fund C,C,Y,FINET,BROKERAGE,BROKERAGE,BROKERAGE,QP,P,N,3630701.95,3630701.95,3630701.95,31,Y,Y,Y,FSINVW6LMH,BlackRock,US Fund Large Value,US Fund Large Value
2025-08-31,WOCLYT8W5,MOQGX,T ROWE PRICE,T ROWE PRICE Blend Fund INST,INST,Y,WBS,ADVISORY,ADVISORY,MASTERS,SEP,S,N,3175637.5,-3175637.5,-3175637.5,4,Y,Y,Y,FSINVVY2S9,T. Rowe Price,US Fund Large Blend,US Fund Large Blend
2026-02-28,8LPQW2VMC,MAJHX,T ROWE PRICE,T ROWE PRICE Estate Fund S,S,Y,WBS,ADVISORY,ADVISORY,PERSONALIZED UMA,NON-RETIREMENT,S,N,4280767.41,-4280767.41,-4280767.41,25,Y,Y,N,FSINVOVNZB,T. Rowe Price,US Fund Real Estate,US Fund Real Estate
2025-06-30,MO5BXXC02,CENDX,FRANKLIN TEMPLETON,FRANKLIN TEMPLETON Value Fund INST,INST,Y,WBS,ADVISORY,ADVISORY,BROKERAGE,IRA,S,Y,4411399.1,-4411399.1,-4411399.1,31,Y,Y,N,FSINV8HE3N,Franklin Templeton,US Fund Large Value,US Fund Large Value
2026-01-31,4V30T9NT3,QWPSX,INVESCO,INVESCO Growth Fund C,C,Y,WFAS,BROKERAGE,BROKERAGE,FC/QC,IRA,P,N,1672940.25,1672940.25,1672940.25,16,Y,N,Y,FSCAP5YC33,Invesco,US Fund Small Growth,US Fund Small Growth
2026-03-31,DK0GET8T6,VGVMX,BLACKROCK,BLACKROCK Bond Fund INST,INST,Y,WBS,BROKERAGE,BROKERAGE,FUNDSOURCE,NON-RETIREMENT,P,N,3529586.52,3529586.52,3529586.52,31,Y,Y,Y,FSC6963457,BlackRock,US Fund High Yield Bond,US Fund High Yield Bond
2025-08-31,8VMUHXID4,JTOUX,FRANKLIN TEMPLETON,FRANKLIN TEMPLETON Bond Fund INST,INST,Y,PCG,BROKERAGE,BROKERAGE,CUSTOMCHOICE,SIM,S,Y,4438376.26,-4438376.26,-4438376.26,31,Y,Y,Y,FSINVCNRVP,Franklin Templeton,US Fund Intermediate Core Bond,US Fund Intermediate Core Bond
2025-01-31,QT3WVEDN9,OJDPX,BLACKROCK,BLACKROCK Blend Fund A,A,Y,PCG,ADVISORY,ADVISORY,PIM,QP,S,N,2260883.75,-2260883.75,-2260883.75,3,Y,N,Y,FSINV1KDAD,BlackRock,US Fund Foreign Large Blend,US Fund Foreign Large Blend
2025-05-31,RPN6QFGSX,QXUMX,LORD ABBETT,LORD ABBETT Estate Fund A,A,Y,WFAS,BROKERAGE,BROKERAGE,PERSONALIZED UMA,SIM,S,N,846215.23,-846215.23,-846215.23,21,Y,Y,N,FSINVN2N0F,Lord Abbett,US Fund Real Estate,US Fund Real Estate
2025-10-31,3NX39RBSV,WWLNX,CAPITAL GROUP,CAPITAL GROUP Growth Fund A,A,Y,FINET,ADVISORY,ADVISORY,FC/QC,IRA,P,N,4142264.9,4142264.9,4142264.9,26,Y,Y,Y,FSINV8R1QP,capital group,US Fund Small Growth,US Fund Small Growth
2025-03-31,RPN6QFGSX,QXUMX,LORD ABBETT,LORD ABBETT Estate Fund A,A,Y,FCCS,ADVISORY,ADVISORY,BROKERAGE,SIM,S,N,3812801.74,-3812801.74,-3812801.74,38,Y,N,Y,FSINVN2N0F,Lord Abbett,US Fund Real Estate,US Fund Real Estate
2025-02-28,QT3WVEDN9,OJDPX,BLACKROCK,BLACKROCK Blend Fund A,A,Y,PCG,ADVISORY,ADVISORY,CUSTOMCHOICE,SIM,S,N,2833468.43,-2833468.43,-2833468.43,50,Y,N,Y,FSINV1KDAD,BlackRock,US Fund Foreign Large Blend,US Fund Foreign Large Blend
2025-12-31,6Q3XLRFCD,XISNX,VANGUARD,VANGUARD Allocation Fund INV,INV,Y,FINET,BROKERAGE,BROKERAGE,CUSTOMCHOICE,SIM,S,N,30875.98,-30875.98,-30875.98,11,Y,N,Y,FSUSAMIGJS,Vanguard,US Fund Tactical Allocation,US Fund Tactical Allocation
2026-03-31,8J5ECRUYF,VYCGX,INVESCO,INVESCO Bond Fund INST,INST,Y,FCCS,ADVISORY,ADVISORY,BROKERAGE,IRA,P,N,3855528.04,3855528.04,3855528.04,50,Y,N,Y,FSINV30AHC,Invesco,US Fund High Yield Bond,US Fund High Yield Bond
2025-10-31,S0R2SDS8B,UWNLX,AMERICAN FUNDS,AMERICAN FUNDS Bond Fund INST,INST,Y,PCG,ADVISORY,ADVISORY,MASTERS,QP,P,N,3084842.67,3084842.67,3084842.67,18,Y,N,Y,FSC0723107,capital group,US Fund High Yield Bond,US Fund High Yield Bond
2025-11-30,BSWRPBJEK,WMAQX,JPMORGAN,JPMORGAN Growth Fund INV,INV,Y,FINET,BROKERAGE,BROKERAGE,ASSET ADVISOR,SIM,S,N,4058709.45,-4058709.45,-4058709.45,8,Y,Y,N,FSINVVT0VG,JPMorgan,US Fund Large Growth,US Fund Large Growth
2025-11-30,LFEWVZNVK,NLUCX,DWS FUNDS,DWS FUNDS Blend Fund INV,INV,Y,PCG,BROKERAGE,BROKERAGE,BROKERAGE,IRA,P,N,3204645.07,3204645.07,3204645.07,17,Y,Y,Y,FSINVF3PFW,DWS,US Fund Large Blend,US Fund Large Blend
2026-03-31,O4KH2VLPY,NUYTX,PIMCO,PIMCO Blend Fund A,A,Y,WBS,ADVISORY,ADVISORY,BROKERAGE,IRA,S,N,2555255.57,-2555255.57,-2555255.57,39,N,Y,Y,FSINVNDQ6K,PIMCO,US Fund Small Blend,US Fund Small Blend
2026-03-31,8LPQW2VMC,MAJHX,T ROWE PRICE,T ROWE PRICE Estate Fund S,S,Y,FINET,ADVISORY,ADVISORY,ASSET ADVISOR,SIM,P,N,155923.59,155923.59,155923.59,10,Y,Y,Y,FSINVOVNZB,T. Rowe Price,US Fund Real Estate,US Fund Real Estate
2025-11-30,R7KO64T02,XMHMX,FRANKLIN TEMPLETON,FRANKLIN TEMPLETON Blend Fund C,C,Y,WFAS,ADVISORY,ADVISORY,BROKERAGE,IRA,S,N,1480264.18,-1480264.18,-1480264.18,34,Y,Y,Y,FSC8379085,Franklin Templeton,US Fund Mid-Cap Blend,US Fund Mid-Cap Blend
2025-03-31,E2ATN2TWD,IZSNX,FRANKLIN TEMPLETON,FRANKLIN TEMPLETON Bond Fund INST,INST,Y,WBS,ADVISORY,ADVISORY,FC/QC,QP,S,N,2334899.92,-2334899.92,-2334899.92,47,Y,N,N,FSC7967512,Franklin Templeton,US Fund Short-Term Bond,US Fund Short-Term Bond
2026-01-31,WJCKJLTEI,SSBKX,FIRST EAGLE,FIRST EAGLE Blend Fund C,C,Y,PCG,ADVISORY,ADVISORY,BROKERAGE,NON-RETIREMENT,P,Y,1959869.67,1959869.67,1959869.67,30,Y,N,Y,FSC7422675,First Eagle,US Fund Small Blend,US Fund Small Blend
2025-04-30,WYJXRPJ1E,LHRMX,INVESCO,INVESCO Bond Fund A,A,Y,WFAS,ADVISORY,ADVISORY,FC/QC,NON-RETIREMENT,S,N,4411874.61,-4411874.61,-4411874.61,22,N,Y,N,FSCAPRK315,Invesco,US Fund Intermediate Core Bond,US Fund Intermediate Core Bond
2025-02-28,VBDIVUZZP,LHWTX,VANGUARD,VANGUARD Growth Fund A,A,Y,FINET,BROKERAGE,BROKERAGE,MASTERS,NON-RETIREMENT,P,N,3679055.61,3679055.61,3679055.61,24,Y,Y,Y,FSCAP853QJ,Vanguard,US Fund Large Growth,US Fund Large Growth
2025-04-30,FB9W1Q5UZ,JKDRX,VANGUARD,VANGUARD Growth Fund A,A,Y,WBS,BROKERAGE,BROKERAGE,FC/QC,IRA,P,N,1243595.76,1243595.76,1243595.76,25,Y,Y,Y,FSCAP3Y8BT,Vanguard,US Fund Large Growth,US Fund Large Growth
2025-04-30,3KKV9RFTM,OOLIX,FRANKLIN TEMPLETON,FRANKLIN TEMPLETON Growth Fund INST,INST,Y,PCG,BROKERAGE,BROKERAGE,PIM,NON-RETIREMENT,P,N,665221.59,665221.59,665221.59,28,Y,N,Y,FSUSA9SEXI,Franklin Templeton,US Fund Small Growth,US Fund Small Growth
2026-01-31,1M8XFDJGF,TBYQX,PIMCO,PIMCO Growth Fund A,A,Y,WFAS,BROKERAGE,BROKERAGE,MASTERS,QP,P,N,4708181.27,4708181.27,4708181.27,8,Y,N,Y,FSCAPS2MJ6,PIMCO,US Fund Small Growth,US Fund Small Growth
2025-04-30,EDFQS3D63,XYKKX,INVESCO,INVESCO Allocation Fund A,A,Y,FCCS,ADVISORY,ADVISORY,CUSTOMCHOICE,NON-RETIREMENT,P,N,1382587.94,1382587.94,1382587.94,25,Y,Y,Y,FSC8043975,Invesco,US Fund Tactical Allocation,US Fund Tactical Allocation
2025-07-31,7BH25LLO3,MAQHX,DWS FUNDS,DWS FUNDS Bond Fund C,C,Y,WFAS,ADVISORY,ADVISORY,CUSTOMCHOICE,NON-RETIREMENT,P,N,368913.93,368913.93,368913.93,17,Y,Y,Y,FSC8694117,DWS,US Fund Intermediate Core Bond,US Fund Intermediate Core Bond
2025-10-31,17MGFXC08,CNJLX,NUVEEN,NUVEEN Blend Fund INV,INV,Y,WBS,ADVISORY,ADVISORY,FC/QC,NON-RETIREMENT,S,N,55892.63,-55892.63,-55892.63,23,Y,N,N,FSUSALNO19,Nuveen,US Fund Small Blend,US Fund Small Blend
2025-11-30,QJIDKNWI5,EIPIX,JPMORGAN,JPMORGAN Allocation Fund INST,INST,Y,FINET,BROKERAGE,BROKERAGE,FUNDSOURCE,NON-RETIREMENT,S,N,2940144.53,-2940144.53,-2940144.53,36,Y,N,Y,FSCAPZ4DKB,JPMorgan,US Fund Tactical Allocation,US Fund Tactical Allocation
2025-08-31,WC4RTWUZK,AJOEX,MFS,MFS Bond Fund C,C,Y,WBS,BROKERAGE,BROKERAGE,MASTERS,IRA,S,N,2254973.57,-2254973.57,-2254973.57,34,Y,Y,N,FSUSAR848N,MFS,US Fund Multisector Bond,US Fund Multisector Bond
2026-03-31,WX7PTX63C,EHTOX,DWS FUNDS,DWS FUNDS Allocation Fund A,A,N,FINET,BROKERAGE,BROKERAGE,ASSET ADVISOR,NON-RETIREMENT,S,N,1235473.21,-1235473.21,-1235473.21,26,Y,Y,Y,FSCAPPGOXS,DWS,US Fund Moderate Allocation,US Fund Moderate Allocation
2025-01-31,3NX39RBSV,WWLNX,CAPITAL GROUP,CAPITAL GROUP Growth Fund A,A,Y,WFAS,ADVISORY,ADVISORY,ASSET ADVISOR,SEP,S,N,3291292.71,-3291292.71,-3291292.71,43,Y,Y,Y,FSINV8R1QP,capital group,US Fund Small Growth,US Fund Small Growth
2025-02-28,E2ATN2TWD,IZSNX,FRANKLIN TEMPLETON,FRANKLIN TEMPLETON Bond Fund INST,INST,Y,WBS,BROKERAGE,BROKERAGE,CUSTOMCHOICE,QP,P,N,591484.76,591484.76,591484.76,3,Y,Y,Y,FSC7967512,Franklin Templeton,US Fund Short-Term Bond,US Fund Short-Term Bond
2025-05-31,LFEWVZNVK,NLUCX,DWS FUNDS,DWS FUNDS Blend Fund INV,INV,N,FCCS,ADVISORY,ADVISORY,PIM,QP,P,N,3929628.59,3929628.59,3929628.59,42,Y,Y,Y,FSINVF3PFW,DWS,US Fund Large Blend,US Fund Large Blend
2025-01-31,V1V93KMKZ,DBBHX,PIMCO,PIMCO Allocation Fund A,A,N,WFAS,BROKERAGE,BROKERAGE,MASTERS,QP,P,N,2422654.08,2422654.08,2422654.08,26,Y,N,N,FSC3796172,PIMCO,US Fund Moderate Allocation,US Fund Moderate Allocation
2026-03-31,B5M9J98CW,JURYX,AMERICAN FUNDS,AMERICAN FUNDS Growth Fund A,A,Y,WBS,BROKERAGE,BROKERAGE,CUSTOMCHOICE,IRA,S,N,4082363.72,-4082363.72,-4082363.72,43,Y,Y,Y,FSCAPBLFOC,capital group,US Fund Large Growth,US Fund Large Growth
2025-07-31,QT3WVEDN9,OJDPX,BLACKROCK,BLACKROCK Blend Fund A,A,Y,WBS,ADVISORY,ADVISORY,MASTERS,IRA,P,N,4682268.26,4682268.26,4682268.26,20,Y,Y,Y,FSINV1KDAD,BlackRock,US Fund Foreign Large Blend,US Fund Foreign Large Blend
2025-02-28,2DHYLURTP,TISHX,CAPITAL GROUP,CAPITAL GROUP Growth Fund A,A,Y,PCG,BROKERAGE,BROKERAGE,BROKERAGE,SIM,S,N,2411068.27,-2411068.27,-2411068.27,13,Y,Y,N,FSINVHRONH,capital group,US Fund Large Growth,US Fund Large Growth
2025-01-31,YYO4UDOJE,JTGJX,BLACKROCK,BLACKROCK Bond Fund INST,INST,Y,FCCS,BROKERAGE,BROKERAGE,CUSTOMCHOICE,SEP,P,N,431261.89,431261.89,431261.89,48,Y,Y,Y,FSCAPSG2R8,BlackRock,US Fund Short-Term Bond,US Fund Short-Term Bond
2025-09-30,U6N7HV3IZ,HRUUX,JPMORGAN,JPMORGAN Value Fund S,S,Y,PCG,ADVISORY,ADVISORY,MASTERS,SEP,P,Y,1050231.01,1050231.01,1050231.01,29,Y,Y,Y,FSUSAS5BKX,JPMorgan,US Fund Large Value,US Fund Large Value
2025-07-31,EDFQS3D63,XYKKX,INVESCO,INVESCO Allocation Fund A,A,N,WFAS,BROKERAGE,BROKERAGE,PIM,IRA,P,N,3749087.16,3749087.16,3749087.16,1,Y,Y,Y,FSC8043975,Invesco,US Fund Tactical Allocation,US Fund Tactical Allocation
2025-02-28,8HMBR5XQT,WLWSX,BLACKROCK,BLACKROCK Value Fund C,C,Y,WFAS,BROKERAGE,BROKERAGE,PIM,IRA,S,N,3149559.75,-3149559.75,-3149559.75,16,N,Y,Y,FSINVHB0YI,BlackRock,US Fund Large Value,US Fund Large Value
2025-02-28,YYO4UDOJE,JTGJX,BLACKROCK,BLACKROCK Bond Fund INST,INST,Y,WFAS,ADVISORY,ADVISORY,PIM,QP,P,N,1917941.55,1917941.55,1917941.55,23,Y,Y,Y,FSCAPSG2R8,BlackRock,US Fund Short-Term Bond,US Fund Short-Term Bond
2025-06-30,ZW9XA3KX7,DDCOX,CAPITAL GROUP,CAPITAL GROUP Blend Fund A,A,Y,PCG,BROKERAGE,BROKERAGE,PIM,NON-RETIREMENT,S,N,2259732.7,-2259732.7,-2259732.7,8,Y,Y,Y,FSCAPVVD5U,capital group,US Fund Small Blend,US Fund Small Blend
2025-01-31,UXLEZ896D,RNAIX,INVESCO,INVESCO Bond Fund A,A,Y,PCG,BROKERAGE,BROKERAGE,MASTERS,SEP,P,N,57033.92,57033.92,57033.92,8,Y,N,N,FSC9366170,Invesco,US Fund Intermediate Core Bond,US Fund Intermediate Core Bond
2025-10-31,C8D1WJCIT,EKRMX,FRANKLIN TEMPLETON,FRANKLIN TEMPLETON Estate Fund C,C,Y,WBS,ADVISORY,ADVISORY,FUNDSOURCE,QP,S,Y,3559360.43,-3559360.43,-3559360.43,50,Y,N,Y,FSC7392545,Franklin Templeton,US Fund Real Estate,US Fund Real Estate
2025-09-30,8J5ECRUYF,VYCGX,INVESCO,INVESCO Bond Fund INST,INST,Y,PCG,BROKERAGE,BROKERAGE,BROKERAGE,SIM,P,N,4103928.25,4103928.25,4103928.25,1,Y,Y,Y,FSINV30AHC,Invesco,US Fund High Yield Bond,US Fund High Yield Bond
2025-02-28,DK0GET8T6,VGVMX,BLACKROCK,BLACKROCK Bond Fund INST,INST,Y,PCG,BROKERAGE,BROKERAGE,FUNDSOURCE,NON-RETIREMENT,S,N,1910991.6,-1910991.6,-1910991.6,27,Y,Y,Y,FSC6963457,BlackRock,US Fund High Yield Bond,US Fund High Yield Bond
2025-05-31,N1YBWMLUN,GWZPX,INVESCO,INVESCO Blend Fund A,A,Y,WFAS,BROKERAGE,BROKERAGE,FC/QC,SIM,P,N,103814.78,103814.78,103814.78,47,N,Y,N,FSINVZILDX,Invesco,US Fund Large Blend,US Fund Large Blend
2025-10-31,JSG65KXVF,TOUNX,FIRST EAGLE,FIRST EAGLE Blend Fund INST,INST,Y,FINET,ADVISORY,ADVISORY,MASTERS,NON-RETIREMENT,P,N,4895250.2,4895250.2,4895250.2,13,Y,N,N,FSCAP4FGYV,First Eagle,US Fund Small Blend,US Fund Small Blend
2025-02-28,S0R2SDS8B,UWNLX,AMERICAN FUNDS,AMERICAN FUNDS Bond Fund INST,INST,Y,PCG,ADVISORY,ADVISORY,FC/QC,NON-RETIREMENT,P,N,2685800.75,2685800.75,2685800.75,8,Y,Y,Y,FSC0723107,capital group,US Fund High Yield Bond,US Fund High Yield Bond
2026-01-31,6Q3XLRFCD,XISNX,VANGUARD,VANGUARD Allocation Fund INV,INV,Y,FINET,ADVISORY,ADVISORY,PERSONALIZED UMA,IRA,S,Y,4938948.68,-4938948.68,-4938948.68,18,Y,Y,Y,FSUSAMIGJS,Vanguard,US Fund Tactical Allocation,US Fund Tactical Allocation
2026-02-28,CATVAZCCB,INHMX,CAPITAL GROUP,CAPITAL GROUP Blend Fund INST,INST,Y,WFAS,BROKERAGE,BROKERAGE,ASSET ADVISOR,SIM,P,N,4458616.6,4458616.6,4458616.6,19,Y,Y,Y,FSC7363842,capital group,US Fund Small Blend,US Fund Small Blend
2025-12-31,DK0GET8T6,VGVMX,BLACKROCK,BLACKROCK Bond Fund INST,INST,Y,PCG,ADVISORY,ADVISORY,FC/QC,NON-RETIREMENT,P,N,1361860.43,1361860.43,1361860.43,12,Y,N,Y,FSC6963457,BlackRock,US Fund High Yield Bond,US Fund High Yield Bond
2025-06-30,VBDIVUZZP,LHWTX,VANGUARD,VANGUARD Growth Fund A,A,Y,WBS,ADVISORY,ADVISORY,BROKERAGE,NON-RETIREMENT,P,N,68540.36,68540.36,68540.36,36,Y,Y,N,FSCAP853QJ,Vanguard,US Fund Large Growth,US Fund Large Growth
2025-07-31,OQW9JA2M0,QUTIX,VANGUARD,VANGUARD Growth Fund C,C,Y,PCG,ADVISORY,ADVISORY,FUNDSOURCE,SIM,P,Y,4640667.72,4640667.72,4640667.72,24,Y,N,N,FSCAP2IIZJ,Vanguard,US Fund Large Growth,US Fund Large Growth
2025-11-30,HZIOYKL1C,LZZBX,FIRST EAGLE,FIRST EAGLE Bond Fund A,A,Y,PCG,ADVISORY,ADVISORY,FUNDSOURCE,QP,S,Y,1330276.45,-1330276.45,-1330276.45,8,N,Y,Y,FSUSAMFLIX,First Eagle,US Fund Multisector Bond,US Fund Multisector Bond
2025-03-31,JH75LXO6Q,GGOGX,MFS,MFS Blend Fund A,A,Y,PCG,ADVISORY,ADVISORY,PERSONALIZED UMA,SEP,P,N,117015.75,117015.75,117015.75,45,Y,Y,Y,FSCAPUR81B,MFS,US Fund Small Blend,US Fund Small Blend
2025-07-31,6VXDP5GJL,LIWHX,FIDELITY,FIDELITY Bond Fund INST,INST,N,WFAS,ADVISORY,ADVISORY,PERSONALIZED UMA,SEP,P,N,3116593.28,3116593.28,3116593.28,32,Y,Y,Y,FSINVQUXZJ,Fidelity,US Fund Intermediate Core Bond,US Fund Intermediate Core Bond
2025-11-30,DMLY4LYK8,VOLIX,BLACKROCK,BLACKROCK Value Fund C,C,N,FCCS,BROKERAGE,BROKERAGE,MASTERS,SEP,P,N,685742.47,685742.47,685742.47,15,Y,Y,Y,FSINVW6LMH,BlackRock,US Fund Large Value,US Fund Large Value
2025-02-28,6RE4Q6QDY,VIJBX,T ROWE PRICE,T ROWE PRICE Blend Fund A,A,Y,PCG,ADVISORY,ADVISORY,MASTERS,SEP,S,N,2976417.2,-2976417.2,-2976417.2,26,Y,Y,Y,FSUSA99GZA,T. Rowe Price,US Fund Small Blend,US Fund Small Blend
2025-03-31,3TV3I12VJ,ZZOUX,AMERICAN FUNDS,AMERICAN FUNDS Bond Fund A,A,Y,PCG,BROKERAGE,BROKERAGE,FUNDSOURCE,SIM,P,Y,3082846.79,3082846.79,3082846.79,27,Y,Y,Y,FSUSA1CZS7,capital group,US Fund High Yield Bond,US Fund High Yield Bond
2025-01-31,8LPQW2VMC,MAJHX,T ROWE PRICE,T ROWE PRICE Estate Fund S,S,Y,FCCS,ADVISORY,ADVISORY,BROKERAGE,NON-RETIREMENT,P,N,4318531.87,4318531.87,4318531.87,5,Y,Y,Y,FSINVOVNZB,T. Rowe Price,US Fund Real Estate,US Fund Real Estate
2025-11-30,U6N7HV3IZ,HRUUX,JPMORGAN,JPMORGAN Value Fund S,S,Y,PCG,BROKERAGE,BROKERAGE,PERSONALIZED UMA,IRA,P,N,2206374.78,2206374.78,2206374.78,4,Y,Y,Y,FSUSAS5BKX,JPMorgan,US Fund Large Value,US Fund Large Value
2025-03-31,T7E8G8JDP,SIPNX,CAPITAL GROUP,CAPITAL GROUP Blend Fund A,A,Y,WBS,ADVISORY,ADVISORY,MASTERS,IRA,P,N,375729.04,375729.04,375729.04,17,Y,Y,Y,FSUSAYANEZ,capital group,US Fund Foreign Large Blend,US Fund Foreign Large Blend
2025-12-31,Y6B2KNFTU,UECWX,VANGUARD,VANGUARD Bond Fund INV,INV,Y,WBS,ADVISORY,ADVISORY,ASSET ADVISOR,QP,S,N,4589545.55,-4589545.55,-4589545.55,35,Y,N,N,FSUSAF3MVF,Vanguard,US Fund Short-Term Bond,US Fund Short-Term Bond
2025-10-31,8VMUHXID4,JTOUX,FRANKLIN TEMPLETON,FRANKLIN TEMPLETON Bond Fund INST,INST,Y,PCG,ADVISORY,ADVISORY,PIM,QP,P,N,1650823.57,1650823.57,1650823.57,41,Y,Y,Y,FSINVCNRVP,Franklin Templeton,US Fund Intermediate Core Bond,US Fund Intermediate Core Bond
2025-06-30,VBDIVUZZP,LHWTX,VANGUARD,VANGUARD Growth Fund A,A,Y,FINET,ADVISORY,ADVISORY,PERSONALIZED UMA,SIM,S,N,246355.55,-246355.55,-246355.55,6,Y,Y,Y,FSCAP853QJ,Vanguard,US Fund Large Growth,US Fund Large Growth
2025-10-31,ZW9XA3KX7,DDCOX,CAPITAL GROUP,CAPITAL GROUP Blend Fund A,A,Y,PCG,ADVISORY,ADVISORY,CUSTOMCHOICE,QP,P,N,128154.41,128154.41,128154.41,14,Y,Y,Y,FSCAPVVD5U,capital group,US Fund Small Blend,US Fund Small Blend
2025-05-31,8VMUHXID4,JTOUX,FRANKLIN TEMPLETON,FRANKLIN TEMPLETON Bond Fund INST,INST,N,PCG,ADVISORY,ADVISORY,CUSTOMCHOICE,SIM,P,N,930623.47,930623.47,930623.47,30,Y,N,Y,FSINVCNRVP,Franklin Templeton,US Fund Intermediate Core Bond,US Fund Intermediate Core Bond
2025-03-31,BPLJD84U8,ZRHBX,PIMCO,PIMCO Blend Fund A,A,Y,PCG,BROKERAGE,BROKERAGE,PIM,NON-RETIREMENT,P,N,4592271.7,4592271.7,4592271.7,16,Y,Y,Y,FSCAPPXIH2,PIMCO,US Fund Mid-Cap Blend,US Fund Mid-Cap Blend
2025-02-28,VBDIVUZZP,LHWTX,VANGUARD,VANGUARD Growth Fund A,A,N,PCG,ADVISORY,ADVISORY,CUSTOMCHOICE,NON-RETIREMENT,P,N,944899.9,944899.9,944899.9,32,Y,Y,Y,FSCAP853QJ,Vanguard,US Fund Large Growth,US Fund Large Growth
2025-01-31,8HMBR5XQT,WLWSX,BLACKROCK,BLACKROCK Value Fund C,C,Y,PCG,BROKERAGE,BROKERAGE,MASTERS,SEP,S,N,2416615.4,-2416615.4,-2416615.4,25,Y,N,Y,FSINVHB0YI,BlackRock,US Fund Large Value,US Fund Large Value
2025-12-31,E2ATN2TWD,IZSNX,FRANKLIN TEMPLETON,FRANKLIN TEMPLETON Bond Fund INST,INST,N,PCG,ADVISORY,ADVISORY,FC/QC,SEP,S,N,347665.51,-347665.51,-347665.51,14,Y,Y,Y,FSC7967512,Franklin Templeton,US Fund Short-Term Bond,US Fund Short-Term Bond
2026-03-31,FB9W1Q5UZ,JKDRX,VANGUARD,VANGUARD Growth Fund A,A,Y,PCG,ADVISORY,ADVISORY,BROKERAGE,SIM,P,N,2247276.88,2247276.88,2247276.88,20,Y,Y,N,FSCAP3Y8BT,Vanguard,US Fund Large Growth,US Fund Large Growth
2025-04-30,VBDIVUZZP,LHWTX,VANGUARD,VANGUARD Growth Fund A,A,Y,FINET,ADVISORY,ADVISORY,CUSTOMCHOICE,QP,P,N,262273.56,262273.56,262273.56,20,Y,Y,Y,FSCAP853QJ,Vanguard,US Fund Large Growth,US Fund Large Growth
2025-11-30,4FFYVNVQJ,OYRCX,LORD ABBETT,LORD ABBETT Blend Fund INST,INST,Y,WBS,ADVISORY,ADVISORY,BROKERAGE,SIM,P,N,3540443.17,3540443.17,3540443.17,49,Y,Y,Y,FSINVDZ4HR,Lord Abbett,US Fund Foreign Large Blend,US Fund Foreign Large Blend
2025-06-30,0YNCXLL4Z,HIKKX,FIDELITY,FIDELITY Bond Fund A,A,Y,PCG,BROKERAGE,BROKERAGE,BROKERAGE,NON-RETIREMENT,P,N,12600.58,12600.58,12600.58,13,Y,Y,Y,FSUSAP0XJP,Fidelity,US Fund Multisector Bond,US Fund Multisector Bond
2026-03-31,8VMUHXID4,JTOUX,FRANKLIN TEMPLETON,FRANKLIN TEMPLETON Bond Fund INST,INST,Y,WBS,ADVISORY,ADVISORY,MASTERS,SEP,S,N,1312229.57,-1312229.57,-1312229.57,42,Y,Y,N,FSINVCNRVP,Franklin Templeton,US Fund Intermediate Core Bond,US Fund Intermediate Core Bond
2025-12-31,WK8R2YKCC,LMFPX,DWS FUNDS,DWS FUNDS Bond Fund INST,INST,Y,FINET,BROKERAGE,BROKERAGE,ASSET ADVISOR,SEP,S,N,3397115.98,-3397115.98,-3397115.98,46,Y,Y,Y,FSCAPNRENH,DWS,US Fund High Yield Bond,US Fund High Yield Bond
2026-02-28,Y6B2KNFTU,UECWX,VANGUARD,VANGUARD Bond Fund INV,INV,Y,PCG,BROKERAGE,BROKERAGE,FC/QC,SIM,P,N,4333943.66,4333943.66,4333943.66,9,Y,Y,Y,FSUSAF3MVF,Vanguard,US Fund Short-Term Bond,US Fund Short-Term Bond
2025-02-28,S0R2SDS8B,UWNLX,AMERICAN FUNDS,AMERICAN FUNDS Bond Fund INST,INST,Y,WFAS,BROKERAGE,BROKERAGE,ASSET ADVISOR,IRA,P,N,785163.9,785163.9,785163.9,19,Y,Y,Y,FSC0723107,capital group,US Fund High Yield Bond,US Fund High Yield Bond
2025-12-31,VBDIVUZZP,LHWTX,VANGUARD,VANGUARD Growth Fund A,A,N,FCCS,BROKERAGE,BROKERAGE,CUSTOMCHOICE,NON-RETIREMENT,P,N,3425437.46,3425437.46,3425437.46,38,N,N,Y,FSCAP853QJ,Vanguard,US Fund Large Growth,US Fund Large Growth
2025-05-31,EDFQS3D63,XYKKX,INVESCO,INVESCO Allocation Fund A,A,Y,FINET,ADVISORY,ADVISORY,PERSONALIZED UMA,IRA,P,N,4447573.8,4447573.8,4447573.8,50,Y,Y,N,FSC8043975,Invesco,US Fund Tactical Allocation,US Fund Tactical Allocation
2025-08-31,RPN6QFGSX,QXUMX,LORD ABBETT,LORD ABBETT Estate Fund A,A,Y,WBS,ADVISORY,ADVISORY,MASTERS,IRA,P,N,2730408.07,2730408.07,2730408.07,4,Y,Y,Y,FSINVN2N0F,Lord Abbett,US Fund Real Estate,US Fund Real Estate
2025-10-31,WX7PTX63C,EHTOX,DWS FUNDS,DWS FUNDS Allocation Fund A,A,Y,WBS,BROKERAGE,BROKERAGE,MASTERS,SIM,S,N,2004369.85,-2004369.85,-2004369.85,44,Y,Y,Y,FSCAPPGOXS,DWS,US Fund Moderate Allocation,US Fund Moderate Allocation
2025-10-31,DMLY4LYK8,VOLIX,BLACKROCK,BLACKROCK Value Fund C,C,Y,FCCS,ADVISORY,ADVISORY,PERSONALIZED UMA,NON-RETIREMENT,S,N,1934409.45,-1934409.45,-1934409.45,8,Y,Y,Y,FSINVW6LMH,BlackRock,US Fund Large Value,US Fund Large Value
2025-07-31,O4KH2VLPY,NUYTX,PIMCO,PIMCO Blend Fund A,A,Y,PCG,ADVISORY,ADVISORY,PIM,SIM,P,Y,2004180.02,2004180.02,2004180.02,27,N,Y,Y,FSINVNDQ6K,PIMCO,US Fund Small Blend,US Fund Small Blend
2025-07-31,OQW9JA2M0,QUTIX,VANGUARD,VANGUARD Growth Fund C,C,Y,PCG,ADVISORY,ADVISORY,CUSTOMCHOICE,SEP,P,N,3758163.59,3758163.59,3758163.59,18,Y,Y,Y,FSCAP2IIZJ,Vanguard,US Fund Large Growth,US Fund Large Growth
2025-09-30,DK0GET8T6,VGVMX,BLACKROCK,BLACKROCK Bond Fund INST,INST,Y,FINET,ADVISORY,ADVISORY,PIM,IRA,S,N,2074917.05,-2074917.05,-2074917.05,23,Y,Y,Y,FSC6963457,BlackRock,US Fund High Yield Bond,US Fund High Yield Bond
2026-02-28,WX7PTX63C,EHTOX,DWS FUNDS,DWS FUNDS Allocation Fund A,A,Y,FCCS,BROKERAGE,BROKERAGE,BROKERAGE,NON-RETIREMENT,P,N,344021.11,344021.11,344021.11,13,Y,Y,Y,FSCAPPGOXS,DWS,US Fund Moderate Allocation,US Fund Moderate Allocation
2025-01-31,1KERPETIU,RJKTX,VANGUARD,VANGUARD Bond Fund A,A,Y,PCG,ADVISORY,ADVISORY,ASSET ADVISOR,SIM,P,N,1167289.32,1167289.32,1167289.32,16,Y,Y,Y,FSINVZ17YR,Vanguard,US Fund Short-Term Bond,US Fund Short-Term Bond
2025-03-31,DMLY4LYK8,VOLIX,BLACKROCK,BLACKROCK Value Fund C,C,Y,WFAS,ADVISORY,ADVISORY,PIM,IRA,S,N,2563716.36,-2563716.36,-2563716.36,48,Y,Y,Y,FSINVW6LMH,BlackRock,US Fund Large Value,US Fund Large Value
2025-12-31,BSWRPBJEK,WMAQX,JPMORGAN,JPMORGAN Growth Fund INV,INV,Y,WBS,ADVISORY,ADVISORY,ASSET ADVISOR,QP,P,N,1345939.54,1345939.54,1345939.54,32,Y,N,N,FSINVVT0VG,JPMorgan,US Fund Large Growth,US Fund Large Growth
2025-03-31,QTL3Q4N89,MHJNX,MFS,MFS Blend Fund A,A,Y,PCG,ADVISORY,ADVISORY,FC/QC,QP,S,N,1683508.48,-1683508.48,-1683508.48,1,Y,N,Y,FSCAPO8FAQ,MFS,US Fund Mid-Cap Blend,US Fund Mid-Cap Blend
2026-01-31,QZXEBB9EI,NKJYX,VANGUARD,VANGUARD Bond Fund A,A,Y,FCCS,BROKERAGE,BROKERAGE,BROKERAGE,QP,S,N,3759084.46,-3759084.46,-3759084.46,41,Y,Y,Y,FSC4693666,Vanguard,US Fund Intermediate Core Bond,US Fund Intermediate Core Bond
2026-03-31,4FMYZYCWT,GMHYX,DWS FUNDS,DWS FUNDS Bond Fund A,A,Y,FINET,ADVISORY,ADVISORY,FC/QC,IRA,P,N,4142020.94,4142020.94,4142020.94,40,Y,Y,N,FSCAPZUVDG,DWS,US Fund High Yield Bond,US Fund High Yield Bond
2026-01-31,JSG65KXVF,TOUNX,FIRST EAGLE,FIRST EAGLE Blend Fund INST,INST,Y,WFAS,BROKERAGE,BROKERAGE,PIM,QP,P,N,450571.36,450571.36,450571.36,2,Y,N,Y,FSCAP4FGYV,First Eagle,US Fund Small Blend,US Fund Small Blend
2025-02-28,V1V93KMKZ,DBBHX,PIMCO,PIMCO Allocation Fund A,A,Y,WBS,ADVISORY,ADVISORY,PIM,QP,P,N,2200372.5,2200372.5,2200372.5,8,Y,Y,N,FSC3796172,PIMCO,US Fund Moderate Allocation,US Fund Moderate Allocation
2026-03-31,DMLY4LYK8,VOLIX,BLACKROCK,BLACKROCK Value Fund C,C,Y,WFAS,ADVISORY,ADVISORY,CUSTOMCHOICE,QP,S,N,3608311.8,-3608311.8,-3608311.8,42,Y,Y,Y,FSINVW6LMH,BlackRock,US Fund Large Value,US Fund Large Value
2025-02-28,BSWRPBJEK,WMAQX,JPMORGAN,JPMORGAN Growth Fund INV,INV,Y,FCCS,ADVISORY,ADVISORY,FC/QC,IRA,P,N,796287.94,796287.94,796287.94,24,Y,Y,Y,FSINVVT0VG,JPMorgan,US Fund Large Growth,US Fund Large Growth
2025-03-31,BSWRPBJEK,WMAQX,JPMORGAN,JPMORGAN Growth Fund INV,INV,Y,PCG,ADVISORY,ADVISORY,PERSONALIZED UMA,NON-RETIREMENT,P,N,4193298.9,4193298.9,4193298.9,25,Y,N,Y,FSINVVT0VG,JPMorgan,US Fund Large Growth,US Fund Large Growth
2025-06-30,HZIOYKL1C,LZZBX,FIRST EAGLE,FIRST EAGLE Bond Fund A,A,Y,PCG,BROKERAGE,BROKERAGE,CUSTOMCHOICE,SEP,P,N,4059912.2,4059912.2,4059912.2,25,Y,N,Y,FSUSAMFLIX,First Eagle,US Fund Multisector Bond,US Fund Multisector Bond
2025-10-31,WYJXRPJ1E,LHRMX,INVESCO,INVESCO Bond Fund A,A,Y,PCG,BROKERAGE,BROKERAGE,PERSONALIZED UMA,NON-RETIREMENT,P,N,4179959.8,4179959.8,4179959.8,31,Y,Y,N,FSCAPRK315,Invesco,US Fund Intermediate Core Bond,US Fund Intermediate Core Bond
2025-03-31,JH75LXO6Q,GGOGX,MFS,MFS Blend Fund A,A,Y,PCG,ADVISORY,ADVISORY,FC/QC,SEP,S,N,1140380.95,-1140380.95,-1140380.95,46,Y,Y,Y,FSCAPUR81B,MFS,US Fund Small Blend,US Fund Small Blend
2025-05-31,UVY8N1UTO,QGCTX,INVESCO,INVESCO Allocation Fund S,S,Y,PCG,BROKERAGE,BROKERAGE,PERSONALIZED UMA,SIM,S,N,4922161.45,-4922161.45,-4922161.45,21,Y,Y,N,FSINV12SDD,Invesco,US Fund Tactical Allocation,US Fund Tactical Allocation
2025-09-30,B5M9J98CW,JURYX,AMERICAN FUNDS,AMERICAN FUNDS Growth Fund A,A,Y,WBS,ADVISORY,ADVISORY,PIM,QP,S,N,199437.83,-199437.83,-199437.83,32,Y,Y,Y,FSCAPBLFOC,capital group,US Fund Large Growth,US Fund Large Growth
2025-10-31,WC4RTWUZK,AJOEX,MFS,MFS Bond Fund C,C,Y,PCG,BROKERAGE,BROKERAGE,MASTERS,QP,S,N,3136123.98,-3136123.98,-3136123.98,27,Y,Y,Y,FSUSAR848N,MFS,US Fund Multisector Bond,US Fund Multisector Bond
2025-11-30,4FMYZYCWT,GMHYX,DWS FUNDS,DWS FUNDS Bond Fund A,A,Y,PCG,ADVISORY,ADVISORY,ASSET ADVISOR,QP,P,N,396828.16,396828.16,396828.16,22,Y,Y,N,FSCAPZUVDG,DWS,US Fund High Yield Bond,US Fund High Yield Bond
2025-03-31,ZW9XA3KX7,DDCOX,CAPITAL GROUP,CAPITAL GROUP Blend Fund A,A,Y,WFAS,BROKERAGE,BROKERAGE,ASSET ADVISOR,QP,S,N,3235379.95,-3235379.95,-3235379.95,2,Y,Y,N,FSCAPVVD5U,capital group,US Fund Small Blend,US Fund Small Blend
2025-12-31,LFEWVZNVK,NLUCX,DWS FUNDS,DWS FUNDS Blend Fund INV,INV,Y,WBS,ADVISORY,ADVISORY,CUSTOMCHOICE,NON-RETIREMENT,S,Y,4828637.34,-4828637.34,-4828637.34,10,Y,Y,Y,FSINVF3PFW,DWS,US Fund Large Blend,US Fund Large Blend
2025-04-30,V1V93KMKZ,DBBHX,PIMCO,PIMCO Allocation Fund A,A,Y,FINET,BROKERAGE,BROKERAGE,PERSONALIZED UMA,IRA,P,N,3532347.29,3532347.29,3532347.29,21,Y,Y,Y,FSC3796172,PIMCO,US Fund Moderate Allocation,US Fund Moderate Allocation
2025-07-31,QT3WVEDN9,OJDPX,BLACKROCK,BLACKROCK Blend Fund A,A,Y,PCG,BROKERAGE,BROKERAGE,PIM,SIM,S,N,3914811.5,-3914811.5,-3914811.5,32,Y,N,Y,FSINV1KDAD,BlackRock,US Fund Foreign Large Blend,US Fund Foreign Large Blend
2025-02-28,QVNB4GH2M,WSHAX,NUVEEN,NUVEEN Growth Fund S,S,Y,PCG,BROKERAGE,BROKERAGE,BROKERAGE,SEP,P,Y,1701647.92,1701647.92,1701647.92,6,Y,Y,Y,FSCAPUT3V8,Nuveen,US Fund Small Growth,US Fund Small Growth
2025-09-30,2DHYLURTP,TISHX,CAPITAL GROUP,CAPITAL GROUP Growth Fund A,A,N,FCCS,ADVISORY,ADVISORY,FUNDSOURCE,IRA,P,N,4110928.93,4110928.93,4110928.93,20,Y,N,N,FSINVHRONH,capital group,US Fund Large Growth,US Fund Large Growth
2026-01-31,4DPJA1WJ0,OLABX,PIMCO,PIMCO Bond Fund S,S,N,PCG,ADVISORY,ADVISORY,FC/QC,QP,P,N,1134495.23,1134495.23,1134495.23,8,Y,N,N,FSCAP7M9HW,PIMCO,US Fund Short-Term Bond,US Fund Short-Term Bond
2025-10-31,8MGYN2JCP,LZEHX,NUVEEN,NUVEEN Estate Fund A,A,Y,WBS,BROKERAGE,BROKERAGE,PERSONALIZED UMA,QP,P,N,187853.7,187853.7,187853.7,10,Y,N,N,FSCAP9SFEF,Nuveen,US Fund Real Estate,US Fund Real Estate
2025-06-30,DMLY4LYK8,VOLIX,BLACKROCK,BLACKROCK Value Fund C,C,Y,WFAS,ADVISORY,ADVISORY,BROKERAGE,NON-RETIREMENT,P,N,1459966.67,1459966.67,1459966.67,28,Y,Y,Y,FSINVW6LMH,BlackRock,US Fund Large Value,US Fund Large Value
2025-02-28,4FMYZYCWT,GMHYX,DWS FUNDS,DWS FUNDS Bond Fund A,A,Y,WFAS,ADVISORY,ADVISORY,FUNDSOURCE,IRA,P,N,4688189.82,4688189.82,4688189.82,32,Y,N,Y,FSCAPZUVDG,DWS,US Fund High Yield Bond,US Fund High Yield Bond
2025-11-30,O4KH2VLPY,NUYTX,PIMCO,PIMCO Blend Fund A,A,Y,FINET,ADVISORY,ADVISORY,BROKERAGE,NON-RETIREMENT,P,N,522750.7,522750.7,522750.7,6,Y,Y,Y,FSINVNDQ6K,PIMCO,US Fund Small Blend,US Fund Small Blend
2025-11-30,3NX39RBSV,WWLNX,CAPITAL GROUP,CAPITAL GROUP Growth Fund A,A,Y,PCG,ADVISORY,ADVISORY,PIM,IRA,P,N,4108316.75,4108316.75,4108316.75,41,Y,Y,Y,FSINV8R1QP,capital group,US Fund Small Growth,US Fund Small Growth
2025-01-31,LFEWVZNVK,NLUCX,DWS FUNDS,DWS FUNDS Blend Fund INV,INV,Y,WFAS,BROKERAGE,BROKERAGE,MASTERS,SIM,S,N,4551954.9,-4551954.9,-4551954.9,8,Y,Y,Y,FSINVF3PFW,DWS,US Fund Large Blend,US Fund Large Blend
2025-11-30,QE3RZSJ49,GOJXX,BLACKROCK,BLACKROCK Allocation Fund INST,INST,Y,FCCS,BROKERAGE,BROKERAGE,ASSET ADVISOR,SIM,P,N,3135744.23,3135744.23,3135744.23,1,Y,N,N,FSCAPJJ3ZW,BlackRock,US Fund Moderate Allocation,US Fund Moderate Allocation
2025-09-30,4874FRHOC,JZGUX,INVESCO,INVESCO Bond Fund C,C,Y,FCCS,BROKERAGE,BROKERAGE,ASSET ADVISOR,NON-RETIREMENT,S,N,2022745.21,-2022745.21,-2022745.21,20,Y,Y,Y,FSUSAFVJ1Z,Invesco,US Fund Short-Term Bond,US Fund Short-Term Bond
2025-12-31,CATVAZCCB,INHMX,CAPITAL GROUP,CAPITAL GROUP Blend Fund INST,INST,Y,WBS,ADVISORY,ADVISORY,BROKERAGE,NON-RETIREMENT,P,N,4086583.51,4086583.51,4086583.51,47,Y,Y,Y,FSC7363842,capital group,US Fund Small Blend,US Fund Small Blend
2025-04-30,8J5ECRUYF,VYCGX,INVESCO,INVESCO Bond Fund INST,INST,Y,FINET,BROKERAGE,BROKERAGE,BROKERAGE,QP,S,N,143844.66,-143844.66,-143844.66,38,Y,N,Y,FSINV30AHC,Invesco,US Fund High Yield Bond,US Fund High Yield Bond
2025-07-31,C8BBI4WIR,CYMGX,NUVEEN,NUVEEN Blend Fund A,A,Y,WBS,ADVISORY,ADVISORY,FC/QC,IRA,P,N,2298668.63,2298668.63,2298668.63,21,Y,N,Y,FSUSAGQ1Y8,Nuveen,US Fund Foreign Large Blend,US Fund Foreign Large Blend
2025-03-31,4FFYVNVQJ,OYRCX,LORD ABBETT,LORD ABBETT Blend Fund INST,INST,Y,PCG,BROKERAGE,BROKERAGE,BROKERAGE,IRA,S,Y,4191515.54,-4191515.54,-4191515.54,14,Y,N,Y,FSINVDZ4HR,Lord Abbett,US Fund Foreign Large Blend,US Fund Foreign Large Blend
2025-08-31,WYJXRPJ1E,LHRMX,INVESCO,INVESCO Bond Fund A,A,Y,FINET,BROKERAGE,BROKERAGE,PIM,NON-RETIREMENT,P,Y,3701976.79,3701976.79,3701976.79,18,Y,Y,Y,FSCAPRK315,Invesco,US Fund Intermediate Core Bond,US Fund Intermediate Core Bond
2025-03-31,QT3WVEDN9,OJDPX,BLACKROCK,BLACKROCK Blend Fund A,A,Y,WFAS,ADVISORY,ADVISORY,PIM,SIM,P,N,3884431.9,3884431.9,3884431.9,9,Y,Y,Y,FSINV1KDAD,BlackRock,US Fund Foreign Large Blend,US Fund Foreign Large Blend
2025-07-31,UVY8N1UTO,QGCTX,INVESCO,INVESCO Allocation Fund S,S,Y,WBS,ADVISORY,ADVISORY,PIM,SIM,P,N,3758163.71,3758163.71,3758163.71,41,Y,Y,Y,FSINV12SDD,Invesco,US Fund Tactical Allocation,US Fund Tactical Allocation
2025-08-31,6VXDP5GJL,LIWHX,FIDELITY,FIDELITY Bond Fund INST,INST,Y,PCG,BROKERAGE,BROKERAGE,BROKERAGE,IRA,S,N,1878457.67,-1878457.67,-1878457.67,36,Y,N,Y,FSINVQUXZJ,Fidelity,US Fund Intermediate Core Bond,US Fund Intermediate Core Bond
2025-06-30,2960361I2,FEGTX,JPMORGAN,JPMORGAN Bond Fund A,A,Y,FCCS,BROKERAGE,BROKERAGE,MASTERS,SEP,P,N,3610170.94,3610170.94,3610170.94,26,Y,Y,N,FSCAP0TE0V,JPMorgan,US Fund Multisector Bond,US Fund Multisector Bond
2025-10-31,V1V93KMKZ,DBBHX,PIMCO,PIMCO Allocation Fund A,A,Y,PCG,ADVISORY,ADVISORY,PIM,SEP,P,N,2344375.52,2344375.52,2344375.52,48,Y,Y,Y,FSC3796172,PIMCO,US Fund Moderate Allocation,US Fund Moderate Allocation
2026-02-28,KTSG7FXZV,VOVAX,CAPITAL GROUP,CAPITAL GROUP Bond Fund INST,INST,Y,WBS,BROKERAGE,BROKERAGE,PERSONALIZED UMA,QP,P,Y,1788311.76,1788311.76,1788311.76,14,Y,N,Y,FSCAPU9MJ4,capital group,US Fund Intermediate Core Bond,US Fund Intermediate Core Bond
2025-10-31,4V30T9NT3,QWPSX,INVESCO,INVESCO Growth Fund C,C,Y,PCG,ADVISORY,ADVISORY,FUNDSOURCE,IRA,P,N,1219679.16,1219679.16,1219679.16,24,Y,Y,Y,FSCAP5YC33,Invesco,US Fund Small Growth,US Fund Small Growth
2025-08-31,8MGYN2JCP,LZEHX,NUVEEN,NUVEEN Estate Fund A,A,Y,PCG,ADVISORY,ADVISORY,ASSET ADVISOR,SEP,S,N,429327.63,-429327.63,-429327.63,31,Y,Y,Y,FSCAP9SFEF,Nuveen,US Fund Real Estate,US Fund Real Estate
2025-08-31,4V30T9NT3,QWPSX,INVESCO,INVESCO Growth Fund C,C,Y,FINET,ADVISORY,ADVISORY,PIM,SIM,S,N,388542.4,-388542.4,-388542.4,22,Y,N,Y,FSCAP5YC33,Invesco,US Fund Small Growth,US Fund Small Growth
2025-11-30,UVY8N1UTO,QGCTX,INVESCO,INVESCO Allocation Fund S,S,N,PCG,ADVISORY,ADVISORY,ASSET ADVISOR,SEP,S,N,714368.12,-714368.12,-714368.12,12,Y,Y,Y,FSINV12SDD,Invesco,US Fund Tactical Allocation,US Fund Tactical Allocation
2025-03-31,IUC039TEX,YENPX,DWS FUNDS,DWS FUNDS Bond Fund A,A,Y,FCCS,BROKERAGE,BROKERAGE,PIM,IRA,P,N,925504.92,925504.92,925504.92,9,Y,N,Y,FSUSA4DZT8,DWS,US Fund Multisector Bond,US Fund Multisector Bond
2025-01-31,FB9W1Q5UZ,JKDRX,VANGUARD,VANGUARD Growth Fund A,A,Y,PCG,ADVISORY,ADVISORY,CUSTOMCHOICE,IRA,P,Y,2402257.88,2402257.88,2402257.88,26,Y,Y,N,FSCAP3Y8BT,Vanguard,US Fund Large Growth,US Fund Large Growth
2025-03-31,OQW9JA2M0,QUTIX,VANGUARD,VANGUARD Growth Fund C,C,Y,PCG,ADVISORY,ADVISORY,CUSTOMCHOICE,NON-RETIREMENT,P,N,4264476.36,4264476.36,4264476.36,4,Y,Y,Y,FSCAP2IIZJ,Vanguard,US Fund Large Growth,US Fund Large Growth
2026-01-31,QT3WVEDN9,OJDPX,BLACKROCK,BLACKROCK Blend Fund A,A,Y,PCG,ADVISORY,ADVISORY,FUNDSOURCE,QP,P,N,378090.49,378090.49,378090.49,15,Y,Y,Y,FSINV1KDAD,BlackRock,US Fund Foreign Large Blend,US Fund Foreign Large Blend
2026-01-31,6246HID25,KQEYX,FIRST EAGLE,FIRST EAGLE Growth Fund INST,INST,Y,WFAS,ADVISORY,ADVISORY,MASTERS,SEP,P,N,1216663.26,1216663.26,1216663.26,20,Y,Y,Y,FSUSAUK54B,First Eagle,US Fund Small Growth,US Fund Small Growth
2025-10-31,3NX39RBSV,WWLNX,CAPITAL GROUP,CAPITAL GROUP Growth Fund A,A,Y,WBS,ADVISORY,ADVISORY,FUNDSOURCE,SEP,P,N,3965359.87,3965359.87,3965359.87,4,Y,Y,Y,FSINV8R1QP,capital group,US Fund Small Growth,US Fund Small Growth
2026-01-31,EAL2W37D4,GPNKX,FIDELITY,FIDELITY Blend Fund C,C,Y,PCG,BROKERAGE,BROKERAGE,PIM,NON-RETIREMENT,P,N,3350269.77,3350269.77,3350269.77,15,Y,N,Y,FSUSAVKKPF,Fidelity,US Fund Large Blend,US Fund Large Blend
2025-07-31,R7KO64T02,XMHMX,FRANKLIN TEMPLETON,FRANKLIN TEMPLETON Blend Fund C,C,N,PCG,ADVISORY,ADVISORY,PERSONALIZED UMA,SIM,S,N,2021718.81,-2021718.81,-2021718.81,24,Y,N,Y,FSC8379085,Franklin Templeton,US Fund Mid-Cap Blend,US Fund Mid-Cap Blend
2026-03-31,SLWF90KM3,NSHVX,FIDELITY,FIDELITY Blend Fund A,A,Y,PCG,BROKERAGE,BROKERAGE,FUNDSOURCE,SIM,P,N,1501081.45,1501081.45,1501081.45,45,Y,Y,Y,FSUSA4BHGL,Fidelity,US Fund Small Blend,US Fund Small Blend
2026-03-31,DMLY4LYK8,VOLIX,BLACKROCK,BLACKROCK Value Fund C,C,Y,PCG,ADVISORY,ADVISORY,FC/QC,NON-RETIREMENT,S,N,2171794.04,-2171794.04,-2171794.04,50,Y,N,Y,FSINVW6LMH,BlackRock,US Fund Large Value,US Fund Large Value
2025-05-31,FB9W1Q5UZ,JKDRX,VANGUARD,VANGUARD Growth Fund A,A,Y,FCCS,ADVISORY,ADVISORY,CUSTOMCHOICE,SEP,P,N,4553960.49,4553960.49,4553960.49,31,Y,Y,N,FSCAP3Y8BT,Vanguard,US Fund Large Growth,US Fund Large Growth
2025-04-30,WYJXRPJ1E,LHRMX,INVESCO,INVESCO Bond Fund A,A,Y,FCCS,ADVISORY,ADVISORY,MASTERS,SIM,S,N,2735487.9,-2735487.9,-2735487.9,33,Y,Y,Y,FSCAPRK315,Invesco,US Fund Intermediate Core Bond,US Fund Intermediate Core Bond
2026-01-31,17MGFXC08,CNJLX,NUVEEN,NUVEEN Blend Fund INV,INV,Y,WBS,ADVISORY,ADVISORY,FUNDSOURCE,QP,P,Y,3653779.95,3653779.95,3653779.95,49,Y,Y,Y,FSUSALNO19,Nuveen,US Fund Small Blend,US Fund Small Blend
2026-02-28,QZXEBB9EI,NKJYX,VANGUARD,VANGUARD Bond Fund A,A,Y,WFAS,ADVISORY,ADVISORY,FUNDSOURCE,SIM,P,Y,4731729.54,4731729.54,4731729.54,16,Y,N,Y,FSC4693666,Vanguard,US Fund Intermediate Core Bond,US Fund Intermediate Core Bond
2025-01-31,S0R2SDS8B,UWNLX,AMERICAN FUNDS,AMERICAN FUNDS Bond Fund INST,INST,N,PCG,ADVISORY,ADVISORY,FC/QC,SIM,P,N,830647.83,830647.83,830647.83,46,Y,N,Y,FSC0723107,capital group,US Fund High Yield Bond,US Fund High Yield Bond
2025-10-31,BSWRPBJEK,WMAQX,JPMORGAN,JPMORGAN Growth Fund INV,INV,Y,WFAS,ADVISORY,ADVISORY,MASTERS,SIM,P,Y,659508.65,659508.65,659508.65,21,Y,N,Y,FSINVVT0VG,JPMorgan,US Fund Large Growth,US Fund Large Growth
2025-07-31,WJCKJLTEI,SSBKX,FIRST EAGLE,FIRST EAGLE Blend Fund C,C,Y,WFAS,ADVISORY,ADVISORY,ASSET ADVISOR,SIM,S,N,1483040.45,-1483040.45,-1483040.45,38,Y,Y,N,FSC7422675,First Eagle,US Fund Small Blend,US Fund Small Blend
2025-04-30,4V30T9NT3,QWPSX,INVESCO,INVESCO Growth Fund C,C,Y,FCCS,BROKERAGE,BROKERAGE,ASSET ADVISOR,NON-RETIREMENT,P,N,2863500.86,2863500.86,2863500.86,45,Y,N,Y,FSCAP5YC33,Invesco,US Fund Small Growth,US Fund Small Growth
2025-10-31,HZIOYKL1C,LZZBX,FIRST EAGLE,FIRST EAGLE Bond Fund A,A,Y,WBS,BROKERAGE,BROKERAGE,FUNDSOURCE,SEP,P,Y,4947877.62,4947877.62,4947877.62,8,Y,N,Y,FSUSAMFLIX,First Eagle,US Fund Multisector Bond,US Fund Multisector Bond
2026-01-31,YYO4UDOJE,JTGJX,BLACKROCK,BLACKROCK Bond Fund INST,INST,Y,WBS,BROKERAGE,BROKERAGE,MASTERS,QP,S,N,138185.7,-138185.7,-138185.7,49,Y,Y,Y,FSCAPSG2R8,BlackRock,US Fund Short-Term Bond,US Fund Short-Term Bond
2025-04-30,DMLY4LYK8,VOLIX,BLACKROCK,BLACKROCK Value Fund C,C,Y,PCG,BROKERAGE,BROKERAGE,MASTERS,QP,P,N,3329584.82,3329584.82,3329584.82,19,Y,Y,Y,FSINVW6LMH,BlackRock,US Fund Large Value,US Fund Large Value
2025-02-28,BPLJD84U8,ZRHBX,PIMCO,PIMCO Blend Fund A,A,N,PCG,ADVISORY,ADVISORY,ASSET ADVISOR,SEP,S,N,4775089.54,-4775089.54,-4775089.54,6,Y,Y,Y,FSCAPPXIH2,PIMCO,US Fund Mid-Cap Blend,US Fund Mid-Cap Blend
2025-11-30,WK8R2YKCC,LMFPX,DWS FUNDS,DWS FUNDS Bond Fund INST,INST,Y,WFAS,ADVISORY,ADVISORY,CUSTOMCHOICE,IRA,S,Y,3858409.48,-3858409.48,-3858409.48,36,Y,Y,Y,FSCAPNRENH,DWS,US Fund High Yield Bond,US Fund High Yield Bond
2025-07-31,3J2D54I3Q,HUFAX,NUVEEN,NUVEEN Value Fund INV,INV,Y,FINET,ADVISORY,ADVISORY,BROKERAGE,NON-RETIREMENT,S,N,4996259.36,-4996259.36,-4996259.36,8,N,N,Y,FSC8073988,Nuveen,US Fund Large Value,US Fund Large Value
2025-05-31,2960361I2,FEGTX,JPMORGAN,JPMORGAN Bond Fund A,A,Y,PCG,ADVISORY,ADVISORY,FC/QC,IRA,P,N,4440831.78,4440831.78,4440831.78,37,N,Y,N,FSCAP0TE0V,JPMorgan,US Fund Multisector Bond,US Fund Multisector Bond
2025-02-28,WK8R2YKCC,LMFPX,DWS FUNDS,DWS FUNDS Bond Fund INST,INST,Y,WBS,ADVISORY,ADVISORY,ASSET ADVISOR,SIM,P,Y,2717954.17,2717954.17,2717954.17,9,Y,Y,Y,FSCAPNRENH,DWS,US Fund High Yield Bond,US Fund High Yield Bond
2025-03-31,4FMYZYCWT,GMHYX,DWS FUNDS,DWS FUNDS Bond Fund A,A,Y,FCCS,ADVISORY,ADVISORY,ASSET ADVISOR,SEP,P,N,2319920.27,2319920.27,2319920.27,9,Y,Y,Y,FSCAPZUVDG,DWS,US Fund High Yield Bond,US Fund High Yield Bond
2025-03-31,Y6B2KNFTU,UECWX,VANGUARD,VANGUARD Bond Fund INV,INV,Y,PCG,BROKERAGE,BROKERAGE,FC/QC,SIM,S,Y,4669466.17,-4669466.17,-4669466.17,24,Y,Y,Y,FSUSAF3MVF,Vanguard,US Fund Short-Term Bond,US Fund Short-Term Bond
2025-02-28,8HMBR5XQT,WLWSX,BLACKROCK,BLACKROCK Value Fund C,C,Y,WBS,BROKERAGE,BROKERAGE,ASSET ADVISOR,SIM,P,Y,3943195.79,3943195.79,3943195.79,37,N,Y,Y,FSINVHB0YI,BlackRock,US Fund Large Value,US Fund Large Value
2025-06-30,3J2D54I3Q,HUFAX,NUVEEN,NUVEEN Value Fund INV,INV,Y,PCG,ADVISORY,ADVISORY,PIM,IRA,P,N,239901.7,239901.7,239901.7,43,Y,Y,Y,FSC8073988,Nuveen,US Fund Large Value,US Fund Large Value
2025-09-30,17MGFXC08,CNJLX,NUVEEN,NUVEEN Blend Fund INV,INV,Y,WFAS,ADVISORY,ADVISORY,PERSONALIZED UMA,SEP,P,N,1722297.73,1722297.73,1722297.73,1,Y,Y,Y,FSUSALNO19,Nuveen,US Fund Small Blend,US Fund Small Blend
2026-03-31,MO5BXXC02,CENDX,FRANKLIN TEMPLETON,FRANKLIN TEMPLETON Value Fund INST,INST,Y,WBS,BROKERAGE,BROKERAGE,PIM,SIM,S,N,2918955.55,-2918955.55,-2918955.55,19,Y,N,Y,FSINV8HE3N,Franklin Templeton,US Fund Large Value,US Fund Large Value
2025-01-31,CATVAZCCB,INHMX,CAPITAL GROUP,CAPITAL GROUP Blend Fund INST,INST,Y,WBS,BROKERAGE,BROKERAGE,PIM,SIM,P,N,2954439.95,2954439.95,2954439.95,24,Y,Y,Y,FSC7363842,capital group,US Fund Small Blend,US Fund Small Blend
2025-08-31,6VXDP5GJL,LIWHX,FIDELITY,FIDELITY Bond Fund INST,INST,Y,WFAS,ADVISORY,ADVISORY,PIM,SIM,S,N,432566.9,-432566.9,-432566.9,17,Y,Y,Y,FSINVQUXZJ,Fidelity,US Fund Intermediate Core Bond,US Fund Intermediate Core Bond
2025-02-28,JSG65KXVF,TOUNX,FIRST EAGLE,FIRST EAGLE Blend Fund INST,INST,Y,PCG,ADVISORY,ADVISORY,FC/QC,QP,P,N,4994675.18,4994675.18,4994675.18,27,Y,Y,Y,FSCAP4FGYV,First Eagle,US Fund Small Blend,US Fund Small Blend
2025-08-31,WC4RTWUZK,AJOEX,MFS,MFS Bond Fund C,C,Y,FCCS,BROKERAGE,BROKERAGE,FC/QC,SIM,S,Y,513485.8,-513485.8,-513485.8,4,Y,N,N,FSUSAR848N,MFS,US Fund Multisector Bond,US Fund Multisector Bond
2025-08-31,ZW9XA3KX7,DDCOX,CAPITAL GROUP,CAPITAL GROUP Blend Fund A,A,Y,WBS,ADVISORY,ADVISORY,ASSET ADVISOR,IRA,P,N,704022.61,704022.61,704022.61,43,Y,Y,Y,FSCAPVVD5U,capital group,US Fund Small Blend,US Fund Small Blend
2025-03-31,6VXDP5GJL,LIWHX,FIDELITY,FIDELITY Bond Fund INST,INST,N,WFAS,ADVISORY,ADVISORY,FUNDSOURCE,SEP,P,N,1419900.55,1419900.55,1419900.55,38,Y,Y,Y,FSINVQUXZJ,Fidelity,US Fund Intermediate Core Bond,US Fund Intermediate Core Bond
2025-12-31,4FFYVNVQJ,OYRCX,LORD ABBETT,LORD ABBETT Blend Fund INST,INST,N,PCG,ADVISORY,ADVISORY,ASSET ADVISOR,IRA,S,N,1340248.94,-1340248.94,-1340248.94,23,Y,N,N,FSINVDZ4HR,Lord Abbett,US Fund Foreign Large Blend,US Fund Foreign Large Blend
2025-04-30,Y6B2KNFTU,UECWX,VANGUARD,VANGUARD Bond Fund INV,INV,Y,WFAS,ADVISORY,ADVISORY,CUSTOMCHOICE,IRA,P,N,3898953.53,3898953.53,3898953.53,28,Y,Y,N,FSUSAF3MVF,Vanguard,US Fund Short-Term Bond,US Fund Short-Term Bond
2025-08-31,HQIN9N6XC,HZYVX,MFS,MFS Blend Fund C,C,Y,PCG,ADVISORY,ADVISORY,BROKERAGE,IRA,P,N,205153.86,205153.86,205153.86,20,Y,Y,N,FSC8686926,MFS,US Fund Small Blend,US Fund Small Blend
2025-04-30,2960361I2,FEGTX,JPMORGAN,JPMORGAN Bond Fund A,A,Y,WFAS,ADVISORY,ADVISORY,ASSET ADVISOR,SEP,P,N,3066515.51,3066515.51,3066515.51,36,Y,Y,Y,FSCAP0TE0V,JPMorgan,US Fund Multisector Bond,US Fund Multisector Bond
2025-09-30,T7E8G8JDP,SIPNX,CAPITAL GROUP,CAPITAL GROUP Blend Fund A,A,Y,FINET,ADVISORY,ADVISORY,BROKERAGE,SIM,P,N,425469.75,425469.75,425469.75,23,Y,N,Y,FSUSAYANEZ,capital group,US Fund Foreign Large Blend,US Fund Foreign Large Blend
2025-11-30,JH75LXO6Q,GGOGX,MFS,MFS Blend Fund A,A,Y,PCG,ADVISORY,ADVISORY,FUNDSOURCE,QP,S,N,2323563.43,-2323563.43,-2323563.43,46,Y,N,N,FSCAPUR81B,MFS,US Fund Small Blend,US Fund Small Blend
2025-10-31,8VMUHXID4,JTOUX,FRANKLIN TEMPLETON,FRANKLIN TEMPLETON Bond Fund INST,INST,Y,PCG,ADVISORY,ADVISORY,PERSONALIZED UMA,SEP,P,N,1595023.01,1595023.01,1595023.01,20,Y,Y,Y,FSINVCNRVP,Franklin Templeton,US Fund Intermediate Core Bond,US Fund Intermediate Core Bond
2025-10-31,6VXDP5GJL,LIWHX,FIDELITY,FIDELITY Bond Fund INST,INST,Y,WBS,BROKERAGE,BROKERAGE,BROKERAGE,SEP,S,N,3813.16,-3813.16,-3813.16,10,Y,N,Y,FSINVQUXZJ,Fidelity,US Fund Intermediate Core Bond,US Fund Intermediate Core Bond
2025-02-28,S0R2SDS8B,UWNLX,AMERICAN FUNDS,AMERICAN FUNDS Bond Fund INST,INST,Y,WBS,ADVISORY,ADVISORY,MASTERS,SEP,S,N,1942842.25,-1942842.25,-1942842.25,3,Y,Y,Y,FSC0723107,capital group,US Fund High Yield Bond,US Fund High Yield Bond
2026-03-31,HZIOYKL1C,LZZBX,FIRST EAGLE,FIRST EAGLE Bond Fund A,A,Y,WBS,ADVISORY,ADVISORY,CUSTOMCHOICE,SEP,P,Y,3319578.8,3319578.8,3319578.8,2,Y,Y,Y,FSUSAMFLIX,First Eagle,US Fund Multisector Bond,US Fund Multisector Bond
2025-10-31,QT3WVEDN9,OJDPX,BLACKROCK,BLACKROCK Blend Fund A,A,Y,WBS,ADVISORY,ADVISORY,PERSONALIZED UMA,NON-RETIREMENT,P,N,3064541.66,3064541.66,3064541.66,1,Y,Y,Y,FSINV1KDAD,BlackRock,US Fund Foreign Large Blend,US Fund Foreign Large Blend
2026-03-31,O4KH2VLPY,NUYTX,PIMCO,PIMCO Blend Fund A,A,Y,PCG,BROKERAGE,BROKERAGE,PERSONALIZED UMA,NON-RETIREMENT,P,N,1063353.0,1063353.0,1063353.0,47,Y,Y,N,FSINVNDQ6K,PIMCO,US Fund Small Blend,US Fund Small Blend
2025-02-28,QJIDKNWI5,EIPIX,JPMORGAN,JPMORGAN Allocation Fund INST,INST,Y,WBS,BROKERAGE,BROKERAGE,BROKERAGE,SIM,P,N,1690513.83,1690513.83,1690513.83,32,Y,Y,Y,FSCAPZ4DKB,JPMorgan,US Fund Tactical Allocation,US Fund Tactical Allocation
2025-06-30,WJCKJLTEI,SSBKX,FIRST EAGLE,FIRST EAGLE Blend Fund C,C,Y,PCG,ADVISORY,ADVISORY,PIM,QP,P,N,1196189.59,1196189.59,1196189.59,12,Y,N,Y,FSC7422675,First Eagle,US Fund Small Blend,US Fund Small Blend
2026-03-31,8MGYN2JCP,LZEHX,NUVEEN,NUVEEN Estate Fund A,A,Y,FCCS,ADVISORY,ADVISORY,CUSTOMCHOICE,QP,S,N,2627041.0,-2627041.0,-2627041.0,12,Y,Y,Y,FSCAP9SFEF,Nuveen,US Fund Real Estate,US Fund Real Estate
2025-03-31,1M8XFDJGF,TBYQX,PIMCO,PIMCO Growth Fund A,A,Y,PCG,ADVISORY,ADVISORY,MASTERS,IRA,P,N,1477806.18,1477806.18,1477806.18,35,Y,Y,Y,FSCAPS2MJ6,PIMCO,US Fund Small Growth,US Fund Small Growth
2025-10-31,8J5ECRUYF,VYCGX,INVESCO,INVESCO Bond Fund INST,INST,Y,FCCS,ADVISORY,ADVISORY,BROKERAGE,SIM,P,N,2030897.97,2030897.97,2030897.97,9,Y,N,N,FSINV30AHC,Invesco,US Fund High Yield Bond,US Fund High Yield Bond
2026-02-28,3J2D54I3Q,HUFAX,NUVEEN,NUVEEN Value Fund INV,INV,Y,FCCS,ADVISORY,ADVISORY,PIM,IRA,P,Y,784878.79,784878.79,784878.79,3,Y,Y,Y,FSC8073988,Nuveen,US Fund Large Value,US Fund Large Value
2025-04-30,E3TV1ES53,NHEYX,BLACKROCK,BLACKROCK Blend Fund INST,INST,Y,WBS,ADVISORY,ADVISORY,BROKERAGE,IRA,S,N,1058626.3,-1058626.3,-1058626.3,2,Y,Y,Y,FSUSA4B2GI,BlackRock,US Fund Foreign Large Blend,US Fund Foreign Large Blend
2025-07-31,ZW9XA3KX7,DDCOX,CAPITAL GROUP,CAPITAL GROUP Blend Fund A,A,Y,PCG,BROKERAGE,BROKERAGE,PERSONALIZED UMA,IRA,P,N,4208510.9,4208510.9,4208510.9,24,Y,Y,Y,FSCAPVVD5U,capital group,US Fund Small Blend,US Fund Small Blend
2025-10-31,8LPQW2VMC,MAJHX,T ROWE PRICE,T ROWE PRICE Estate Fund S,S,Y,WFAS,ADVISORY,ADVISORY,PIM,NON-RETIREMENT,S,Y,4059571.39,-4059571.39,-4059571.39,15,Y,Y,Y,FSINVOVNZB,T. Rowe Price,US Fund Real Estate,US Fund Real Estate
2026-03-31,N1YBWMLUN,GWZPX,INVESCO,INVESCO Blend Fund A,A,Y,WBS,ADVISORY,ADVISORY,MASTERS,NON-RETIREMENT,S,N,3842013.51,-3842013.51,-3842013.51,48,Y,Y,Y,FSINVZILDX,Invesco,US Fund Large Blend,US Fund Large Blend
2025-11-30,U6N7HV3IZ,HRUUX,JPMORGAN,JPMORGAN Value Fund S,S,Y,FCCS,BROKERAGE,BROKERAGE,FC/QC,SIM,S,N,4562233.51,-4562233.51,-4562233.51,22,Y,Y,Y,FSUSAS5BKX,JPMorgan,US Fund Large Value,US Fund Large Value
2025-02-28,WYJXRPJ1E,LHRMX,INVESCO,INVESCO Bond Fund A,A,Y,FINET,ADVISORY,ADVISORY,PIM,SIM,P,N,3918875.68,3918875.68,3918875.68,27,Y,N,Y,FSCAPRK315,Invesco,US Fund Intermediate Core Bond,US Fund Intermediate Core Bond
2025-03-31,FB9W1Q5UZ,JKDRX,VANGUARD,VANGUARD Growth Fund A,A,Y,FINET,BROKERAGE,BROKERAGE,PERSONALIZED UMA,IRA,P,N,3376024.58,3376024.58,3376024.58,31,Y,Y,Y,FSCAP3Y8BT,Vanguard,US Fund Large Growth,US Fund Large Growth
2025-04-30,FB9W1Q5UZ,JKDRX,VANGUARD,VANGUARD Growth Fund A,A,Y,WFAS,ADVISORY,ADVISORY,FC/QC,QP,S,N,615959.39,-615959.39,-615959.39,42,Y,Y,N,FSCAP3Y8BT,Vanguard,US Fund Large Growth,US Fund Large Growth
2025-02-28,0CVS4F8CG,PRGDX,T ROWE PRICE,T ROWE PRICE Bond Fund C,C,Y,PCG,ADVISORY,ADVISORY,FUNDSOURCE,SIM,P,N,761533.43,761533.43,761533.43,50,Y,Y,Y,FSINV5AYKJ,T. Rowe Price,US Fund Short-Term Bond,US Fund Short-Term Bond
2026-02-28,FB9W1Q5UZ,JKDRX,VANGUARD,VANGUARD Growth Fund A,A,Y,PCG,ADVISORY,ADVISORY,FC/QC,SIM,P,N,3486608.45,3486608.45,3486608.45,9,N,N,Y,FSCAP3Y8BT,Vanguard,US Fund Large Growth,US Fund Large Growth
2025-02-28,BPLJD84U8,ZRHBX,PIMCO,PIMCO Blend Fund A,A,Y,PCG,ADVISORY,ADVISORY,ASSET ADVISOR,SEP,P,N,2768944.16,2768944.16,2768944.16,34,Y,Y,Y,FSCAPPXIH2,PIMCO,US Fund Mid-Cap Blend,US Fund Mid-Cap Blend
2026-02-28,JH75LXO6Q,GGOGX,MFS,MFS Blend Fund A,A,Y,PCG,ADVISORY,ADVISORY,PERSONALIZED UMA,NON-RETIREMENT,P,N,1765819.55,1765819.55,1765819.55,24,Y,Y,Y,FSCAPUR81B,MFS,US Fund Small Blend,US Fund Small Blend
2025-06-30,BSWRPBJEK,WMAQX,JPMORGAN,JPMORGAN Growth Fund INV,INV,Y,FCCS,ADVISORY,ADVISORY,PIM,SIM,S,N,1103426.51,-1103426.51,-1103426.51,49,Y,Y,Y,FSINVVT0VG,JPMorgan,US Fund Large Growth,US Fund Large Growth
2025-08-31,7BH25LLO3,MAQHX,DWS FUNDS,DWS FUNDS Bond Fund C,C,Y,WFAS,ADVISORY,ADVISORY,MASTERS,SEP,P,N,2943608.54,2943608.54,2943608.54,2,Y,Y,Y,FSC8694117,DWS,US Fund Intermediate Core Bond,US Fund Intermediate Core Bond
2025-10-31,17MGFXC08,CNJLX,NUVEEN,NUVEEN Blend Fund INV,INV,Y,PCG,ADVISORY,ADVISORY,ASSET ADVISOR,NON-RETIREMENT,P,N,2837629.38,2837629.38,2837629.38,4,Y,N,Y,FSUSALNO19,Nuveen,US Fund Small Blend,US Fund Small Blend
2025-12-31,WYJXRPJ1E,LHRMX,INVESCO,INVESCO Bond Fund A,A,Y,PCG,ADVISORY,ADVISORY,PERSONALIZED UMA,QP,P,N,2986586.59,2986586.59,2986586.59,17,Y,Y,Y,FSCAPRK315,Invesco,US Fund Intermediate Core Bond,US Fund Intermediate Core Bond
2025-10-31,T7E8G8JDP,SIPNX,CAPITAL GROUP,CAPITAL GROUP Blend Fund A,A,Y,PCG,ADVISORY,ADVISORY,CUSTOMCHOICE,NON-RETIREMENT,P,N,2185712.61,2185712.61,2185712.61,32,Y,N,Y,FSUSAYANEZ,capital group,US Fund Foreign Large Blend,US Fund Foreign Large Blend
2025-05-31,VBDIVUZZP,LHWTX,VANGUARD,VANGUARD Growth Fund A,A,Y,WFAS,ADVISORY,ADVISORY,PIM,IRA,S,N,4862342.48,-4862342.48,-4862342.48,19,Y,Y,Y,FSCAP853QJ,Vanguard,US Fund Large Growth,US Fund Large Growth
2025-11-30,V1V93KMKZ,DBBHX,PIMCO,PIMCO Allocation Fund A,A,Y,WFAS,ADVISORY,ADVISORY,CUSTOMCHOICE,NON-RETIREMENT,S,N,670204.87,-670204.87,-670204.87,42,Y,Y,Y,FSC3796172,PIMCO,US Fund Moderate Allocation,US Fund Moderate Allocation
2025-12-31,E2ATN2TWD,IZSNX,FRANKLIN TEMPLETON,FRANKLIN TEMPLETON Bond Fund INST,INST,Y,WBS,ADVISORY,ADVISORY,PERSONALIZED UMA,IRA,S,N,1583622.39,-1583622.39,-1583622.39,27,Y,Y,N,FSC7967512,Franklin Templeton,US Fund Short-Term Bond,US Fund Short-Term Bond
2025-07-31,OQW9JA2M0,QUTIX,VANGUARD,VANGUARD Growth Fund C,C,Y,WFAS,BROKERAGE,BROKERAGE,BROKERAGE,IRA,P,N,564562.29,564562.29,564562.29,47,Y,Y,N,FSCAP2IIZJ,Vanguard,US Fund Large Growth,US Fund Large Growth
2025-07-31,T7E8G8JDP,SIPNX,CAPITAL GROUP,CAPITAL GROUP Blend Fund A,A,Y,FCCS,ADVISORY,ADVISORY,FUNDSOURCE,SIM,S,N,3866287.53,-3866287.53,-3866287.53,44,Y,Y,Y,FSUSAYANEZ,capital group,US Fund Foreign Large Blend,US Fund Foreign Large Blend
2025-12-31,WJCKJLTEI,SSBKX,FIRST EAGLE,FIRST EAGLE Blend Fund C,C,Y,FINET,BROKERAGE,BROKERAGE,FC/QC,IRA,P,N,2027655.66,2027655.66,2027655.66,41,Y,Y,Y,FSC7422675,First Eagle,US Fund Small Blend,US Fund Small Blend
2026-03-31,EAL2W37D4,GPNKX,FIDELITY,FIDELITY Blend Fund C,C,Y,WBS,ADVISORY,ADVISORY,BROKERAGE,IRA,S,N,665837.4,-665837.4,-665837.4,10,Y,Y,N,FSUSAVKKPF,Fidelity,US Fund Large Blend,US Fund Large Blend
2026-03-31,E2ATN2TWD,IZSNX,FRANKLIN TEMPLETON,FRANKLIN TEMPLETON Bond Fund INST,INST,Y,PCG,BROKERAGE,BROKERAGE,ASSET ADVISOR,SEP,P,N,250067.51,250067.51,250067.51,8,Y,N,Y,FSC7967512,Franklin Templeton,US Fund Short-Term Bond,US Fund Short-Term Bond
2025-09-30,CATVAZCCB,INHMX,CAPITAL GROUP,CAPITAL GROUP Blend Fund INST,INST,Y,FINET,ADVISORY,ADVISORY,BROKERAGE,SEP,S,N,1084077.31,-1084077.31,-1084077.31,5,Y,Y,Y,FSC7363842,capital group,US Fund Small Blend,US Fund Small Blend
2025-07-31,YYO4UDOJE,JTGJX,BLACKROCK,BLACKROCK Bond Fund INST,INST,Y,PCG,ADVISORY,ADVISORY,ASSET ADVISOR,SEP,P,Y,2545101.45,2545101.45,2545101.45,14,Y,Y,Y,FSCAPSG2R8,BlackRock,US Fund Short-Term Bond,US Fund Short-Term Bond
2025-04-30,IUC039TEX,YENPX,DWS FUNDS,DWS FUNDS Bond Fund A,A,Y,FCCS,ADVISORY,ADVISORY,FC/QC,SEP,P,Y,3195988.95,3195988.95,3195988.95,32,Y,Y,Y,FSUSA4DZT8,DWS,US Fund Multisector Bond,US Fund Multisector Bond
2026-03-31,HZIOYKL1C,LZZBX,FIRST EAGLE,FIRST EAGLE Bond Fund A,A,Y,PCG,BROKERAGE,BROKERAGE,FUNDSOURCE,SIM,S,N,774261.3,-774261.3,-774261.3,28,Y,Y,N,FSUSAMFLIX,First Eagle,US Fund Multisector Bond,US Fund Multisector Bond
2026-01-31,1KERPETIU,RJKTX,VANGUARD,VANGUARD Bond Fund A,A,Y,WFAS,ADVISORY,ADVISORY,FC/QC,SIM,P,Y,2112264.47,2112264.47,2112264.47,48,Y,Y,Y,FSINVZ17YR,Vanguard,US Fund Short-Term Bond,US Fund Short-Term Bond
2025-02-28,17MGFXC08,CNJLX,NUVEEN,NUVEEN Blend Fund INV,INV,Y,FCCS,ADVISORY,ADVISORY,FUNDSOURCE,SEP,P,N,208901.28,208901.28,208901.28,23,Y,Y,Y,FSUSALNO19,Nuveen,US Fund Small Blend,US Fund Small Blend
2025-08-31,TC89K8YQK,ZWCJX,LORD ABBETT,LORD ABBETT Bond Fund A,A,Y,FCCS,BROKERAGE,BROKERAGE,CUSTOMCHOICE,SEP,S,N,2727388.94,-2727388.94,-2727388.94,26,Y,Y,N,FSC2646842,Lord Abbett,US Fund High Yield Bond,US Fund High Yield Bond
2025-06-30,ST0SX5WVF,ESQXX,CAPITAL GROUP,CAPITAL GROUP Bond Fund INST,INST,Y,FCCS,BROKERAGE,BROKERAGE,FC/QC,QP,P,N,333145.91,333145.91,333145.91,14,Y,N,Y,FSINV6Z5AS,capital group,US Fund Intermediate Core Bond,US Fund Intermediate Core Bond
2026-01-31,FB9W1Q5UZ,JKDRX,VANGUARD,VANGUARD Growth Fund A,A,Y,WBS,ADVISORY,ADVISORY,FC/QC,SIM,P,N,1022940.5,1022940.5,1022940.5,42,Y,Y,Y,FSCAP3Y8BT,Vanguard,US Fund Large Growth,US Fund Large Growth
2025-03-31,CATVAZCCB,INHMX,CAPITAL GROUP,CAPITAL GROUP Blend Fund INST,INST,Y,PCG,ADVISORY,ADVISORY,FUNDSOURCE,IRA,P,N,4374001.66,4374001.66,4374001.66,30,Y,N,Y,FSC7363842,capital group,US Fund Small Blend,US Fund Small Blend
2026-03-31,E2ATN2TWD,IZSNX,FRANKLIN TEMPLETON,FRANKLIN TEMPLETON Bond Fund INST,INST,Y,WFAS,BROKERAGE,BROKERAGE,FUNDSOURCE,QP,P,N,4430062.43,4430062.43,4430062.43,11,N,N,Y,FSC7967512,Franklin Templeton,US Fund Short-Term Bond,US Fund Short-Term Bond
2025-02-28,6246HID25,KQEYX,FIRST EAGLE,FIRST EAGLE Growth Fund INST,INST,Y,FINET,ADVISORY,ADVISORY,FC/QC,NON-RETIREMENT,S,Y,2506562.78,-2506562.78,-2506562.78,39,Y,Y,Y,FSUSAUK54B,First Eagle,US Fund Small Growth,US Fund Small Growth
2025-01-31,4874FRHOC,JZGUX,INVESCO,INVESCO Bond Fund C,C,Y,FINET,ADVISORY,ADVISORY,PERSONALIZED UMA,NON-RETIREMENT,S,N,3581781.77,-3581781.77,-3581781.77,4,Y,Y,N,FSUSAFVJ1Z,Invesco,US Fund Short-Term Bond,US Fund Short-Term Bond
2025-08-31,8LPQW2VMC,MAJHX,T ROWE PRICE,T ROWE PRICE Estate Fund S,S,Y,WBS,BROKERAGE,BROKERAGE,ASSET ADVISOR,QP,P,N,3095408.3,3095408.3,3095408.3,31,Y,Y,Y,FSINVOVNZB,T. Rowe Price,US Fund Real Estate,US Fund Real Estate
2026-01-31,YYO4UDOJE,JTGJX,BLACKROCK,BLACKROCK Bond Fund INST,INST,Y,FINET,ADVISORY,ADVISORY,FC/QC,QP,P,N,3848441.35,3848441.35,3848441.35,13,Y,Y,Y,FSCAPSG2R8,BlackRock,US Fund Short-Term Bond,US Fund Short-Term Bond
2025-03-31,HQIN9N6XC,HZYVX,MFS,MFS Blend Fund C,C,Y,FINET,ADVISORY,ADVISORY,PIM,NON-RETIREMENT,P,N,4120688.27,4120688.27,4120688.27,40,Y,Y,Y,FSC8686926,MFS,US Fund Small Blend,US Fund Small Blend
2025-10-31,HZIOYKL1C,LZZBX,FIRST EAGLE,FIRST EAGLE Bond Fund A,A,Y,WBS,BROKERAGE,BROKERAGE,PIM,SEP,P,N,1292234.44,1292234.44,1292234.44,16,Y,N,Y,FSUSAMFLIX,First Eagle,US Fund Multisector Bond,US Fund Multisector Bond
2025-02-28,WK8R2YKCC,LMFPX,DWS FUNDS,DWS FUNDS Bond Fund INST,INST,Y,PCG,BROKERAGE,BROKERAGE,FC/QC,NON-RETIREMENT,P,Y,4723448.41,4723448.41,4723448.41,2,Y,Y,Y,FSCAPNRENH,DWS,US Fund High Yield Bond,US Fund High Yield Bond
2025-12-31,E3TV1ES53,NHEYX,BLACKROCK,BLACKROCK Blend Fund INST,INST,Y,WBS,ADVISORY,ADVISORY,FUNDSOURCE,NON-RETIREMENT,P,N,1308640.08,1308640.08,1308640.08,33,Y,Y,Y,FSUSA4B2GI,BlackRock,US Fund Foreign Large Blend,US Fund Foreign Large Blend
2025-10-31,HZIOYKL1C,LZZBX,FIRST EAGLE,FIRST EAGLE Bond Fund A,A,N,WFAS,ADVISORY,ADVISORY,FC/QC,NON-RETIREMENT,P,N,1418798.33,1418798.33,1418798.33,46,Y,Y,Y,FSUSAMFLIX,First Eagle,US Fund Multisector Bond,US Fund Multisector Bond
2025-11-30,QE3RZSJ49,GOJXX,BLACKROCK,BLACKROCK Allocation Fund INST,INST,Y,FCCS,ADVISORY,ADVISORY,PERSONALIZED UMA,NON-RETIREMENT,S,Y,4061659.06,-4061659.06,-4061659.06,27,Y,Y,Y,FSCAPJJ3ZW,BlackRock,US Fund Moderate Allocation,US Fund Moderate Allocation
2025-07-31,WOCLYT8W5,MOQGX,T ROWE PRICE,T ROWE PRICE Blend Fund INST,INST,Y,FCCS,BROKERAGE,BROKERAGE,PERSONALIZED UMA,NON-RETIREMENT,P,N,1319716.24,1319716.24,1319716.24,3,Y,Y,Y,FSINVVY2S9,T. Rowe Price,US Fund Large Blend,US Fund Large Blend
2025-01-31,O4KH2VLPY,NUYTX,PIMCO,PIMCO Blend Fund A,A,Y,PCG,BROKERAGE,BROKERAGE,BROKERAGE,SEP,P,Y,3320522.08,3320522.08,3320522.08,2,Y,Y,Y,FSINVNDQ6K,PIMCO,US Fund Small Blend,US Fund Small Blend
2025-08-31,O4KH2VLPY,NUYTX,PIMCO,PIMCO Blend Fund A,A,Y,WFAS,BROKERAGE,BROKERAGE,FUNDSOURCE,NON-RETIREMENT,S,N,2003521.63,-2003521.63,-2003521.63,27,Y,N,Y,FSINVNDQ6K,PIMCO,US Fund Small Blend,US Fund Small Blend
2026-01-31,U6N7HV3IZ,HRUUX,JPMORGAN,JPMORGAN Value Fund S,S,Y,PCG,ADVISORY,ADVISORY,FUNDSOURCE,IRA,P,Y,4535418.98,4535418.98,4535418.98,34,Y,Y,N,FSUSAS5BKX,JPMorgan,US Fund Large Value,US Fund Large Value
2025-01-31,8MGYN2JCP,LZEHX,NUVEEN,NUVEEN Estate Fund A,A,Y,FCCS,ADVISORY,ADVISORY,ASSET ADVISOR,SEP,P,N,3218664.12,3218664.12,3218664.12,39,Y,Y,Y,FSCAP9SFEF,Nuveen,US Fund Real Estate,US Fund Real Estate
2025-01-31,V1V93KMKZ,DBBHX,PIMCO,PIMCO Allocation Fund A,A,Y,PCG,ADVISORY,ADVISORY,FC/QC,SIM,S,N,3531532.46,-3531532.46,-3531532.46,42,Y,N,Y,FSC3796172,PIMCO,US Fund Moderate Allocation,US Fund Moderate Allocation
2025-11-30,0YNCXLL4Z,HIKKX,FIDELITY,FIDELITY Bond Fund A,A,Y,WFAS,BROKERAGE,BROKERAGE,MASTERS,SIM,S,N,2599804.09,-2599804.09,-2599804.09,17,Y,N,N,FSUSAP0XJP,Fidelity,US Fund Multisector Bond,US Fund Multisector Bond
2025-02-28,2DHYLURTP,TISHX,CAPITAL GROUP,CAPITAL GROUP Growth Fund A,A,Y,FINET,BROKERAGE,BROKERAGE,FUNDSOURCE,NON-RETIREMENT,S,Y,4315889.16,-4315889.16,-4315889.16,40,Y,N,Y,FSINVHRONH,capital group,US Fund Large Growth,US Fund Large Growth
2025-09-30,SLWF90KM3,NSHVX,FIDELITY,FIDELITY Blend Fund A,A,Y,FINET,BROKERAGE,BROKERAGE,CUSTOMCHOICE,SIM,P,N,697971.04,697971.04,697971.04,31,N,N,Y,FSUSA4BHGL,Fidelity,US Fund Small Blend,US Fund Small Blend
2026-01-31,JH75LXO6Q,GGOGX,MFS,MFS Blend Fund A,A,Y,WFAS,ADVISORY,ADVISORY,PERSONALIZED UMA,SIM,S,N,2027977.47,-2027977.47,-2027977.47,9,Y,Y,N,FSCAPUR81B,MFS,US Fund Small Blend,US Fund Small Blend
2026-03-31,17MGFXC08,CNJLX,NUVEEN,NUVEEN Blend Fund INV,INV,Y,PCG,BROKERAGE,BROKERAGE,FC/QC,NON-RETIREMENT,P,N,2723962.36,2723962.36,2723962.36,26,Y,Y,Y,FSUSALNO19,Nuveen,US Fund Small Blend,US Fund Small Blend
2025-08-31,EAL2W37D4,GPNKX,FIDELITY,FIDELITY Blend Fund C,C,N,PCG,BROKERAGE,BROKERAGE,FC/QC,IRA,P,Y,3455803.73,3455803.73,3455803.73,21,Y,Y,Y,FSUSAVKKPF,Fidelity,US Fund Large Blend,US Fund Large Blend
2025-10-31,8MGYN2JCP,LZEHX,NUVEEN,NUVEEN Estate Fund A,A,Y,WBS,BROKERAGE,BROKERAGE,ASSET ADVISOR,NON-RETIREMENT,P,N,1457523.92,1457523.92,1457523.92,40,Y,Y,Y,FSCAP9SFEF,Nuveen,US Fund Real Estate,US Fund Real Estate
2026-02-28,8HMBR5XQT,WLWSX,BLACKROCK,BLACKROCK Value Fund C,C,Y,WBS,ADVISORY,ADVISORY,BROKERAGE,SEP,P,N,1482280.89,1482280.89,1482280.89,5,Y,N,Y,FSINVHB0YI,BlackRock,US Fund Large Value,US Fund Large Value
2025-02-28,1M8XFDJGF,TBYQX,PIMCO,PIMCO Growth Fund A,A,Y,PCG,ADVISORY,ADVISORY,ASSET ADVISOR,NON-RETIREMENT,S,N,3903651.9,-3903651.9,-3903651.9,23,Y,Y,Y,FSCAPS2MJ6,PIMCO,US Fund Small Growth,US Fund Small Growth
2025-08-31,8MGYN2JCP,LZEHX,NUVEEN,NUVEEN Estate Fund A,A,Y,PCG,ADVISORY,ADVISORY,PIM,IRA,P,N,571196.69,571196.69,571196.69,39,Y,Y,Y,FSCAP9SFEF,Nuveen,US Fund Real Estate,US Fund Real Estate
2025-09-30,6VXDP5GJL,LIWHX,FIDELITY,FIDELITY Bond Fund INST,INST,Y,WBS,ADVISORY,ADVISORY,BROKERAGE,NON-RETIREMENT,S,N,2806110.11,-2806110.11,-2806110.11,50,Y,Y,Y,FSINVQUXZJ,Fidelity,US Fund Intermediate Core Bond,US Fund Intermediate Core Bond
2025-06-30,FB9W1Q5UZ,JKDRX,VANGUARD,VANGUARD Growth Fund A,A,Y,PCG,BROKERAGE,BROKERAGE,MASTERS,NON-RETIREMENT,S,N,319507.38,-319507.38,-319507.38,2,Y,Y,Y,FSCAP3Y8BT,Vanguard,US Fund Large Growth,US Fund Large Growth
2025-03-31,6VXDP5GJL,LIWHX,FIDELITY,FIDELITY Bond Fund INST,INST,Y,FINET,BROKERAGE,BROKERAGE,BROKERAGE,SIM,P,N,945568.42,945568.42,945568.42,3,Y,N,Y,FSINVQUXZJ,Fidelity,US Fund Intermediate Core Bond,US Fund Intermediate Core Bond
2025-03-31,4FMYZYCWT,GMHYX,DWS FUNDS,DWS FUNDS Bond Fund A,A,Y,WBS,BROKERAGE,BROKERAGE,MASTERS,QP,S,N,3927589.07,-3927589.07,-3927589.07,16,Y,N,Y,FSCAPZUVDG,DWS,US Fund High Yield Bond,US Fund High Yield Bond
2025-12-31,JH75LXO6Q,GGOGX,MFS,MFS Blend Fund A,A,Y,FINET,ADVISORY,ADVISORY,MASTERS,SEP,S,N,2474343.3,-2474343.3,-2474343.3,43,N,Y,Y,FSCAPUR81B,MFS,US Fund Small Blend,US Fund Small Blend
2025-05-31,EDFQS3D63,XYKKX,INVESCO,INVESCO Allocation Fund A,A,N,PCG,BROKERAGE,BROKERAGE,MASTERS,SEP,P,N,1902456.85,1902456.85,1902456.85,15,Y,N,Y,FSC8043975,Invesco,US Fund Tactical Allocation,US Fund Tactical Allocation
2026-03-31,1KERPETIU,RJKTX,VANGUARD,VANGUARD Bond Fund A,A,Y,WFAS,ADVISORY,ADVISORY,FUNDSOURCE,SEP,P,N,2682527.68,2682527.68,2682527.68,19,Y,N,Y,FSINVZ17YR,Vanguard,US Fund Short-Term Bond,US Fund Short-Term Bond
2025-11-30,QZXEBB9EI,NKJYX,VANGUARD,VANGUARD Bond Fund A,A,Y,WBS,ADVISORY,ADVISORY,FC/QC,SIM,P,N,2145083.14,2145083.14,2145083.14,34,Y,Y,N,FSC4693666,Vanguard,US Fund Intermediate Core Bond,US Fund Intermediate Core Bond
2025-08-31,6Q3XLRFCD,XISNX,VANGUARD,VANGUARD Allocation Fund INV,INV,Y,PCG,BROKERAGE,BROKERAGE,CUSTOMCHOICE,SIM,P,N,2355262.23,2355262.23,2355262.23,40,Y,Y,Y,FSUSAMIGJS,Vanguard,US Fund Tactical Allocation,US Fund Tactical Allocation
2025-04-30,3NX39RBSV,WWLNX,CAPITAL GROUP,CAPITAL GROUP Growth Fund A,A,Y,WFAS,BROKERAGE,BROKERAGE,BROKERAGE,SEP,S,N,3644136.58,-3644136.58,-3644136.58,47,Y,Y,Y,FSINV8R1QP,capital group,US Fund Small Growth,US Fund Small Growth
2025-10-31,4FFYVNVQJ,OYRCX,LORD ABBETT,LORD ABBETT Blend Fund INST,INST,Y,PCG,BROKERAGE,BROKERAGE,PERSONALIZED UMA,NON-RETIREMENT,P,N,1346065.06,1346065.06,1346065.06,49,Y,Y,Y,FSINVDZ4HR,Lord Abbett,US Fund Foreign Large Blend,US Fund Foreign Large Blend
2025-08-31,N1YBWMLUN,GWZPX,INVESCO,INVESCO Blend Fund A,A,Y,WBS,BROKERAGE,BROKERAGE,MASTERS,SEP,P,N,3691651.04,3691651.04,3691651.04,44,Y,Y,Y,FSINVZILDX,Invesco,US Fund Large Blend,US Fund Large Blend
2025-03-31,WYJXRPJ1E,LHRMX,INVESCO,INVESCO Bond Fund A,A,N,PCG,ADVISORY,ADVISORY,BROKERAGE,SEP,P,Y,4964037.46,4964037.46,4964037.46,2,Y,N,Y,FSCAPRK315,Invesco,US Fund Intermediate Core Bond,US Fund Intermediate Core Bond
2025-06-30,RPN6QFGSX,QXUMX,LORD ABBETT,LORD ABBETT Estate Fund A,A,Y,WFAS,ADVISORY,ADVISORY,FUNDSOURCE,NON-RETIREMENT,P,N,324118.55,324118.55,324118.55,40,Y,N,Y,FSINVN2N0F,Lord Abbett,US Fund Real Estate,US Fund Real Estate
2025-02-28,ZW9XA3KX7,DDCOX,CAPITAL GROUP,CAPITAL GROUP Blend Fund A,A,Y,WFAS,ADVISORY,ADVISORY,FC/QC,SEP,P,N,3284273.39,3284273.39,3284273.39,30,Y,Y,Y,FSCAPVVD5U,capital group,US Fund Small Blend,US Fund Small Blend
2026-03-31,S0R2SDS8B,UWNLX,AMERICAN FUNDS,AMERICAN FUNDS Bond Fund INST,INST,Y,PCG,ADVISORY,ADVISORY,FUNDSOURCE,QP,P,Y,3339355.72,3339355.72,3339355.72,46,Y,Y,Y,FSC0723107,capital group,US Fund High Yield Bond,US Fund High Yield Bond
2025-05-31,0CVS4F8CG,PRGDX,T ROWE PRICE,T ROWE PRICE Bond Fund C,C,Y,FCCS,BROKERAGE,BROKERAGE,ASSET ADVISOR,QP,S,Y,2157228.73,-2157228.73,-2157228.73,7,Y,Y,N,FSINV5AYKJ,T. Rowe Price,US Fund Short-Term Bond,US Fund Short-Term Bond
2026-02-28,YYO4UDOJE,JTGJX,BLACKROCK,BLACKROCK Bond Fund INST,INST,Y,PCG,ADVISORY,ADVISORY,FC/QC,NON-RETIREMENT,P,N,3779116.51,3779116.51,3779116.51,35,Y,Y,Y,FSCAPSG2R8,BlackRock,US Fund Short-Term Bond,US Fund Short-Term Bond
2025-05-31,1M8XFDJGF,TBYQX,PIMCO,PIMCO Growth Fund A,A,N,PCG,ADVISORY,ADVISORY,PERSONALIZED UMA,SEP,P,Y,4988438.63,4988438.63,4988438.63,47,Y,N,Y,FSCAPS2MJ6,PIMCO,US Fund Small Growth,US Fund Small Growth
2025-05-31,1KERPETIU,RJKTX,VANGUARD,VANGUARD Bond Fund A,A,Y,WBS,ADVISORY,ADVISORY,PERSONALIZED UMA,SIM,S,N,869412.27,-869412.27,-869412.27,38,Y,Y,Y,FSINVZ17YR,Vanguard,US Fund Short-Term Bond,US Fund Short-Term Bond
2025-10-31,0CVS4F8CG,PRGDX,T ROWE PRICE,T ROWE PRICE Bond Fund C,C,Y,FINET,ADVISORY,ADVISORY,PIM,IRA,S,N,1202874.44,-1202874.44,-1202874.44,32,Y,Y,Y,FSINV5AYKJ,T. Rowe Price,US Fund Short-Term Bond,US Fund Short-Term Bond
2025-12-31,2960361I2,FEGTX,JPMORGAN,JPMORGAN Bond Fund A,A,Y,FCCS,BROKERAGE,BROKERAGE,FC/QC,SIM,S,Y,2951069.93,-2951069.93,-2951069.93,7,Y,N,Y,FSCAP0TE0V,JPMorgan,US Fund Multisector Bond,US Fund Multisector Bond
2026-02-28,V1V93KMKZ,DBBHX,PIMCO,PIMCO Allocation Fund A,A,Y,WBS,ADVISORY,ADVISORY,ASSET ADVISOR,SEP,S,N,4598829.28,-4598829.28,-4598829.28,4,Y,Y,Y,FSC3796172,PIMCO,US Fund Moderate Allocation,US Fund Moderate Allocation
2025-06-30,3NX39RBSV,WWLNX,CAPITAL GROUP,CAPITAL GROUP Growth Fund A,A,Y,PCG,BROKERAGE,BROKERAGE,FUNDSOURCE,SEP,P,N,3397769.69,3397769.69,3397769.69,24,Y,Y,Y,FSINV8R1QP,capital group,US Fund Small Growth,US Fund Small Growth
2025-10-31,8HMBR5XQT,WLWSX,BLACKROCK,BLACKROCK Value Fund C,C,Y,PCG,ADVISORY,ADVISORY,MASTERS,NON-RETIREMENT,P,N,3591818.54,3591818.54,3591818.54,34,Y,Y,Y,FSINVHB0YI,BlackRock,US Fund Large Value,US Fund Large Value
2026-03-31,EAL2W37D4,GPNKX,FIDELITY,FIDELITY Blend Fund C,C,Y,FINET,BROKERAGE,BROKERAGE,CUSTOMCHOICE,QP,S,N,1125506.81,-1125506.81,-1125506.81,8,Y,Y,Y,FSUSAVKKPF,Fidelity,US Fund Large Blend,US Fund Large Blend
2025-11-30,O4KH2VLPY,NUYTX,PIMCO,PIMCO Blend Fund A,A,N,PCG,BROKERAGE,BROKERAGE,PIM,IRA,P,N,4743644.33,4743644.33,4743644.33,14,Y,Y,N,FSINVNDQ6K,PIMCO,US Fund Small Blend,US Fund Small Blend
2025-11-30,O4KH2VLPY,NUYTX,PIMCO,PIMCO Blend Fund A,A,Y,WFAS,ADVISORY,ADVISORY,CUSTOMCHOICE,NON-RETIREMENT,S,N,3718324.52,-3718324.52,-3718324.52,36,Y,Y,Y,FSINVNDQ6K,PIMCO,US Fund Small Blend,US Fund Small Blend
2025-08-31,TC89K8YQK,ZWCJX,LORD ABBETT,LORD ABBETT Bond Fund A,A,Y,PCG,ADVISORY,ADVISORY,CUSTOMCHOICE,QP,P,N,2302816.78,2302816.78,2302816.78,29,Y,Y,Y,FSC2646842,Lord Abbett,US Fund High Yield Bond,US Fund High Yield Bond
2025-12-31,QJIDKNWI5,EIPIX,JPMORGAN,JPMORGAN Allocation Fund INST,INST,Y,PCG,ADVISORY,ADVISORY,PIM,IRA,S,N,3645113.83,-3645113.83,-3645113.83,12,Y,N,Y,FSCAPZ4DKB,JPMorgan,US Fund Tactical Allocation,US Fund Tactical Allocation
2025-04-30,OQW9JA2M0,QUTIX,VANGUARD,VANGUARD Growth Fund C,C,Y,FCCS,ADVISORY,ADVISORY,PIM,IRA,P,Y,2774980.29,2774980.29,2774980.29,21,Y,Y,Y,FSCAP2IIZJ,Vanguard,US Fund Large Growth,US Fund Large Growth
2025-11-30,8J5ECRUYF,VYCGX,INVESCO,INVESCO Bond Fund INST,INST,Y,PCG,BROKERAGE,BROKERAGE,FC/QC,SIM,S,N,1361366.97,-1361366.97,-1361366.97,20,Y,Y,Y,FSINV30AHC,Invesco,US Fund High Yield Bond,US Fund High Yield Bond
2026-01-31,8J5ECRUYF,VYCGX,INVESCO,INVESCO Bond Fund INST,INST,Y,WFAS,BROKERAGE,BROKERAGE,CUSTOMCHOICE,SIM,P,Y,2525190.6,2525190.6,2525190.6,4,Y,Y,Y,FSINV30AHC,Invesco,US Fund High Yield Bond,US Fund High Yield Bond
2025-07-31,BSWRPBJEK,WMAQX,JPMORGAN,JPMORGAN Growth Fund INV,INV,Y,PCG,ADVISORY,ADVISORY,CUSTOMCHOICE,SEP,P,N,2727687.57,2727687.57,2727687.57,12,Y,Y,Y,FSINVVT0VG,JPMorgan,US Fund Large Growth,US Fund Large Growth
2026-03-31,4874FRHOC,JZGUX,INVESCO,INVESCO Bond Fund C,C,Y,WBS,BROKERAGE,BROKERAGE,FC/QC,IRA,S,Y,1933984.56,-1933984.56,-1933984.56,37,Y,Y,Y,FSUSAFVJ1Z,Invesco,US Fund Short-Term Bond,US Fund Short-Term Bond
2025-04-30,ST0SX5WVF,ESQXX,CAPITAL GROUP,CAPITAL GROUP Bond Fund INST,INST,Y,FINET,ADVISORY,ADVISORY,PERSONALIZED UMA,SIM,S,N,3001363.19,-3001363.19,-3001363.19,3,Y,Y,Y,FSINV6Z5AS,capital group,US Fund Intermediate Core Bond,US Fund Intermediate Core Bond
2026-01-31,ZW9XA3KX7,DDCOX,CAPITAL GROUP,CAPITAL GROUP Blend Fund A,A,Y,PCG,ADVISORY,ADVISORY,PIM,IRA,P,Y,2369708.95,2369708.95,2369708.95,43,Y,Y,Y,FSCAPVVD5U,capital group,US Fund Small Blend,US Fund Small Blend
2025-08-31,QVNB4GH2M,WSHAX,NUVEEN,NUVEEN Growth Fund S,S,Y,WBS,BROKERAGE,BROKERAGE,ASSET ADVISOR,QP,P,N,1856886.34,1856886.34,1856886.34,42,Y,Y,Y,FSCAPUT3V8,Nuveen,US Fund Small Growth,US Fund Small Growth
2025-08-31,8HMBR5XQT,WLWSX,BLACKROCK,BLACKROCK Value Fund C,C,Y,FINET,BROKERAGE,BROKERAGE,PERSONALIZED UMA,SIM,P,N,1977441.71,1977441.71,1977441.71,16,Y,N,N,FSINVHB0YI,BlackRock,US Fund Large Value,US Fund Large Value
2025-09-30,2EK3ZEZQA,CGVOX,JPMORGAN,JPMORGAN Allocation Fund A,A,Y,WBS,ADVISORY,ADVISORY,CUSTOMCHOICE,SIM,P,N,707261.35,707261.35,707261.35,25,Y,Y,Y,FSUSAD1XUN,JPMorgan,US Fund Moderate Allocation,US Fund Moderate Allocation
2025-06-30,JH75LXO6Q,GGOGX,MFS,MFS Blend Fund A,A,Y,WFAS,ADVISORY,ADVISORY,PERSONALIZED UMA,SEP,P,Y,1037762.41,1037762.41,1037762.41,3,Y,Y,Y,FSCAPUR81B,MFS,US Fund Small Blend,US Fund Small Blend
2025-11-30,QE3RZSJ49,GOJXX,BLACKROCK,BLACKROCK Allocation Fund INST,INST,Y,PCG,ADVISORY,ADVISORY,PERSONALIZED UMA,SIM,P,N,344703.27,344703.27,344703.27,14,Y,N,Y,FSCAPJJ3ZW,BlackRock,US Fund Moderate Allocation,US Fund Moderate Allocation
2025-07-31,6Q3XLRFCD,XISNX,VANGUARD,VANGUARD Allocation Fund INV,INV,Y,PCG,BROKERAGE,BROKERAGE,MASTERS,QP,S,N,3421146.94,-3421146.94,-3421146.94,39,Y,Y,Y,FSUSAMIGJS,Vanguard,US Fund Tactical Allocation,US Fund Tactical Allocation
2025-05-31,WYJXRPJ1E,LHRMX,INVESCO,INVESCO Bond Fund A,A,Y,FCCS,ADVISORY,ADVISORY,FC/QC,QP,P,N,4208673.71,4208673.71,4208673.71,31,Y,Y,Y,FSCAPRK315,Invesco,US Fund Intermediate Core Bond,US Fund Intermediate Core Bond
2025-01-31,V1V93KMKZ,DBBHX,PIMCO,PIMCO Allocation Fund A,A,Y,FINET,BROKERAGE,BROKERAGE,FC/QC,NON-RETIREMENT,P,N,2706647.85,2706647.85,2706647.85,6,Y,Y,Y,FSC3796172,PIMCO,US Fund Moderate Allocation,US Fund Moderate Allocation
2026-01-31,O4KH2VLPY,NUYTX,PIMCO,PIMCO Blend Fund A,A,Y,PCG,BROKERAGE,BROKERAGE,BROKERAGE,SIM,S,N,4939162.33,-4939162.33,-4939162.33,15,Y,Y,Y,FSINVNDQ6K,PIMCO,US Fund Small Blend,US Fund Small Blend
2025-12-31,S0R2SDS8B,UWNLX,AMERICAN FUNDS,AMERICAN FUNDS Bond Fund INST,INST,Y,PCG,ADVISORY,ADVISORY,CUSTOMCHOICE,SEP,S,Y,726197.14,-726197.14,-726197.14,34,Y,Y,Y,FSC0723107,capital group,US Fund High Yield Bond,US Fund High Yield Bond
2026-01-31,KTSG7FXZV,VOVAX,CAPITAL GROUP,CAPITAL GROUP Bond Fund INST,INST,Y,PCG,BROKERAGE,BROKERAGE,PERSONALIZED UMA,QP,S,Y,2002692.53,-2002692.53,-2002692.53,47,Y,Y,Y,FSCAPU9MJ4,capital group,US Fund Intermediate Core Bond,US Fund Intermediate Core Bond
2025-10-31,QE3RZSJ49,GOJXX,BLACKROCK,BLACKROCK Allocation Fund INST,INST,Y,WFAS,ADVISORY,ADVISORY,ASSET ADVISOR,SIM,S,Y,3121598.49,-3121598.49,-3121598.49,18,Y,Y,Y,FSCAPJJ3ZW,BlackRock,US Fund Moderate Allocation,US Fund Moderate Allocation
2025-06-30,WYJXRPJ1E,LHRMX,INVESCO,INVESCO Bond Fund A,A,Y,FCCS,BROKERAGE,BROKERAGE,BROKERAGE,SIM,P,N,475056.67,475056.67,475056.67,14,Y,Y,N,FSCAPRK315,Invesco,US Fund Intermediate Core Bond,US Fund Intermediate Core Bond
2025-07-31,Y6B2KNFTU,UECWX,VANGUARD,VANGUARD Bond Fund INV,INV,Y,PCG,BROKERAGE,BROKERAGE,PERSONALIZED UMA,SEP,S,N,474017.13,-474017.13,-474017.13,29,Y,N,Y,FSUSAF3MVF,Vanguard,US Fund Short-Term Bond,US Fund Short-Term Bond
2025-07-31,4DPJA1WJ0,OLABX,PIMCO,PIMCO Bond Fund S,S,Y,WBS,BROKERAGE,BROKERAGE,ASSET ADVISOR,QP,P,N,3044207.73,3044207.73,3044207.73,14,Y,Y,Y,FSCAP7M9HW,PIMCO,US Fund Short-Term Bond,US Fund Short-Term Bond
2026-03-31,KTSG7FXZV,VOVAX,CAPITAL GROUP,CAPITAL GROUP Bond Fund INST,INST,Y,PCG,ADVISORY,ADVISORY,FUNDSOURCE,IRA,P,N,1960123.35,1960123.35,1960123.35,28,N,Y,Y,FSCAPU9MJ4,capital group,US Fund Intermediate Core Bond,US Fund Intermediate Core Bond
2025-02-28,WJCKJLTEI,SSBKX,FIRST EAGLE,FIRST EAGLE Blend Fund C,C,Y,PCG,ADVISORY,ADVISORY,FUNDSOURCE,IRA,P,N,4012477.4,4012477.4,4012477.4,34,Y,Y,Y,FSC7422675,First Eagle,US Fund Small Blend,US Fund Small Blend
2025-05-31,JSG65KXVF,TOUNX,FIRST EAGLE,FIRST EAGLE Blend Fund INST,INST,Y,FINET,BROKERAGE,BROKERAGE,MASTERS,SEP,S,N,4174051.67,-4174051.67,-4174051.67,22,Y,Y,Y,FSCAP4FGYV,First Eagle,US Fund Small Blend,US Fund Small Blend
2025-11-30,8J5ECRUYF,VYCGX,INVESCO,INVESCO Bond Fund INST,INST,Y,WBS,ADVISORY,ADVISORY,MASTERS,NON-RETIREMENT,P,N,2930189.97,2930189.97,2930189.97,10,Y,Y,N,FSINV30AHC,Invesco,US Fund High Yield Bond,US Fund High Yield Bond
2025-02-28,DK0GET8T6,VGVMX,BLACKROCK,BLACKROCK Bond Fund INST,INST,Y,PCG,BROKERAGE,BROKERAGE,ASSET ADVISOR,SEP,P,N,1362009.15,1362009.15,1362009.15,27,Y,N,Y,FSC6963457,BlackRock,US Fund High Yield Bond,US Fund High Yield Bond
2025-12-31,6VXDP5GJL,LIWHX,FIDELITY,FIDELITY Bond Fund INST,INST,Y,PCG,ADVISORY,ADVISORY,MASTERS,SEP,P,Y,4055584.91,4055584.91,4055584.91,14,Y,Y,Y,FSINVQUXZJ,Fidelity,US Fund Intermediate Core Bond,US Fund Intermediate Core Bond
2025-06-30,ZW9XA3KX7,DDCOX,CAPITAL GROUP,CAPITAL GROUP Blend Fund A,A,Y,WFAS,ADVISORY,ADVISORY,PERSONALIZED UMA,QP,P,N,3880016.35,3880016.35,3880016.35,43,Y,N,Y,FSCAPVVD5U,capital group,US Fund Small Blend,US Fund Small Blend
2025-07-31,WK8R2YKCC,LMFPX,DWS FUNDS,DWS FUNDS Bond Fund INST,INST,Y,WBS,ADVISORY,ADVISORY,MASTERS,IRA,S,N,1529616.31,-1529616.31,-1529616.31,48,Y,N,Y,FSCAPNRENH,DWS,US Fund High Yield Bond,US Fund High Yield Bond
2025-08-31,6Q3XLRFCD,XISNX,VANGUARD,VANGUARD Allocation Fund INV,INV,Y,FCCS,BROKERAGE,BROKERAGE,FC/QC,SIM,S,N,4460230.55,-4460230.55,-4460230.55,5,Y,Y,Y,FSUSAMIGJS,Vanguard,US Fund Tactical Allocation,US Fund Tactical Allocation
2026-03-31,C8BBI4WIR,CYMGX,NUVEEN,NUVEEN Blend Fund A,A,Y,FINET,ADVISORY,ADVISORY,MASTERS,IRA,P,N,144399.89,144399.89,144399.89,12,Y,Y,Y,FSUSAGQ1Y8,Nuveen,US Fund Foreign Large Blend,US Fund Foreign Large Blend
2025-02-28,DMLY4LYK8,VOLIX,BLACKROCK,BLACKROCK Value Fund C,C,Y,WFAS,BROKERAGE,BROKERAGE,BROKERAGE,SIM,S,N,2626290.19,-2626290.19,-2626290.19,16,Y,Y,Y,FSINVW6LMH,BlackRock,US Fund Large Value,US Fund Large Value
2025-02-28,4V30T9NT3,QWPSX,INVESCO,INVESCO Growth Fund C,C,Y,PCG,ADVISORY,ADVISORY,MASTERS,NON-RETIREMENT,S,N,499840.26,-499840.26,-499840.26,43,Y,Y,Y,FSCAP5YC33,Invesco,US Fund Small Growth,US Fund Small Growth
2025-01-31,3TV3I12VJ,ZZOUX,AMERICAN FUNDS,AMERICAN FUNDS Bond Fund A,A,Y,FCCS,BROKERAGE,BROKERAGE,ASSET ADVISOR,QP,S,N,1538597.87,-1538597.87,-1538597.87,5,N,Y,Y,FSUSA1CZS7,capital group,US Fund High Yield Bond,US Fund High Yield Bond
2026-01-31,QT3WVEDN9,OJDPX,BLACKROCK,BLACKROCK Blend Fund A,A,Y,WBS,ADVISORY,ADVISORY,ASSET ADVISOR,NON-RETIREMENT,P,N,515699.24,515699.24,515699.24,21,Y,Y,Y,FSINV1KDAD,BlackRock,US Fund Foreign Large Blend,US Fund Foreign Large Blend
2025-02-28,TC89K8YQK,ZWCJX,LORD ABBETT,LORD ABBETT Bond Fund A,A,Y,PCG,BROKERAGE,BROKERAGE,ASSET ADVISOR,IRA,S,N,3118134.15,-3118134.15,-3118134.15,13,Y,Y,Y,FSC2646842,Lord Abbett,US Fund High Yield Bond,US Fund High Yield Bond
2025-10-31,E3TV1ES53,NHEYX,BLACKROCK,BLACKROCK Blend Fund INST,INST,Y,PCG,ADVISORY,ADVISORY,FC/QC,SIM,S,N,176645.61,-176645.61,-176645.61,28,Y,N,Y,FSUSA4B2GI,BlackRock,US Fund Foreign Large Blend,US Fund Foreign Large Blend
2025-04-30,V1V93KMKZ,DBBHX,PIMCO,PIMCO Allocation Fund A,A,Y,FINET,BROKERAGE,BROKERAGE,FUNDSOURCE,QP,P,N,466806.01,466806.01,466806.01,40,Y,N,Y,FSC3796172,PIMCO,US Fund Moderate Allocation,US Fund Moderate Allocation
2025-11-30,BSWRPBJEK,WMAQX,JPMORGAN,JPMORGAN Growth Fund INV,INV,Y,PCG,ADVISORY,ADVISORY,FUNDSOURCE,SEP,S,Y,744407.03,-744407.03,-744407.03,13,Y,Y,Y,FSINVVT0VG,JPMorgan,US Fund Large Growth,US Fund Large Growth
2025-04-30,V1V93KMKZ,DBBHX,PIMCO,PIMCO Allocation Fund A,A,Y,WBS,BROKERAGE,BROKERAGE,FC/QC,QP,P,Y,2363462.8,2363462.8,2363462.8,3,Y,N,Y,FSC3796172,PIMCO,US Fund Moderate Allocation,US Fund Moderate Allocation
2025-03-31,QE3RZSJ49,GOJXX,BLACKROCK,BLACKROCK Allocation Fund INST,INST,Y,FCCS,BROKERAGE,BROKERAGE,PIM,SEP,P,N,3637428.23,3637428.23,3637428.23,18,Y,N,Y,FSCAPJJ3ZW,BlackRock,US Fund Moderate Allocation,US Fund Moderate Allocation
2025-03-31,YYO4UDOJE,JTGJX,BLACKROCK,BLACKROCK Bond Fund INST,INST,Y,WFAS,BROKERAGE,BROKERAGE,PIM,QP,S,N,4262897.5,-4262897.5,-4262897.5,31,Y,N,Y,FSCAPSG2R8,BlackRock,US Fund Short-Term Bond,US Fund Short-Term Bond
2026-01-31,1KERPETIU,RJKTX,VANGUARD,VANGUARD Bond Fund A,A,Y,PCG,ADVISORY,ADVISORY,ASSET ADVISOR,SIM,S,N,4368185.74,-4368185.74,-4368185.74,3,Y,Y,Y,FSINVZ17YR,Vanguard,US Fund Short-Term Bond,US Fund Short-Term Bond
2025-01-31,U6N7HV3IZ,HRUUX,JPMORGAN,JPMORGAN Value Fund S,S,N,WBS,ADVISORY,ADVISORY,PERSONALIZED UMA,NON-RETIREMENT,P,N,2959793.4,2959793.4,2959793.4,19,Y,Y,Y,FSUSAS5BKX,JPMorgan,US Fund Large Value,US Fund Large Value
2025-09-30,S0R2SDS8B,UWNLX,AMERICAN FUNDS,AMERICAN FUNDS Bond Fund INST,INST,Y,PCG,BROKERAGE,BROKERAGE,BROKERAGE,SIM,S,N,2148782.57,-2148782.57,-2148782.57,30,Y,N,Y,FSC0723107,capital group,US Fund High Yield Bond,US Fund High Yield Bond
2025-10-31,EAL2W37D4,GPNKX,FIDELITY,FIDELITY Blend Fund C,C,Y,PCG,BROKERAGE,BROKERAGE,FUNDSOURCE,QP,P,N,4231473.52,4231473.52,4231473.52,46,Y,Y,Y,FSUSAVKKPF,Fidelity,US Fund Large Blend,US Fund Large Blend
2026-02-28,ST0SX5WVF,ESQXX,CAPITAL GROUP,CAPITAL GROUP Bond Fund INST,INST,Y,PCG,BROKERAGE,BROKERAGE,FC/QC,IRA,P,N,2160959.52,2160959.52,2160959.52,25,Y,Y,Y,FSINV6Z5AS,capital group,US Fund Intermediate Core Bond,US Fund Intermediate Core Bond
2025-04-30,6VXDP5GJL,LIWHX,FIDELITY,FIDELITY Bond Fund INST,INST,Y,FINET,BROKERAGE,BROKERAGE,FC/QC,QP,P,N,1037832.12,1037832.12,1037832.12,2,Y,N,Y,FSINVQUXZJ,Fidelity,US Fund Intermediate Core Bond,US Fund Intermediate Core Bond
2025-11-30,4FMYZYCWT,GMHYX,DWS FUNDS,DWS FUNDS Bond Fund A,A,Y,FCCS,ADVISORY,ADVISORY,PERSONALIZED UMA,SEP,P,N,2045099.3,2045099.3,2045099.3,9,Y,N,Y,FSCAPZUVDG,DWS,US Fund High Yield Bond,US Fund High Yield Bond
2026-01-31,R7KO64T02,XMHMX,FRANKLIN TEMPLETON,FRANKLIN TEMPLETON Blend Fund C,C,Y,PCG,ADVISORY,ADVISORY,PIM,SIM,P,N,360968.91,360968.91,360968.91,3,Y,Y,N,FSC8379085,Franklin Templeton,US Fund Mid-Cap Blend,US Fund Mid-Cap Blend
2025-09-30,8J5ECRUYF,VYCGX,INVESCO,INVESCO Bond Fund INST,INST,N,WFAS,BROKERAGE,BROKERAGE,MASTERS,QP,P,N,3528773.96,3528773.96,3528773.96,5,Y,N,Y,FSINV30AHC,Invesco,US Fund High Yield Bond,US Fund High Yield Bond
2025-10-31,QE3RZSJ49,GOJXX,BLACKROCK,BLACKROCK Allocation Fund INST,INST,Y,FINET,BROKERAGE,BROKERAGE,FUNDSOURCE,SEP,P,N,3743400.83,3743400.83,3743400.83,15,Y,N,Y,FSCAPJJ3ZW,BlackRock,US Fund Moderate Allocation,US Fund Moderate Allocation
2026-02-28,0CVS4F8CG,PRGDX,T ROWE PRICE,T ROWE PRICE Bond Fund C,C,Y,PCG,BROKERAGE,BROKERAGE,FUNDSOURCE,IRA,S,N,2196655.1,-2196655.1,-2196655.1,42,Y,N,Y,FSINV5AYKJ,T. Rowe Price,US Fund Short-Term Bond,US Fund Short-Term Bond
2025-08-31,QTL3Q4N89,MHJNX,MFS,MFS Blend Fund A,A,Y,PCG,BROKERAGE,BROKERAGE,FC/QC,NON-RETIREMENT,P,N,1880551.18,1880551.18,1880551.18,13,Y,Y,Y,FSCAPO8FAQ,MFS,US Fund Mid-Cap Blend,US Fund Mid-Cap Blend
2025-04-30,QE3RZSJ49,GOJXX,BLACKROCK,BLACKROCK Allocation Fund INST,INST,Y,FINET,ADVISORY,ADVISORY,FUNDSOURCE,NON-RETIREMENT,S,N,1291195.79,-1291195.79,-1291195.79,5,Y,Y,Y,FSCAPJJ3ZW,BlackRock,US Fund Moderate Allocation,US Fund Moderate Allocation
2025-11-30,1M8XFDJGF,TBYQX,PIMCO,PIMCO Growth Fund A,A,Y,WBS,BROKERAGE,BROKERAGE,FUNDSOURCE,IRA,P,N,2384150.56,2384150.56,2384150.56,20,Y,Y,Y,FSCAPS2MJ6,PIMCO,US Fund Small Growth,US Fund Small Growth
2025-03-31,1KERPETIU,RJKTX,VANGUARD,VANGUARD Bond Fund A,A,Y,WBS,BROKERAGE,BROKERAGE,PIM,IRA,S,N,4451015.85,-4451015.85,-4451015.85,36,Y,Y,N,FSINVZ17YR,Vanguard,US Fund Short-Term Bond,US Fund Short-Term Bond
2026-01-31,BPLJD84U8,ZRHBX,PIMCO,PIMCO Blend Fund A,A,Y,PCG,ADVISORY,ADVISORY,FUNDSOURCE,SEP,P,N,3867029.56,3867029.56,3867029.56,46,Y,Y,N,FSCAPPXIH2,PIMCO,US Fund Mid-Cap Blend,US Fund Mid-Cap Blend
2025-12-31,8LPQW2VMC,MAJHX,T ROWE PRICE,T ROWE PRICE Estate Fund S,S,Y,WFAS,ADVISORY,ADVISORY,FUNDSOURCE,SIM,P,N,1269122.69,1269122.69,1269122.69,27,Y,Y,Y,FSINVOVNZB,T. Rowe Price,US Fund Real Estate,US Fund Real Estate
2025-01-31,FB9W1Q5UZ,JKDRX,VANGUARD,VANGUARD Growth Fund A,A,Y,WBS,ADVISORY,ADVISORY,PIM,NON-RETIREMENT,S,N,2400352.34,-2400352.34,-2400352.34,5,Y,Y,Y,FSCAP3Y8BT,Vanguard,US Fund Large Growth,US Fund Large Growth
2025-01-31,RPN6QFGSX,QXUMX,LORD ABBETT,LORD ABBETT Estate Fund A,A,Y,WBS,BROKERAGE,BROKERAGE,MASTERS,IRA,S,Y,291415.14,-291415.14,-291415.14,24,Y,N,Y,FSINVN2N0F,Lord Abbett,US Fund Real Estate,US Fund Real Estate
2025-12-31,3KKV9RFTM,OOLIX,FRANKLIN TEMPLETON,FRANKLIN TEMPLETON Growth Fund INST,INST,Y,FINET,BROKERAGE,BROKERAGE,FC/QC,SEP,P,N,1221208.73,1221208.73,1221208.73,12,Y,N,Y,FSUSA9SEXI,Franklin Templeton,US Fund Small Growth,US Fund Small Growth
2025-07-31,17MGFXC08,CNJLX,NUVEEN,NUVEEN Blend Fund INV,INV,Y,PCG,BROKERAGE,BROKERAGE,BROKERAGE,SEP,S,N,3156673.47,-3156673.47,-3156673.47,37,Y,Y,Y,FSUSALNO19,Nuveen,US Fund Small Blend,US Fund Small Blend
2025-10-31,WOCLYT8W5,MOQGX,T ROWE PRICE,T ROWE PRICE Blend Fund INST,INST,N,FINET,ADVISORY,ADVISORY,FC/QC,SEP,S,N,3328541.43,-3328541.43,-3328541.43,6,Y,Y,Y,FSINVVY2S9,T. Rowe Price,US Fund Large Blend,US Fund Large Blend
2025-12-31,QVNB4GH2M,WSHAX,NUVEEN,NUVEEN Growth Fund S,S,Y,PCG,ADVISORY,ADVISORY,MASTERS,SIM,S,N,3937883.35,-3937883.35,-3937883.35,6,Y,N,Y,FSCAPUT3V8,Nuveen,US Fund Small Growth,US Fund Small Growth
2025-11-30,QTL3Q4N89,MHJNX,MFS,MFS Blend Fund A,A,Y,FINET,ADVISORY,ADVISORY,FC/QC,QP,P,N,3602875.74,3602875.74,3602875.74,46,Y,N,Y,FSCAPO8FAQ,MFS,US Fund Mid-Cap Blend,US Fund Mid-Cap Blend
2025-07-31,3TV3I12VJ,ZZOUX,AMERICAN FUNDS,AMERICAN FUNDS Bond Fund A,A,Y,FINET,ADVISORY,ADVISORY,MASTERS,NON-RETIREMENT,P,N,3002194.28,3002194.28,3002194.28,45,Y,N,Y,FSUSA1CZS7,capital group,US Fund High Yield Bond,US Fund High Yield Bond
2025-08-31,6VXDP5GJL,LIWHX,FIDELITY,FIDELITY Bond Fund INST,INST,Y,WBS,ADVISORY,ADVISORY,FUNDSOURCE,QP,P,Y,1429220.33,1429220.33,1429220.33,12,Y,Y,Y,FSINVQUXZJ,Fidelity,US Fund Intermediate Core Bond,US Fund Intermediate Core Bond
2025-04-30,MO5BXXC02,CENDX,FRANKLIN TEMPLETON,FRANKLIN TEMPLETON Value Fund INST,INST,Y,PCG,ADVISORY,ADVISORY,FUNDSOURCE,NON-RETIREMENT,S,N,2659904.65,-2659904.65,-2659904.65,6,Y,N,Y,FSINV8HE3N,Franklin Templeton,US Fund Large Value,US Fund Large Value
2025-05-31,WJCKJLTEI,SSBKX,FIRST EAGLE,FIRST EAGLE Blend Fund C,C,Y,PCG,ADVISORY,ADVISORY,MASTERS,SEP,P,N,4323787.64,4323787.64,4323787.64,48,Y,Y,Y,FSC7422675,First Eagle,US Fund Small Blend,US Fund Small Blend
2025-08-31,2EK3ZEZQA,CGVOX,JPMORGAN,JPMORGAN Allocation Fund A,A,Y,FINET,ADVISORY,ADVISORY,FC/QC,SIM,S,N,4191594.37,-4191594.37,-4191594.37,32,Y,Y,Y,FSUSAD1XUN,JPMorgan,US Fund Moderate Allocation,US Fund Moderate Allocation
2026-03-31,RPN6QFGSX,QXUMX,LORD ABBETT,LORD ABBETT Estate Fund A,A,N,WBS,ADVISORY,ADVISORY,FUNDSOURCE,SEP,P,N,2527659.91,2527659.91,2527659.91,27,Y,Y,Y,FSINVN2N0F,Lord Abbett,US Fund Real Estate,US Fund Real Estate
2025-10-31,RPN6QFGSX,QXUMX,LORD ABBETT,LORD ABBETT Estate Fund A,A,Y,PCG,ADVISORY,ADVISORY,PIM,SEP,S,N,3879213.09,-3879213.09,-3879213.09,40,Y,Y,Y,FSINVN2N0F,Lord Abbett,US Fund Real Estate,US Fund Real Estate
2026-03-31,4874FRHOC,JZGUX,INVESCO,INVESCO Bond Fund C,C,Y,WFAS,ADVISORY,ADVISORY,ASSET ADVISOR,SIM,P,N,4989796.58,4989796.58,4989796.58,49,Y,Y,Y,FSUSAFVJ1Z,Invesco,US Fund Short-Term Bond,US Fund Short-Term Bond
2025-10-31,ZW9XA3KX7,DDCOX,CAPITAL GROUP,CAPITAL GROUP Blend Fund A,A,N,WFAS,ADVISORY,ADVISORY,BROKERAGE,IRA,P,N,2662701.14,2662701.14,2662701.14,35,Y,Y,Y,FSCAPVVD5U,capital group,US Fund Small Blend,US Fund Small Blend
2025-03-31,BPLJD84U8,ZRHBX,PIMCO,PIMCO Blend Fund A,A,Y,PCG,BROKERAGE,BROKERAGE,PIM,QP,S,N,4910156.99,-4910156.99,-4910156.99,16,N,N,N,FSCAPPXIH2,PIMCO,US Fund Mid-Cap Blend,US Fund Mid-Cap Blend
2025-03-31,4DPJA1WJ0,OLABX,PIMCO,PIMCO Bond Fund S,S,Y,PCG,ADVISORY,ADVISORY,ASSET ADVISOR,SEP,P,N,1572316.82,1572316.82,1572316.82,6,Y,Y,N,FSCAP7M9HW,PIMCO,US Fund Short-Term Bond,US Fund Short-Term Bond
2025-06-30,QZXEBB9EI,NKJYX,VANGUARD,VANGUARD Bond Fund A,A,Y,PCG,ADVISORY,ADVISORY,MASTERS,SEP,P,Y,270342.2,270342.2,270342.2,29,Y,Y,Y,FSC4693666,Vanguard,US Fund Intermediate Core Bond,US Fund Intermediate Core Bond
2025-10-31,IUC039TEX,YENPX,DWS FUNDS,DWS FUNDS Bond Fund A,A,Y,FINET,ADVISORY,ADVISORY,PIM,SEP,S,N,3702140.03,-3702140.03,-3702140.03,48,Y,Y,Y,FSUSA4DZT8,DWS,US Fund Multisector Bond,US Fund Multisector Bond
2025-06-30,WOCLYT8W5,MOQGX,T ROWE PRICE,T ROWE PRICE Blend Fund INST,INST,Y,PCG,BROKERAGE,BROKERAGE,ASSET ADVISOR,NON-RETIREMENT,S,N,1518227.36,-1518227.36,-1518227.36,40,Y,Y,Y,FSINVVY2S9,T. Rowe Price,US Fund Large Blend,US Fund Large Blend
2025-07-31,CATVAZCCB,INHMX,CAPITAL GROUP,CAPITAL GROUP Blend Fund INST,INST,N,PCG,BROKERAGE,BROKERAGE,FC/QC,IRA,P,N,410629.42,410629.42,410629.42,48,Y,Y,Y,FSC7363842,capital group,US Fund Small Blend,US Fund Small Blend
2025-01-31,HZIOYKL1C,LZZBX,FIRST EAGLE,FIRST EAGLE Bond Fund A,A,Y,WBS,BROKERAGE,BROKERAGE,CUSTOMCHOICE,NON-RETIREMENT,P,N,3768900.11,3768900.11,3768900.11,9,Y,Y,Y,FSUSAMFLIX,First Eagle,US Fund Multisector Bond,US Fund Multisector Bond
2026-02-28,WYJXRPJ1E,LHRMX,INVESCO,INVESCO Bond Fund A,A,Y,WBS,BROKERAGE,BROKERAGE,FC/QC,NON-RETIREMENT,P,N,630166.18,630166.18,630166.18,25,Y,Y,Y,FSCAPRK315,Invesco,US Fund Intermediate Core Bond,US Fund Intermediate Core Bond
2025-01-31,O4KH2VLPY,NUYTX,PIMCO,PIMCO Blend Fund A,A,Y,FINET,BROKERAGE,BROKERAGE,BROKERAGE,IRA,P,N,3157320.25,3157320.25,3157320.25,15,Y,N,Y,FSINVNDQ6K,PIMCO,US Fund Small Blend,US Fund Small Blend
2025-08-31,QZXEBB9EI,NKJYX,VANGUARD,VANGUARD Bond Fund A,A,Y,PCG,ADVISORY,ADVISORY,CUSTOMCHOICE,IRA,P,N,663779.78,663779.78,663779.78,42,Y,N,Y,FSC4693666,Vanguard,US Fund Intermediate Core Bond,US Fund Intermediate Core Bond
2025-10-31,DK0GET8T6,VGVMX,BLACKROCK,BLACKROCK Bond Fund INST,INST,Y,FCCS,ADVISORY,ADVISORY,CUSTOMCHOICE,QP,P,N,644524.99,644524.99,644524.99,19,Y,N,N,FSC6963457,BlackRock,US Fund High Yield Bond,US Fund High Yield Bond
2025-11-30,2960361I2,FEGTX,JPMORGAN,JPMORGAN Bond Fund A,A,Y,FCCS,ADVISORY,ADVISORY,FC/QC,IRA,S,N,4422977.79,-4422977.79,-4422977.79,3,Y,Y,Y,FSCAP0TE0V,JPMorgan,US Fund Multisector Bond,US Fund Multisector Bond
2025-05-31,6VXDP5GJL,LIWHX,FIDELITY,FIDELITY Bond Fund INST,INST,N,PCG,BROKERAGE,BROKERAGE,FC/QC,QP,P,N,3915986.7,3915986.7,3915986.7,3,Y,Y,N,FSINVQUXZJ,Fidelity,US Fund Intermediate Core Bond,US Fund Intermediate Core Bond
2025-12-31,2EK3ZEZQA,CGVOX,JPMORGAN,JPMORGAN Allocation Fund A,A,Y,PCG,BROKERAGE,BROKERAGE,ASSET ADVISOR,SIM,P,N,1652744.84,1652744.84,1652744.84,23,Y,Y,Y,FSUSAD1XUN,JPMorgan,US Fund Moderate Allocation,US Fund Moderate Allocation
2025-09-30,QTL3Q4N89,MHJNX,MFS,MFS Blend Fund A,A,Y,WBS,ADVISORY,ADVISORY,FUNDSOURCE,IRA,P,N,2552496.83,2552496.83,2552496.83,43,N,Y,Y,FSCAPO8FAQ,MFS,US Fund Mid-Cap Blend,US Fund Mid-Cap Blend
2026-02-28,0YNCXLL4Z,HIKKX,FIDELITY,FIDELITY Bond Fund A,A,N,WFAS,BROKERAGE,BROKERAGE,FC/QC,IRA,P,N,4423662.03,4423662.03,4423662.03,31,Y,Y,Y,FSUSAP0XJP,Fidelity,US Fund Multisector Bond,US Fund Multisector Bond
2026-01-31,0CVS4F8CG,PRGDX,T ROWE PRICE,T ROWE PRICE Bond Fund C,C,Y,PCG,ADVISORY,ADVISORY,MASTERS,QP,P,N,77611.24,77611.24,77611.24,49,Y,Y,Y,FSINV5AYKJ,T. Rowe Price,US Fund Short-Term Bond,US Fund Short-Term Bond
2025-05-31,E2ATN2TWD,IZSNX,FRANKLIN TEMPLETON,FRANKLIN TEMPLETON Bond Fund INST,INST,Y,WFAS,ADVISORY,ADVISORY,BROKERAGE,SEP,P,N,2945812.1,2945812.1,2945812.1,29,Y,Y,Y,FSC7967512,Franklin Templeton,US Fund Short-Term Bond,US Fund Short-Term Bond
2025-12-31,HZIOYKL1C,LZZBX,FIRST EAGLE,FIRST EAGLE Bond Fund A,A,Y,FINET,ADVISORY,ADVISORY,CUSTOMCHOICE,SIM,P,Y,1075656.79,1075656.79,1075656.79,36,Y,Y,Y,FSUSAMFLIX,First Eagle,US Fund Multisector Bond,US Fund Multisector Bond
2025-12-31,7BH25LLO3,MAQHX,DWS FUNDS,DWS FUNDS Bond Fund C,C,Y,PCG,BROKERAGE,BROKERAGE,CUSTOMCHOICE,SEP,S,N,4173648.4,-4173648.4,-4173648.4,43,Y,Y,N,FSC8694117,DWS,US Fund Intermediate Core Bond,US Fund Intermediate Core Bond
2026-03-31,7BH25LLO3,MAQHX,DWS FUNDS,DWS FUNDS Bond Fund C,C,Y,WBS,BROKERAGE,BROKERAGE,CUSTOMCHOICE,NON-RETIREMENT,P,Y,2682838.43,2682838.43,2682838.43,3,Y,Y,Y,FSC8694117,DWS,US Fund Intermediate Core Bond,US Fund Intermediate Core Bond
2025-12-31,8MGYN2JCP,LZEHX,NUVEEN,NUVEEN Estate Fund A,A,N,FINET,BROKERAGE,BROKERAGE,BROKERAGE,QP,P,N,4710637.58,4710637.58,4710637.58,18,Y,Y,Y,FSCAP9SFEF,Nuveen,US Fund Real Estate,US Fund Real Estate
2025-12-31,DMLY4LYK8,VOLIX,BLACKROCK,BLACKROCK Value Fund C,C,Y,PCG,ADVISORY,ADVISORY,PIM,NON-RETIREMENT,P,N,1627606.21,1627606.21,1627606.21,31,Y,Y,Y,FSINVW6LMH,BlackRock,US Fund Large Value,US Fund Large Value
2025-10-31,2960361I2,FEGTX,JPMORGAN,JPMORGAN Bond Fund A,A,Y,WBS,ADVISORY,ADVISORY,PERSONALIZED UMA,SEP,S,N,4618866.99,-4618866.99,-4618866.99,44,Y,Y,N,FSCAP0TE0V,JPMorgan,US Fund Multisector Bond,US Fund Multisector Bond
2025-11-30,LFEWVZNVK,NLUCX,DWS FUNDS,DWS FUNDS Blend Fund INV,INV,Y,PCG,ADVISORY,ADVISORY,ASSET ADVISOR,QP,S,N,4642759.01,-4642759.01,-4642759.01,28,Y,Y,Y,FSINVF3PFW,DWS,US Fund Large Blend,US Fund Large Blend
2026-01-31,QZXEBB9EI,NKJYX,VANGUARD,VANGUARD Bond Fund A,A,Y,WFAS,ADVISORY,ADVISORY,FC/QC,SIM,P,N,3837631.94,3837631.94,3837631.94,28,Y,N,N,FSC4693666,Vanguard,US Fund Intermediate Core Bond,US Fund Intermediate Core Bond
2025-10-31,IUC039TEX,YENPX,DWS FUNDS,DWS FUNDS Bond Fund A,A,Y,WFAS,ADVISORY,ADVISORY,FC/QC,NON-RETIREMENT,S,N,1755136.59,-1755136.59,-1755136.59,6,Y,Y,Y,FSUSA4DZT8,DWS,US Fund Multisector Bond,US Fund Multisector Bond
2025-03-31,FB9W1Q5UZ,JKDRX,VANGUARD,VANGUARD Growth Fund A,A,Y,WFAS,BROKERAGE,BROKERAGE,FUNDSOURCE,SEP,S,N,723345.25,-723345.25,-723345.25,39,Y,Y,Y,FSCAP3Y8BT,Vanguard,US Fund Large Growth,US Fund Large Growth
2025-11-30,E2ATN2TWD,IZSNX,FRANKLIN TEMPLETON,FRANKLIN TEMPLETON Bond Fund INST,INST,Y,PCG,ADVISORY,ADVISORY,BROKERAGE,SEP,P,N,1270571.82,1270571.82,1270571.82,14,Y,Y,Y,FSC7967512,Franklin Templeton,US Fund Short-Term Bond,US Fund Short-Term Bond
2026-02-28,2960361I2,FEGTX,JPMORGAN,JPMORGAN Bond Fund A,A,N,PCG,BROKERAGE,BROKERAGE,PERSONALIZED UMA,IRA,P,N,3738881.2,3738881.2,3738881.2,21,Y,Y,Y,FSCAP0TE0V,JPMorgan,US Fund Multisector Bond,US Fund Multisector Bond
2025-10-31,C8D1WJCIT,EKRMX,FRANKLIN TEMPLETON,FRANKLIN TEMPLETON Estate Fund C,C,Y,WFAS,ADVISORY,ADVISORY,FC/QC,NON-RETIREMENT,P,N,1965058.21,1965058.21,1965058.21,4,Y,N,Y,FSC7392545,Franklin Templeton,US Fund Real Estate,US Fund Real Estate
2025-10-31,3NX39RBSV,WWLNX,CAPITAL GROUP,CAPITAL GROUP Growth Fund A,A,Y,WFAS,BROKERAGE,BROKERAGE,PIM,SIM,P,N,535874.11,535874.11,535874.11,41,Y,Y,Y,FSINV8R1QP,capital group,US Fund Small Growth,US Fund Small Growth
2025-03-31,JSG65KXVF,TOUNX,FIRST EAGLE,FIRST EAGLE Blend Fund INST,INST,Y,FINET,BROKERAGE,BROKERAGE,FUNDSOURCE,QP,S,N,4397454.91,-4397454.91,-4397454.91,2,Y,Y,N,FSCAP4FGYV,First Eagle,US Fund Small Blend,US Fund Small Blend
2025-03-31,UVY8N1UTO,QGCTX,INVESCO,INVESCO Allocation Fund S,S,Y,FCCS,ADVISORY,ADVISORY,PIM,SIM,P,N,793995.0,793995.0,793995.0,33,Y,N,Y,FSINV12SDD,Invesco,US Fund Tactical Allocation,US Fund Tactical Allocation
2025-10-31,6RE4Q6QDY,VIJBX,T ROWE PRICE,T ROWE PRICE Blend Fund A,A,Y,FINET,ADVISORY,ADVISORY,ASSET ADVISOR,QP,S,N,112368.03,-112368.03,-112368.03,30,Y,Y,Y,FSUSA99GZA,T. Rowe Price,US Fund Small Blend,US Fund Small Blend
2025-05-31,BSWRPBJEK,WMAQX,JPMORGAN,JPMORGAN Growth Fund INV,INV,Y,FINET,ADVISORY,ADVISORY,FC/QC,SEP,P,N,1534441.35,1534441.35,1534441.35,12,Y,Y,Y,FSINVVT0VG,JPMorgan,US Fund Large Growth,US Fund Large Growth
2025-11-30,DK0GET8T6,VGVMX,BLACKROCK,BLACKROCK Bond Fund INST,INST,Y,WFAS,ADVISORY,ADVISORY,BROKERAGE,SIM,P,N,1360930.46,1360930.46,1360930.46,21,Y,Y,Y,FSC6963457,BlackRock,US Fund High Yield Bond,US Fund High Yield Bond
2025-11-30,RPN6QFGSX,QXUMX,LORD ABBETT,LORD ABBETT Estate Fund A,A,Y,FINET,ADVISORY,ADVISORY,ASSET ADVISOR,SEP,S,N,1113664.22,-1113664.22,-1113664.22,37,Y,Y,Y,FSINVN2N0F,Lord Abbett,US Fund Real Estate,US Fund Real Estate
2025-05-31,KTSG7FXZV,VOVAX,CAPITAL GROUP,CAPITAL GROUP Bond Fund INST,INST,Y,FCCS,ADVISORY,ADVISORY,FUNDSOURCE,SEP,S,Y,4293049.49,-4293049.49,-4293049.49,23,Y,Y,Y,FSCAPU9MJ4,capital group,US Fund Intermediate Core Bond,US Fund Intermediate Core Bond
2025-11-30,IUC039TEX,YENPX,DWS FUNDS,DWS FUNDS Bond Fund A,A,Y,WBS,ADVISORY,ADVISORY,FUNDSOURCE,SEP,P,N,615785.16,615785.16,615785.16,17,Y,Y,N,FSUSA4DZT8,DWS,US Fund Multisector Bond,US Fund Multisector Bond
2025-12-31,BPLJD84U8,ZRHBX,PIMCO,PIMCO Blend Fund A,A,Y,FCCS,ADVISORY,ADVISORY,PIM,SIM,P,N,667892.63,667892.63,667892.63,15,Y,Y,Y,FSCAPPXIH2,PIMCO,US Fund Mid-Cap Blend,US Fund Mid-Cap Blend
2025-05-31,QTL3Q4N89,MHJNX,MFS,MFS Blend Fund A,A,Y,PCG,ADVISORY,ADVISORY,PIM,NON-RETIREMENT,P,N,2670069.2,2670069.2,2670069.2,10,Y,N,Y,FSCAPO8FAQ,MFS,US Fund Mid-Cap Blend,US Fund Mid-Cap Blend
2026-02-28,4FMYZYCWT,GMHYX,DWS FUNDS,DWS FUNDS Bond Fund A,A,Y,WBS,BROKERAGE,BROKERAGE,MASTERS,SIM,S,N,3749508.55,-3749508.55,-3749508.55,33,Y,Y,Y,FSCAPZUVDG,DWS,US Fund High Yield Bond,US Fund High Yield Bond
2026-01-31,7BH25LLO3,MAQHX,DWS FUNDS,DWS FUNDS Bond Fund C,C,Y,PCG,ADVISORY,ADVISORY,FUNDSOURCE,SEP,S,Y,3140535.15,-3140535.15,-3140535.15,20,Y,Y,Y,FSC8694117,DWS,US Fund Intermediate Core Bond,US Fund Intermediate Core Bond
2025-08-31,WK8R2YKCC,LMFPX,DWS FUNDS,DWS FUNDS Bond Fund INST,INST,Y,WBS,ADVISORY,ADVISORY,FUNDSOURCE,SEP,S,N,480531.99,-480531.99,-480531.99,23,Y,Y,N,FSCAPNRENH,DWS,US Fund High Yield Bond,US Fund High Yield Bond
2025-12-31,OQW9JA2M0,QUTIX,VANGUARD,VANGUARD Growth Fund C,C,Y,PCG,BROKERAGE,BROKERAGE,PERSONALIZED UMA,IRA,P,N,4694180.98,4694180.98,4694180.98,25,Y,Y,Y,FSCAP2IIZJ,Vanguard,US Fund Large Growth,US Fund Large Growth
2025-11-30,JH75LXO6Q,GGOGX,MFS,MFS Blend Fund A,A,Y,PCG,ADVISORY,ADVISORY,MASTERS,QP,S,N,3790013.47,-3790013.47,-3790013.47,35,Y,Y,N,FSCAPUR81B,MFS,US Fund Small Blend,US Fund Small Blend
2025-06-30,Y6B2KNFTU,UECWX,VANGUARD,VANGUARD Bond Fund INV,INV,Y,WFAS,ADVISORY,ADVISORY,FUNDSOURCE,QP,S,N,1989643.41,-1989643.41,-1989643.41,38,Y,Y,Y,FSUSAF3MVF,Vanguard,US Fund Short-Term Bond,US Fund Short-Term Bond
2026-01-31,U6N7HV3IZ,HRUUX,JPMORGAN,JPMORGAN Value Fund S,S,Y,PCG,BROKERAGE,BROKERAGE,FC/QC,IRA,P,N,4999285.98,4999285.98,4999285.98,30,Y,Y,Y,FSUSAS5BKX,JPMorgan,US Fund Large Value,US Fund Large Value
2025-04-30,0CVS4F8CG,PRGDX,T ROWE PRICE,T ROWE PRICE Bond Fund C,C,Y,PCG,ADVISORY,ADVISORY,MASTERS,NON-RETIREMENT,P,Y,1727357.08,1727357.08,1727357.08,30,Y,Y,Y,FSINV5AYKJ,T. Rowe Price,US Fund Short-Term Bond,US Fund Short-Term Bond
2025-10-31,WOCLYT8W5,MOQGX,T ROWE PRICE,T ROWE PRICE Blend Fund INST,INST,Y,WBS,ADVISORY,ADVISORY,FC/QC,SIM,P,N,2026240.31,2026240.31,2026240.31,5,N,Y,N,FSINVVY2S9,T. Rowe Price,US Fund Large Blend,US Fund Large Blend
2025-12-31,U6N7HV3IZ,HRUUX,JPMORGAN,JPMORGAN Value Fund S,S,Y,FCCS,BROKERAGE,BROKERAGE,FUNDSOURCE,SEP,S,N,4866974.09,-4866974.09,-4866974.09,28,Y,Y,Y,FSUSAS5BKX,JPMorgan,US Fund Large Value,US Fund Large Value
2025-09-30,JH75LXO6Q,GGOGX,MFS,MFS Blend Fund A,A,N,WBS,BROKERAGE,BROKERAGE,PERSONALIZED UMA,QP,P,N,4249078.98,4249078.98,4249078.98,46,Y,Y,N,FSCAPUR81B,MFS,US Fund Small Blend,US Fund Small Blend
2025-07-31,OQW9JA2M0,QUTIX,VANGUARD,VANGUARD Growth Fund C,C,Y,PCG,ADVISORY,ADVISORY,FUNDSOURCE,NON-RETIREMENT,P,Y,2916578.18,2916578.18,2916578.18,41,Y,Y,Y,FSCAP2IIZJ,Vanguard,US Fund Large Growth,US Fund Large Growth
2025-02-28,S0R2SDS8B,UWNLX,AMERICAN FUNDS,AMERICAN FUNDS Bond Fund INST,INST,Y,WFAS,ADVISORY,ADVISORY,CUSTOMCHOICE,SEP,S,N,2928111.54,-2928111.54,-2928111.54,20,Y,N,Y,FSC0723107,capital group,US Fund High Yield Bond,US Fund High Yield Bond
2025-11-30,BPLJD84U8,ZRHBX,PIMCO,PIMCO Blend Fund A,A,Y,PCG,ADVISORY,ADVISORY,PIM,SEP,S,N,1888023.18,-1888023.18,-1888023.18,5,Y,Y,Y,FSCAPPXIH2,PIMCO,US Fund Mid-Cap Blend,US Fund Mid-Cap Blend
2025-11-30,8MGYN2JCP,LZEHX,NUVEEN,NUVEEN Estate Fund A,A,N,FCCS,ADVISORY,ADVISORY,FUNDSOURCE,QP,S,N,4525473.36,-4525473.36,-4525473.36,44,Y,Y,Y,FSCAP9SFEF,Nuveen,US Fund Real Estate,US Fund Real Estate
2025-02-28,B5M9J98CW,JURYX,AMERICAN FUNDS,AMERICAN FUNDS Growth Fund A,A,Y,WBS,BROKERAGE,BROKERAGE,ASSET ADVISOR,QP,S,N,1082330.64,-1082330.64,-1082330.64,18,Y,N,Y,FSCAPBLFOC,capital group,US Fund Large Growth,US Fund Large Growth
2025-03-31,0YNCXLL4Z,HIKKX,FIDELITY,FIDELITY Bond Fund A,A,Y,PCG,ADVISORY,ADVISORY,MASTERS,IRA,P,N,372966.79,372966.79,372966.79,8,Y,Y,Y,FSUSAP0XJP,Fidelity,US Fund Multisector Bond,US Fund Multisector Bond
2025-01-31,LFEWVZNVK,NLUCX,DWS FUNDS,DWS FUNDS Blend Fund INV,INV,Y,PCG,ADVISORY,ADVISORY,PERSONALIZED UMA,IRA,P,N,2541036.97,2541036.97,2541036.97,1,N,Y,Y,FSINVF3PFW,DWS,US Fund Large Blend,US Fund Large Blend
2025-09-30,4DPJA1WJ0,OLABX,PIMCO,PIMCO Bond Fund S,S,Y,PCG,BROKERAGE,BROKERAGE,FC/QC,SIM,P,Y,2325428.0,2325428.0,2325428.0,5,Y,Y,Y,FSCAP7M9HW,PIMCO,US Fund Short-Term Bond,US Fund Short-Term Bond
2025-01-31,O4KH2VLPY,NUYTX,PIMCO,PIMCO Blend Fund A,A,Y,FINET,ADVISORY,ADVISORY,ASSET ADVISOR,QP,P,N,2618001.24,2618001.24,2618001.24,37,Y,Y,N,FSINVNDQ6K,PIMCO,US Fund Small Blend,US Fund Small Blend
2025-07-31,U7EEQTUL1,LVXLX,FIRST EAGLE,FIRST EAGLE Estate Fund INST,INST,Y,WBS,ADVISORY,ADVISORY,MASTERS,IRA,S,N,3271879.47,-3271879.47,-3271879.47,6,Y,Y,N,FSUSAS7SPG,First Eagle,US Fund Real Estate,US Fund Real Estate
2025-10-31,V1V93KMKZ,DBBHX,PIMCO,PIMCO Allocation Fund A,A,Y,WBS,BROKERAGE,BROKERAGE,PERSONALIZED UMA,IRA,S,N,1934824.94,-1934824.94,-1934824.94,9,Y,Y,Y,FSC3796172,PIMCO,US Fund Moderate Allocation,US Fund Moderate Allocation
2025-08-31,QJIDKNWI5,EIPIX,JPMORGAN,JPMORGAN Allocation Fund INST,INST,Y,WBS,BROKERAGE,BROKERAGE,ASSET ADVISOR,NON-RETIREMENT,S,Y,617352.44,-617352.44,-617352.44,35,Y,Y,N,FSCAPZ4DKB,JPMorgan,US Fund Tactical Allocation,US Fund Tactical Allocation
2025-05-31,N1YBWMLUN,GWZPX,INVESCO,INVESCO Blend Fund A,A,Y,PCG,ADVISORY,ADVISORY,FC/QC,NON-RETIREMENT,P,N,4803647.23,4803647.23,4803647.23,22,N,Y,Y,FSINVZILDX,Invesco,US Fund Large Blend,US Fund Large Blend
2025-02-28,R7KO64T02,XMHMX,FRANKLIN TEMPLETON,FRANKLIN TEMPLETON Blend Fund C,C,Y,WBS,ADVISORY,ADVISORY,PIM,SEP,P,N,3674985.1,3674985.1,3674985.1,10,Y,N,Y,FSC8379085,Franklin Templeton,US Fund Mid-Cap Blend,US Fund Mid-Cap Blend
2025-09-30,3TV3I12VJ,ZZOUX,AMERICAN FUNDS,AMERICAN FUNDS Bond Fund A,A,Y,FINET,BROKERAGE,BROKERAGE,ASSET ADVISOR,IRA,P,N,2517676.13,2517676.13,2517676.13,29,Y,N,N,FSUSA1CZS7,capital group,US Fund High Yield Bond,US Fund High Yield Bond
2025-05-31,ST0SX5WVF,ESQXX,CAPITAL GROUP,CAPITAL GROUP Bond Fund INST,INST,Y,FINET,BROKERAGE,BROKERAGE,ASSET ADVISOR,IRA,P,N,1268978.89,1268978.89,1268978.89,48,Y,Y,N,FSINV6Z5AS,capital group,US Fund Intermediate Core Bond,US Fund Intermediate Core Bond
2025-03-31,HZIOYKL1C,LZZBX,FIRST EAGLE,FIRST EAGLE Bond Fund A,A,Y,WBS,ADVISORY,ADVISORY,PERSONALIZED UMA,QP,S,Y,1223095.12,-1223095.12,-1223095.12,15,Y,N,Y,FSUSAMFLIX,First Eagle,US Fund Multisector Bond,US Fund Multisector Bond
2025-08-31,ZW9XA3KX7,DDCOX,CAPITAL GROUP,CAPITAL GROUP Blend Fund A,A,Y,PCG,ADVISORY,ADVISORY,FC/QC,QP,S,N,407688.82,-407688.82,-407688.82,4,Y,Y,Y,FSCAPVVD5U,capital group,US Fund Small Blend,US Fund Small Blend
2025-01-31,S0R2SDS8B,UWNLX,AMERICAN FUNDS,AMERICAN FUNDS Bond Fund INST,INST,Y,WFAS,BROKERAGE,BROKERAGE,PIM,NON-RETIREMENT,P,N,4815900.16,4815900.16,4815900.16,25,Y,Y,Y,FSC0723107,capital group,US Fund High Yield Bond,US Fund High Yield Bond
2025-08-31,8VMUHXID4,JTOUX,FRANKLIN TEMPLETON,FRANKLIN TEMPLETON Bond Fund INST,INST,N,PCG,ADVISORY,ADVISORY,MASTERS,SEP,P,N,3336322.19,3336322.19,3336322.19,42,Y,N,Y,FSINVCNRVP,Franklin Templeton,US Fund Intermediate Core Bond,US Fund Intermediate Core Bond
2025-11-30,6Q3XLRFCD,XISNX,VANGUARD,VANGUARD Allocation Fund INV,INV,Y,WBS,BROKERAGE,BROKERAGE,FUNDSOURCE,IRA,S,N,4210254.53,-4210254.53,-4210254.53,12,Y,N,Y,FSUSAMIGJS,Vanguard,US Fund Tactical Allocation,US Fund Tactical Allocation
2025-06-30,8LPQW2VMC,MAJHX,T ROWE PRICE,T ROWE PRICE Estate Fund S,S,Y,WFAS,ADVISORY,ADVISORY,ASSET ADVISOR,IRA,S,N,4918172.63,-4918172.63,-4918172.63,18,Y,N,Y,FSINVOVNZB,T. Rowe Price,US Fund Real Estate,US Fund Real Estate
2025-12-31,1M8XFDJGF,TBYQX,PIMCO,PIMCO Growth Fund A,A,Y,PCG,BROKERAGE,BROKERAGE,PIM,SEP,S,N,4218564.63,-4218564.63,-4218564.63,4,Y,N,Y,FSCAPS2MJ6,PIMCO,US Fund Small Growth,US Fund Small Growth
2026-02-28,HQIN9N6XC,HZYVX,MFS,MFS Blend Fund C,C,Y,PCG,ADVISORY,ADVISORY,ASSET ADVISOR,IRA,P,N,4448911.84,4448911.84,4448911.84,37,Y,Y,Y,FSC8686926,MFS,US Fund Small Blend,US Fund Small Blend
2025-11-30,3KKV9RFTM,OOLIX,FRANKLIN TEMPLETON,FRANKLIN TEMPLETON Growth Fund INST,INST,Y,WFAS,ADVISORY,ADVISORY,CUSTOMCHOICE,NON-RETIREMENT,S,N,2091928.74,-2091928.74,-2091928.74,37,Y,Y,Y,FSUSA9SEXI,Franklin Templeton,US Fund Small Growth,US Fund Small Growth
2026-01-31,JH75LXO6Q,GGOGX,MFS,MFS Blend Fund A,A,Y,PCG,BROKERAGE,BROKERAGE,PIM,SIM,P,N,52577.39,52577.39,52577.39,28,Y,Y,Y,FSCAPUR81B,MFS,US Fund Small Blend,US Fund Small Blend
2025-02-28,17MGFXC08,CNJLX,NUVEEN,NUVEEN Blend Fund INV,INV,Y,PCG,ADVISORY,ADVISORY,PERSONALIZED UMA,SIM,P,N,661517.8,661517.8,661517.8,29,Y,Y,Y,FSUSALNO19,Nuveen,US Fund Small Blend,US Fund Small Blend
2025-10-31,RPN6QFGSX,QXUMX,LORD ABBETT,LORD ABBETT Estate Fund A,A,Y,WBS,ADVISORY,ADVISORY,CUSTOMCHOICE,SIM,P,Y,4127159.78,4127159.78,4127159.78,6,Y,Y,Y,FSINVN2N0F,Lord Abbett,US Fund Real Estate,US Fund Real Estate
2025-02-28,QZXEBB9EI,NKJYX,VANGUARD,VANGUARD Bond Fund A,A,Y,PCG,BROKERAGE,BROKERAGE,CUSTOMCHOICE,SEP,P,N,2985571.12,2985571.12,2985571.12,15,Y,N,Y,FSC4693666,Vanguard,US Fund Intermediate Core Bond,US Fund Intermediate Core Bond
2025-04-30,O4KH2VLPY,NUYTX,PIMCO,PIMCO Blend Fund A,A,Y,WFAS,ADVISORY,ADVISORY,BROKERAGE,SIM,S,N,4645404.52,-4645404.52,-4645404.52,17,Y,Y,Y,FSINVNDQ6K,PIMCO,US Fund Small Blend,US Fund Small Blend
2025-06-30,QT3WVEDN9,OJDPX,BLACKROCK,BLACKROCK Blend Fund A,A,Y,PCG,BROKERAGE,BROKERAGE,CUSTOMCHOICE,QP,S,N,954050.58,-954050.58,-954050.58,9,Y,Y,Y,FSINV1KDAD,BlackRock,US Fund Foreign Large Blend,US Fund Foreign Large Blend
2025-01-31,IUC039TEX,YENPX,DWS FUNDS,DWS FUNDS Bond Fund A,A,Y,WFAS,ADVISORY,ADVISORY,PIM,SEP,S,N,4307498.67,-4307498.67,-4307498.67,50,Y,Y,Y,FSUSA4DZT8,DWS,US Fund Multisector Bond,US Fund Multisector Bond
2025-11-30,KTSG7FXZV,VOVAX,CAPITAL GROUP,CAPITAL GROUP Bond Fund INST,INST,Y,PCG,ADVISORY,ADVISORY,MASTERS,NON-RETIREMENT,S,N,3997885.28,-3997885.28,-3997885.28,1,Y,N,Y,FSCAPU9MJ4,capital group,US Fund Intermediate Core Bond,US Fund Intermediate Core Bond
2025-03-31,3NX39RBSV,WWLNX,CAPITAL GROUP,CAPITAL GROUP Growth Fund A,A,Y,FCCS,BROKERAGE,BROKERAGE,PERSONALIZED UMA,QP,P,N,4003671.59,4003671.59,4003671.59,44,Y,Y,Y,FSINV8R1QP,capital group,US Fund Small Growth,US Fund Small Growth
2025-03-31,T7E8G8JDP,SIPNX,CAPITAL GROUP,CAPITAL GROUP Blend Fund A,A,Y,WFAS,ADVISORY,ADVISORY,PIM,QP,P,N,4438625.02,4438625.02,4438625.02,27,Y,N,Y,FSUSAYANEZ,capital group,US Fund Foreign Large Blend,US Fund Foreign Large Blend
2025-09-30,T7E8G8JDP,SIPNX,CAPITAL GROUP,CAPITAL GROUP Blend Fund A,A,Y,WFAS,ADVISORY,ADVISORY,PERSONALIZED UMA,NON-RETIREMENT,S,N,2829518.52,-2829518.52,-2829518.52,45,Y,N,N,FSUSAYANEZ,capital group,US Fund Foreign Large Blend,US Fund Foreign Large Blend
2025-06-30,E2ATN2TWD,IZSNX,FRANKLIN TEMPLETON,FRANKLIN TEMPLETON Bond Fund INST,INST,Y,FINET,ADVISORY,ADVISORY,FC/QC,SEP,S,N,868818.88,-868818.88,-868818.88,28,Y,Y,Y,FSC7967512,Franklin Templeton,US Fund Short-Term Bond,US Fund Short-Term Bond
2025-09-30,6RE4Q6QDY,VIJBX,T ROWE PRICE,T ROWE PRICE Blend Fund A,A,Y,PCG,BROKERAGE,BROKERAGE,PERSONALIZED UMA,SEP,P,N,22943.15,22943.15,22943.15,6,Y,Y,Y,FSUSA99GZA,T. Rowe Price,US Fund Small Blend,US Fund Small Blend
2025-02-28,VBDIVUZZP,LHWTX,VANGUARD,VANGUARD Growth Fund A,A,Y,PCG,BROKERAGE,BROKERAGE,MASTERS,QP,S,N,2445747.31,-2445747.31,-2445747.31,9,Y,Y,Y,FSCAP853QJ,Vanguard,US Fund Large Growth,US Fund Large Growth
2025-07-31,DMLY4LYK8,VOLIX,BLACKROCK,BLACKROCK Value Fund C,C,Y,WFAS,BROKERAGE,BROKERAGE,PIM,NON-RETIREMENT,P,N,4372293.53,4372293.53,4372293.53,44,Y,Y,Y,FSINVW6LMH,BlackRock,US Fund Large Value,US Fund Large Value
2025-04-30,IUC039TEX,YENPX,DWS FUNDS,DWS FUNDS Bond Fund A,A,Y,PCG,BROKERAGE,BROKERAGE,FUNDSOURCE,NON-RETIREMENT,S,N,1991515.89,-1991515.89,-1991515.89,24,Y,Y,N,FSUSA4DZT8,DWS,US Fund Multisector Bond,US Fund Multisector Bond
2025-04-30,6RE4Q6QDY,VIJBX,T ROWE PRICE,T ROWE PRICE Blend Fund A,A,Y,PCG,ADVISORY,ADVISORY,MASTERS,SEP,P,Y,3536235.4,3536235.4,3536235.4,39,Y,Y,Y,FSUSA99GZA,T. Rowe Price,US Fund Small Blend,US Fund Small Blend
2025-12-31,DMLY4LYK8,VOLIX,BLACKROCK,BLACKROCK Value Fund C,C,Y,WBS,BROKERAGE,BROKERAGE,ASSET ADVISOR,SEP,S,N,1711532.58,-1711532.58,-1711532.58,7,Y,Y,N,FSINVW6LMH,BlackRock,US Fund Large Value,US Fund Large Value
2025-11-30,ST0SX5WVF,ESQXX,CAPITAL GROUP,CAPITAL GROUP Bond Fund INST,INST,Y,PCG,ADVISORY,ADVISORY,CUSTOMCHOICE,QP,P,N,3087317.12,3087317.12,3087317.12,23,Y,Y,Y,FSINV6Z5AS,capital group,US Fund Intermediate Core Bond,US Fund Intermediate Core Bond
2025-08-31,E2ATN2TWD,IZSNX,FRANKLIN TEMPLETON,FRANKLIN TEMPLETON Bond Fund INST,INST,Y,WFAS,BROKERAGE,BROKERAGE,PIM,QP,S,N,4156787.88,-4156787.88,-4156787.88,7,Y,N,Y,FSC7967512,Franklin Templeton,US Fund Short-Term Bond,US Fund Short-Term Bond
2026-03-31,3TV3I12VJ,ZZOUX,AMERICAN FUNDS,AMERICAN FUNDS Bond Fund A,A,Y,FINET,ADVISORY,ADVISORY,PERSONALIZED UMA,IRA,P,N,624902.31,624902.31,624902.31,11,N,N,Y,FSUSA1CZS7,capital group,US Fund High Yield Bond,US Fund High Yield Bond
2025-05-31,6Q3XLRFCD,XISNX,VANGUARD,VANGUARD Allocation Fund INV,INV,Y,PCG,ADVISORY,ADVISORY,PERSONALIZED UMA,NON-RETIREMENT,S,N,553941.73,-553941.73,-553941.73,11,Y,Y,Y,FSUSAMIGJS,Vanguard,US Fund Tactical Allocation,US Fund Tactical Allocation
2025-04-30,B5M9J98CW,JURYX,AMERICAN FUNDS,AMERICAN FUNDS Growth Fund A,A,Y,FCCS,BROKERAGE,BROKERAGE,PERSONALIZED UMA,SIM,S,N,889497.27,-889497.27,-889497.27,42,Y,N,Y,FSCAPBLFOC,capital group,US Fund Large Growth,US Fund Large Growth
2025-05-31,BPLJD84U8,ZRHBX,PIMCO,PIMCO Blend Fund A,A,Y,PCG,ADVISORY,ADVISORY,PERSONALIZED UMA,QP,P,N,1528930.17,1528930.17,1528930.17,39,N,Y,Y,FSCAPPXIH2,PIMCO,US Fund Mid-Cap Blend,US Fund Mid-Cap Blend
2026-03-31,DK0GET8T6,VGVMX,BLACKROCK,BLACKROCK Bond Fund INST,INST,Y,WFAS,BROKERAGE,BROKERAGE,BROKERAGE,NON-RETIREMENT,P,N,3555164.36,3555164.36,3555164.36,37,Y,N,Y,FSC6963457,BlackRock,US Fund High Yield Bond,US Fund High Yield Bond
2025-11-30,8MGYN2JCP,LZEHX,NUVEEN,NUVEEN Estate Fund A,A,Y,WBS,ADVISORY,ADVISORY,BROKERAGE,IRA,P,N,1484496.4,1484496.4,1484496.4,37,Y,Y,Y,FSCAP9SFEF,Nuveen,US Fund Real Estate,US Fund Real Estate
2025-08-31,QZXEBB9EI,NKJYX,VANGUARD,VANGUARD Bond Fund A,A,Y,PCG,ADVISORY,ADVISORY,CUSTOMCHOICE,NON-RETIREMENT,P,N,2076290.7,2076290.7,2076290.7,39,Y,Y,Y,FSC4693666,Vanguard,US Fund Intermediate Core Bond,US Fund Intermediate Core Bond
2025-04-30,QJIDKNWI5,EIPIX,JPMORGAN,JPMORGAN Allocation Fund INST,INST,Y,WFAS,ADVISORY,ADVISORY,BROKERAGE,IRA,P,N,3802493.03,3802493.03,3802493.03,10,Y,Y,Y,FSCAPZ4DKB,JPMorgan,US Fund Tactical Allocation,US Fund Tactical Allocation
2025-03-31,6Q3XLRFCD,XISNX,VANGUARD,VANGUARD Allocation Fund INV,INV,Y,FCCS,ADVISORY,ADVISORY,PIM,SIM,S,N,1980311.76,-1980311.76,-1980311.76,1,Y,Y,Y,FSUSAMIGJS,Vanguard,US Fund Tactical Allocation,US Fund Tactical Allocation
2026-03-31,T7E8G8JDP,SIPNX,CAPITAL GROUP,CAPITAL GROUP Blend Fund A,A,Y,FCCS,BROKERAGE,BROKERAGE,MASTERS,SIM,S,N,1114259.66,-1114259.66,-1114259.66,11,Y,Y,Y,FSUSAYANEZ,capital group,US Fund Foreign Large Blend,US Fund Foreign Large Blend
2025-10-31,TC89K8YQK,ZWCJX,LORD ABBETT,LORD ABBETT Bond Fund A,A,Y,WFAS,BROKERAGE,BROKERAGE,ASSET ADVISOR,SEP,P,N,2077484.79,2077484.79,2077484.79,39,Y,Y,Y,FSC2646842,Lord Abbett,US Fund High Yield Bond,US Fund High Yield Bond
2025-12-31,U7EEQTUL1,LVXLX,FIRST EAGLE,FIRST EAGLE Estate Fund INST,INST,Y,PCG,ADVISORY,ADVISORY,FUNDSOURCE,NON-RETIREMENT,P,N,3643106.06,3643106.06,3643106.06,2,Y,N,Y,FSUSAS7SPG,First Eagle,US Fund Real Estate,US Fund Real Estate
2025-05-31,EAL2W37D4,GPNKX,FIDELITY,FIDELITY Blend Fund C,C,Y,PCG,BROKERAGE,BROKERAGE,PERSONALIZED UMA,QP,S,N,2033192.88,-2033192.88,-2033192.88,48,Y,Y,Y,FSUSAVKKPF,Fidelity,US Fund Large Blend,US Fund Large Blend
2025-12-31,IUC039TEX,YENPX,DWS FUNDS,DWS FUNDS Bond Fund A,A,Y,WBS,ADVISORY,ADVISORY,CUSTOMCHOICE,IRA,S,N,880592.53,-880592.53,-880592.53,29,N,N,Y,FSUSA4DZT8,DWS,US Fund Multisector Bond,US Fund Multisector Bond
2025-04-30,E3TV1ES53,NHEYX,BLACKROCK,BLACKROCK Blend Fund INST,INST,Y,WBS,ADVISORY,ADVISORY,MASTERS,SEP,S,N,1529232.21,-1529232.21,-1529232.21,48,Y,Y,Y,FSUSA4B2GI,BlackRock,US Fund Foreign Large Blend,US Fund Foreign Large Blend
2025-03-31,YYO4UDOJE,JTGJX,BLACKROCK,BLACKROCK Bond Fund INST,INST,Y,PCG,ADVISORY,ADVISORY,ASSET ADVISOR,NON-RETIREMENT,P,N,2789900.6,2789900.6,2789900.6,31,Y,Y,Y,FSCAPSG2R8,BlackRock,US Fund Short-Term Bond,US Fund Short-Term Bond
2025-01-31,RPN6QFGSX,QXUMX,LORD ABBETT,LORD ABBETT Estate Fund A,A,Y,PCG,BROKERAGE,BROKERAGE,PERSONALIZED UMA,SEP,P,N,1150398.86,1150398.86,1150398.86,37,Y,Y,N,FSINVN2N0F,Lord Abbett,US Fund Real Estate,US Fund Real Estate
2025-01-31,U7EEQTUL1,LVXLX,FIRST EAGLE,FIRST EAGLE Estate Fund INST,INST,Y,PCG,ADVISORY,ADVISORY,FUNDSOURCE,NON-RETIREMENT,P,N,1734530.31,1734530.31,1734530.31,2,Y,Y,N,FSUSAS7SPG,First Eagle,US Fund Real Estate,US Fund Real Estate
2025-09-30,TC89K8YQK,ZWCJX,LORD ABBETT,LORD ABBETT Bond Fund A,A,Y,FINET,BROKERAGE,BROKERAGE,BROKERAGE,SEP,S,N,271167.86,-271167.86,-271167.86,42,Y,Y,N,FSC2646842,Lord Abbett,US Fund High Yield Bond,US Fund High Yield Bond
2025-05-31,LJ8YRDDP0,JDBYX,VANGUARD,VANGUARD Bond Fund INST,INST,Y,WFAS,BROKERAGE,BROKERAGE,CUSTOMCHOICE,SEP,P,N,2968859.47,2968859.47,2968859.47,3,Y,N,Y,FSC4848373,Vanguard,US Fund High Yield Bond,US Fund High Yield Bond
2026-02-28,HZIOYKL1C,LZZBX,FIRST EAGLE,FIRST EAGLE Bond Fund A,A,Y,PCG,ADVISORY,ADVISORY,FUNDSOURCE,SEP,P,N,4886280.19,4886280.19,4886280.19,17,Y,N,Y,FSUSAMFLIX,First Eagle,US Fund Multisector Bond,US Fund Multisector Bond
2025-02-28,UXLEZ896D,RNAIX,INVESCO,INVESCO Bond Fund A,A,Y,FCCS,ADVISORY,ADVISORY,FC/QC,SIM,P,N,2486313.33,2486313.33,2486313.33,12,N,Y,Y,FSC9366170,Invesco,US Fund Intermediate Core Bond,US Fund Intermediate Core Bond
2025-07-31,BSWRPBJEK,WMAQX,JPMORGAN,JPMORGAN Growth Fund INV,INV,Y,PCG,BROKERAGE,BROKERAGE,ASSET ADVISOR,QP,P,N,4199557.81,4199557.81,4199557.81,46,Y,Y,Y,FSINVVT0VG,JPMorgan,US Fund Large Growth,US Fund Large Growth
2025-08-31,VBDIVUZZP,LHWTX,VANGUARD,VANGUARD Growth Fund A,A,Y,PCG,ADVISORY,ADVISORY,FC/QC,QP,P,Y,366251.18,366251.18,366251.18,43,Y,Y,Y,FSCAP853QJ,Vanguard,US Fund Large Growth,US Fund Large Growth
2025-05-31,4874FRHOC,JZGUX,INVESCO,INVESCO Bond Fund C,C,Y,FCCS,ADVISORY,ADVISORY,BROKERAGE,QP,P,N,1079251.56,1079251.56,1079251.56,3,Y,Y,Y,FSUSAFVJ1Z,Invesco,US Fund Short-Term Bond,US Fund Short-Term Bond
2026-02-28,ZW9XA3KX7,DDCOX,CAPITAL GROUP,CAPITAL GROUP Blend Fund A,A,Y,WBS,BROKERAGE,BROKERAGE,ASSET ADVISOR,QP,P,Y,1083136.94,1083136.94,1083136.94,3,Y,N,Y,FSCAPVVD5U,capital group,US Fund Small Blend,US Fund Small Blend
2025-07-31,6246HID25,KQEYX,FIRST EAGLE,FIRST EAGLE Growth Fund INST,INST,Y,WBS,BROKERAGE,BROKERAGE,PIM,IRA,S,Y,2774535.53,-2774535.53,-2774535.53,44,Y,Y,Y,FSUSAUK54B,First Eagle,US Fund Small Growth,US Fund Small Growth
2025-11-30,YYO4UDOJE,JTGJX,BLACKROCK,BLACKROCK Bond Fund INST,INST,Y,WBS,ADVISORY,ADVISORY,CUSTOMCHOICE,SIM,P,N,2956264.62,2956264.62,2956264.62,34,Y,Y,Y,FSCAPSG2R8,BlackRock,US Fund Short-Term Bond,US Fund Short-Term Bond
2025-03-31,QTL3Q4N89,MHJNX,MFS,MFS Blend Fund A,A,Y,FINET,ADVISORY,ADVISORY,MASTERS,SIM,S,N,3620150.24,-3620150.24,-3620150.24,13,Y,Y,Y,FSCAPO8FAQ,MFS,US Fund Mid-Cap Blend,US Fund Mid-Cap Blend
2025-09-30,N1YBWMLUN,GWZPX,INVESCO,INVESCO Blend Fund A,A,Y,PCG,BROKERAGE,BROKERAGE,FC/QC,QP,P,N,3622288.12,3622288.12,3622288.12,34,Y,Y,N,FSINVZILDX,Invesco,US Fund Large Blend,US Fund Large Blend
2025-02-28,3TV3I12VJ,ZZOUX,AMERICAN FUNDS,AMERICAN FUNDS Bond Fund A,A,Y,WBS,ADVISORY,ADVISORY,ASSET ADVISOR,SEP,S,N,1733723.9,-1733723.9,-1733723.9,17,Y,N,Y,FSUSA1CZS7,capital group,US Fund High Yield Bond,US Fund High Yield Bond
2025-12-31,WC4RTWUZK,AJOEX,MFS,MFS Bond Fund C,C,Y,WBS,ADVISORY,ADVISORY,ASSET ADVISOR,IRA,P,N,1863184.92,1863184.92,1863184.92,23,Y,Y,Y,FSUSAR848N,MFS,US Fund Multisector Bond,US Fund Multisector Bond
2026-02-28,HQIN9N6XC,HZYVX,MFS,MFS Blend Fund C,C,Y,WBS,BROKERAGE,BROKERAGE,PERSONALIZED UMA,NON-RETIREMENT,P,N,4984563.88,4984563.88,4984563.88,10,Y,Y,Y,FSC8686926,MFS,US Fund Small Blend,US Fund Small Blend
2025-07-31,YYO4UDOJE,JTGJX,BLACKROCK,BLACKROCK Bond Fund INST,INST,Y,WBS,ADVISORY,ADVISORY,FUNDSOURCE,IRA,P,N,3955140.38,3955140.38,3955140.38,7,Y,Y,Y,FSCAPSG2R8,BlackRock,US Fund Short-Term Bond,US Fund Short-Term Bond
2026-01-31,WK8R2YKCC,LMFPX,DWS FUNDS,DWS FUNDS Bond Fund INST,INST,Y,FINET,ADVISORY,ADVISORY,BROKERAGE,IRA,P,N,2078709.25,2078709.25,2078709.25,43,Y,N,N,FSCAPNRENH,DWS,US Fund High Yield Bond,US Fund High Yield Bond
2025-06-30,3KKV9RFTM,OOLIX,FRANKLIN TEMPLETON,FRANKLIN TEMPLETON Growth Fund INST,INST,Y,FCCS,ADVISORY,ADVISORY,BROKERAGE,QP,P,N,3291091.91,3291091.91,3291091.91,36,Y,Y,Y,FSUSA9SEXI,Franklin Templeton,US Fund Small Growth,US Fund Small Growth
2025-04-30,6Q3XLRFCD,XISNX,VANGUARD,VANGUARD Allocation Fund INV,INV,Y,PCG,ADVISORY,ADVISORY,FUNDSOURCE,SEP,P,N,2391812.69,2391812.69,2391812.69,15,Y,Y,Y,FSUSAMIGJS,Vanguard,US Fund Tactical Allocation,US Fund Tactical Allocation
2025-05-31,0CVS4F8CG,PRGDX,T ROWE PRICE,T ROWE PRICE Bond Fund C,C,Y,FCCS,BROKERAGE,BROKERAGE,PERSONALIZED UMA,SEP,P,N,787363.72,787363.72,787363.72,37,Y,Y,Y,FSINV5AYKJ,T. Rowe Price,US Fund Short-Term Bond,US Fund Short-Term Bond
2025-07-31,DMLY4LYK8,VOLIX,BLACKROCK,BLACKROCK Value Fund C,C,Y,PCG,BROKERAGE,BROKERAGE,FC/QC,NON-RETIREMENT,S,N,763443.3,-763443.3,-763443.3,10,Y,Y,Y,FSINVW6LMH,BlackRock,US Fund Large Value,US Fund Large Value
2025-03-31,VBDIVUZZP,LHWTX,VANGUARD,VANGUARD Growth Fund A,A,Y,PCG,BROKERAGE,BROKERAGE,FC/QC,SIM,P,N,187256.24,187256.24,187256.24,7,Y,Y,Y,FSCAP853QJ,Vanguard,US Fund Large Growth,US Fund Large Growth
2025-12-31,E2ATN2TWD,IZSNX,FRANKLIN TEMPLETON,FRANKLIN TEMPLETON Bond Fund INST,INST,Y,PCG,BROKERAGE,BROKERAGE,BROKERAGE,SEP,P,N,1312341.39,1312341.39,1312341.39,26,Y,N,N,FSC7967512,Franklin Templeton,US Fund Short-Term Bond,US Fund Short-Term Bond
2025-04-30,6VXDP5GJL,LIWHX,FIDELITY,FIDELITY Bond Fund INST,INST,Y,WBS,BROKERAGE,BROKERAGE,BROKERAGE,QP,P,N,2439239.26,2439239.26,2439239.26,13,Y,Y,Y,FSINVQUXZJ,Fidelity,US Fund Intermediate Core Bond,US Fund Intermediate Core Bond
2025-06-30,QT3WVEDN9,OJDPX,BLACKROCK,BLACKROCK Blend Fund A,A,Y,PCG,ADVISORY,ADVISORY,BROKERAGE,NON-RETIREMENT,S,N,4051662.75,-4051662.75,-4051662.75,17,Y,Y,Y,FSINV1KDAD,BlackRock,US Fund Foreign Large Blend,US Fund Foreign Large Blend
2025-04-30,LJ8YRDDP0,JDBYX,VANGUARD,VANGUARD Bond Fund INST,INST,N,PCG,ADVISORY,ADVISORY,BROKERAGE,NON-RETIREMENT,S,N,1221959.68,-1221959.68,-1221959.68,8,Y,Y,Y,FSC4848373,Vanguard,US Fund High Yield Bond,US Fund High Yield Bond
2025-11-30,S0R2SDS8B,UWNLX,AMERICAN FUNDS,AMERICAN FUNDS Bond Fund INST,INST,Y,WFAS,ADVISORY,ADVISORY,FC/QC,IRA,P,N,609357.03,609357.03,609357.03,2,Y,N,Y,FSC0723107,capital group,US Fund High Yield Bond,US Fund High Yield Bond
2025-10-31,2EK3ZEZQA,CGVOX,JPMORGAN,JPMORGAN Allocation Fund A,A,Y,WFAS,ADVISORY,ADVISORY,CUSTOMCHOICE,SEP,S,Y,621139.98,-621139.98,-621139.98,25,N,Y,Y,FSUSAD1XUN,JPMorgan,US Fund Moderate Allocation,US Fund Moderate Allocation
2025-12-31,3NX39RBSV,WWLNX,CAPITAL GROUP,CAPITAL GROUP Growth Fund A,A,Y,PCG,ADVISORY,ADVISORY,BROKERAGE,NON-RETIREMENT,P,N,2801214.44,2801214.44,2801214.44,18,Y,N,Y,FSINV8R1QP,capital group,US Fund Small Growth,US Fund Small Growth
2026-02-28,6246HID25,KQEYX,FIRST EAGLE,FIRST EAGLE Growth Fund INST,INST,Y,FCCS,ADVISORY,ADVISORY,ASSET ADVISOR,NON-RETIREMENT,S,Y,2812033.61,-2812033.61,-2812033.61,41,Y,N,Y,FSUSAUK54B,First Eagle,US Fund Small Growth,US Fund Small Growth
2025-05-31,WOCLYT8W5,MOQGX,T ROWE PRICE,T ROWE PRICE Blend Fund INST,INST,Y,PCG,ADVISORY,ADVISORY,BROKERAGE,SIM,P,N,2511889.12,2511889.12,2511889.12,19,Y,Y,Y,FSINVVY2S9,T. Rowe Price,US Fund Large Blend,US Fund Large Blend
2025-01-31,MO5BXXC02,CENDX,FRANKLIN TEMPLETON,FRANKLIN TEMPLETON Value Fund INST,INST,Y,PCG,BROKERAGE,BROKERAGE,PIM,SIM,P,N,1313749.25,1313749.25,1313749.25,49,Y,Y,N,FSINV8HE3N,Franklin Templeton,US Fund Large Value,US Fund Large Value
2025-05-31,QJIDKNWI5,EIPIX,JPMORGAN,JPMORGAN Allocation Fund INST,INST,Y,WFAS,ADVISORY,ADVISORY,PERSONALIZED UMA,SEP,S,N,2275242.23,-2275242.23,-2275242.23,41,Y,N,Y,FSCAPZ4DKB,JPMorgan,US Fund Tactical Allocation,US Fund Tactical Allocation
2025-10-31,VBDIVUZZP,LHWTX,VANGUARD,VANGUARD Growth Fund A,A,Y,FINET,ADVISORY,ADVISORY,MASTERS,IRA,S,Y,1235037.6,-1235037.6,-1235037.6,41,Y,Y,Y,FSCAP853QJ,Vanguard,US Fund Large Growth,US Fund Large Growth
2025-01-31,LFEWVZNVK,NLUCX,DWS FUNDS,DWS FUNDS Blend Fund INV,INV,Y,FCCS,ADVISORY,ADVISORY,BROKERAGE,SEP,P,N,2133423.18,2133423.18,2133423.18,26,Y,Y,Y,FSINVF3PFW,DWS,US Fund Large Blend,US Fund Large Blend
2025-09-30,JH75LXO6Q,GGOGX,MFS,MFS Blend Fund A,A,Y,PCG,BROKERAGE,BROKERAGE,FUNDSOURCE,SIM,S,N,3220213.52,-3220213.52,-3220213.52,19,Y,Y,Y,FSCAPUR81B,MFS,US Fund Small Blend,US Fund Small Blend
2025-07-31,OQW9JA2M0,QUTIX,VANGUARD,VANGUARD Growth Fund C,C,Y,FINET,BROKERAGE,BROKERAGE,MASTERS,QP,P,N,1501917.95,1501917.95,1501917.95,5,Y,N,Y,FSCAP2IIZJ,Vanguard,US Fund Large Growth,US Fund Large Growth
2025-01-31,4DPJA1WJ0,OLABX,PIMCO,PIMCO Bond Fund S,S,N,WFAS,ADVISORY,ADVISORY,PERSONALIZED UMA,SIM,S,N,4606805.2,-4606805.2,-4606805.2,49,Y,Y,Y,FSCAP7M9HW,PIMCO,US Fund Short-Term Bond,US Fund Short-Term Bond
2025-10-31,WOCLYT8W5,MOQGX,T ROWE PRICE,T ROWE PRICE Blend Fund INST,INST,Y,WBS,ADVISORY,ADVISORY,ASSET ADVISOR,IRA,P,N,1010343.6,1010343.6,1010343.6,37,Y,Y,Y,FSINVVY2S9,T. Rowe Price,US Fund Large Blend,US Fund Large Blend
2025-05-31,4FFYVNVQJ,OYRCX,LORD ABBETT,LORD ABBETT Blend Fund INST,INST,Y,PCG,ADVISORY,ADVISORY,PIM,SEP,S,Y,851520.9,-851520.9,-851520.9,28,Y,Y,Y,FSINVDZ4HR,Lord Abbett,US Fund Foreign Large Blend,US Fund Foreign Large Blend
2025-05-31,OQW9JA2M0,QUTIX,VANGUARD,VANGUARD Growth Fund C,C,Y,PCG,BROKERAGE,BROKERAGE,CUSTOMCHOICE,NON-RETIREMENT,S,N,3652191.04,-3652191.04,-3652191.04,7,Y,Y,N,FSCAP2IIZJ,Vanguard,US Fund Large Growth,US Fund Large Growth
2025-06-30,V1V93KMKZ,DBBHX,PIMCO,PIMCO Allocation Fund A,A,Y,FINET,ADVISORY,ADVISORY,CUSTOMCHOICE,SIM,P,N,6810.86,6810.86,6810.86,23,Y,Y,Y,FSC3796172,PIMCO,US Fund Moderate Allocation,US Fund Moderate Allocation
2025-08-31,QT3WVEDN9,OJDPX,BLACKROCK,BLACKROCK Blend Fund A,A,Y,FCCS,ADVISORY,ADVISORY,MASTERS,SIM,S,Y,2282081.91,-2282081.91,-2282081.91,10,Y,Y,Y,FSINV1KDAD,BlackRock,US Fund Foreign Large Blend,US Fund Foreign Large Blend
2026-01-31,U6N7HV3IZ,HRUUX,JPMORGAN,JPMORGAN Value Fund S,S,Y,WFAS,ADVISORY,ADVISORY,FUNDSOURCE,QP,S,N,2801007.42,-2801007.42,-2801007.42,31,Y,Y,Y,FSUSAS5BKX,JPMorgan,US Fund Large Value,US Fund Large Value
2025-05-31,HZIOYKL1C,LZZBX,FIRST EAGLE,FIRST EAGLE Bond Fund A,A,N,PCG,ADVISORY,ADVISORY,ASSET ADVISOR,SIM,S,N,4955169.27,-4955169.27,-4955169.27,25,Y,Y,Y,FSUSAMFLIX,First Eagle,US Fund Multisector Bond,US Fund Multisector Bond
2025-09-30,HQIN9N6XC,HZYVX,MFS,MFS Blend Fund C,C,Y,FINET,ADVISORY,ADVISORY,ASSET ADVISOR,IRA,S,N,2388715.9,-2388715.9,-2388715.9,22,Y,Y,Y,FSC8686926,MFS,US Fund Small Blend,US Fund Small Blend
2025-04-30,QT3WVEDN9,OJDPX,BLACKROCK,BLACKROCK Blend Fund A,A,Y,PCG,ADVISORY,ADVISORY,PERSONALIZED UMA,IRA,S,N,1855286.66,-1855286.66,-1855286.66,19,Y,Y,Y,FSINV1KDAD,BlackRock,US Fund Foreign Large Blend,US Fund Foreign Large Blend
