EOM_DT,MF_NM,MF_CLASS,ASSET_CLASS,CHANNEL,ACCT_TYP,PROGRAM,LEGACY_PROGRAM,RET_ACCT_TYPE,POS_MKT_VAL,POSITION_COUNT,Is_it_a_MF,Rec,ACL,Fund_ID,Brand,Mstar_Cat,US_cat
2025-01-31,MFS Blend Fund A,A,Alternative Fund,PCG,BROKERAGE,BROKERAGE,FUNDSOURCE,SEP,330722926.5,244,Y,N,Y,FSCAPO8FAQ,MFS,US Fund Mid-Cap Blend,US Fund Mid-Cap Blend
2025-07-31,VANGUARD Bond Fund INST,INST,Bond Fund,WBS,BROKERAGE,BROKERAGE,PIM,SEP,63115285.01,427,Y,Y,Y,FSC4848373,Vanguard,US Fund High Yield Bond,US Fund High Yield Bond
2025-07-31,FRANKLIN TEMPLETON Blend Fund C,C,Alternative Fund,PCG,BROKERAGE,BROKERAGE,ASSET ADVISOR,IRA,333627809.72,384,Y,N,Y,FSC8379085,Franklin Templeton,US Fund Mid-Cap Blend,US Fund Mid-Cap Blend
2025-02-28,INVESCO Bond Fund A,A,International Equity Fund,WBS,BROKERAGE,BROKERAGE,MASTERS,SEP,483973033.86,383,Y,Y,Y,FSCAPRK315,Invesco,US Fund Intermediate Core Bond,US Fund Intermediate Core Bond
2026-02-28,FIRST EAGLE Bond Fund A,A,Alternative Fund,PCG,ADVISORY,ADVISORY,CUSTOMCHOICE,NON-RETIREMENT,265451355.28,156,Y,Y,Y,FSUSAMFLIX,First Eagle,US Fund Multisector Bond,US Fund Multisector Bond
2026-01-31,DWS FUNDS Bond Fund A,A,Alternative Fund,WFAS,BROKERAGE,BROKERAGE,FC/QC,SIM,63971962.43,346,Y,Y,Y,FSUSA4DZT8,DWS,US Fund Multisector Bond,US Fund Multisector Bond
2025-09-30,PIMCO Blend Fund A,A,Money Market Fund,FINET,ADVISORY,ADVISORY,FUNDSOURCE,SIM,428046340.44,481,Y,Y,Y,FSCAPPXIH2,PIMCO,US Fund Mid-Cap Blend,US Fund Mid-Cap Blend
2025-03-31,BLACKROCK Value Fund C,C,International Equity Fund,PCG,ADVISORY,ADVISORY,CUSTOMCHOICE,NON-RETIREMENT,10544581.13,110,Y,Y,N,FSINVHB0YI,BlackRock,US Fund Large Value,US Fund Large Value
2025-02-28,BLACKROCK Allocation Fund INST,INST,Alternative Fund,PCG,ADVISORY,ADVISORY,FUNDSOURCE,IRA,77812553.69,212,Y,Y,Y,FSCAPJJ3ZW,BlackRock,US Fund Moderate Allocation,US Fund Moderate Allocation
2025-04-30,BLACKROCK Value Fund C,C,Alternative Fund,PCG,ADVISORY,ADVISORY,ASSET ADVISOR,SIM,423815968.32,223,Y,N,Y,FSINVHB0YI,BlackRock,US Fund Large Value,US Fund Large Value
2025-11-30,BLACKROCK Blend Fund INST,INST,Bond Fund,WBS,ADVISORY,ADVISORY,CUSTOMCHOICE,SEP,69999000.78,461,Y,N,Y,FSUSA4B2GI,BlackRock,US Fund Foreign Large Blend,US Fund Foreign Large Blend
2026-01-31,FRANKLIN TEMPLETON Bond Fund INST,INST,Money Market Fund,PCG,ADVISORY,ADVISORY,FUNDSOURCE,SIM,291607520.78,310,Y,Y,N,FSINVCNRVP,Franklin Templeton,US Fund Intermediate Core Bond,US Fund Intermediate Core Bond
2026-03-31,FIRST EAGLE Blend Fund C,C,International Equity Fund,PCG,ADVISORY,ADVISORY,FC/QC,SEP,129106191.55,351,Y,N,Y,FSC7422675,First Eagle,US Fund Small Blend,US Fund Small Blend
2026-01-31,VANGUARD Bond Fund A,A,International Equity Fund,WBS,BROKERAGE,BROKERAGE,ASSET ADVISOR,IRA,37239036.32,401,N,Y,Y,FSINVZ17YR,Vanguard,US Fund Short-Term Bond,US Fund Short-Term Bond
2025-10-31,MFS Blend Fund A,A,International Equity Fund,PCG,BROKERAGE,BROKERAGE,PERSONALIZED UMA,SIM,42632190.3,171,Y,Y,Y,FSCAPUR81B,MFS,US Fund Small Blend,US Fund Small Blend
2026-01-31,CAPITAL GROUP Blend Fund INST,INST,Bond Fund,PCG,BROKERAGE,BROKERAGE,PERSONALIZED UMA,QP,239480658.96,313,Y,N,Y,FSC7363842,capital group,US Fund Small Blend,US Fund Small Blend
2025-01-31,VANGUARD Growth Fund A,A,Money Market Fund,PCG,BROKERAGE,BROKERAGE,FUNDSOURCE,SIM,84191009.48,212,Y,N,Y,FSCAP3Y8BT,Vanguard,US Fund Large Growth,US Fund Large Growth
2025-04-30,DWS FUNDS Bond Fund A,A,Balanced Fund,PCG,ADVISORY,ADVISORY,ASSET ADVISOR,QP,398162204.65,90,Y,Y,Y,FSCAPZUVDG,DWS,US Fund High Yield Bond,US Fund High Yield Bond
2025-08-31,FRANKLIN TEMPLETON Bond Fund INST,INST,Money Market Fund,PCG,ADVISORY,ADVISORY,FUNDSOURCE,QP,415297639.74,251,Y,Y,Y,FSC7967512,Franklin Templeton,US Fund Short-Term Bond,US Fund Short-Term Bond
2025-11-30,FRANKLIN TEMPLETON Bond Fund INST,INST,Money Market Fund,PCG,BROKERAGE,BROKERAGE,MASTERS,IRA,36791549.87,246,Y,N,N,FSC7967512,Franklin Templeton,US Fund Short-Term Bond,US Fund Short-Term Bond
2025-01-31,VANGUARD Allocation Fund INV,INV,Bond Fund,WBS,ADVISORY,ADVISORY,PIM,SIM,478922991.05,238,Y,Y,Y,FSUSAMIGJS,Vanguard,US Fund Tactical Allocation,US Fund Tactical Allocation
2025-05-31,T ROWE PRICE Blend Fund A,A,Bond Fund,PCG,BROKERAGE,BROKERAGE,BROKERAGE,IRA,271543079.06,186,Y,Y,Y,FSUSA99GZA,T. Rowe Price,US Fund Small Blend,US Fund Small Blend
2025-12-31,MFS Bond Fund C,C,Alternative Fund,WFAS,ADVISORY,ADVISORY,MASTERS,QP,69700726.96,239,Y,N,N,FSUSAR848N,MFS,US Fund Multisector Bond,US Fund Multisector Bond
2025-01-31,FIRST EAGLE Growth Fund INST,INST,International Equity Fund,FINET,BROKERAGE,BROKERAGE,FUNDSOURCE,IRA,85923828.26,226,Y,Y,Y,FSUSAUK54B,First Eagle,US Fund Small Growth,US Fund Small Growth
2025-09-30,FRANKLIN TEMPLETON Growth Fund INST,INST,Money Market Fund,PCG,ADVISORY,ADVISORY,CUSTOMCHOICE,IRA,32073504.03,230,Y,Y,Y,FSUSA9SEXI,Franklin Templeton,US Fund Small Growth,US Fund Small Growth
2025-05-31,INVESCO Bond Fund A,A,Alternative Fund,PCG,BROKERAGE,BROKERAGE,CUSTOMCHOICE,SIM,306555345.5,221,Y,Y,Y,FSC9366170,Invesco,US Fund Intermediate Core Bond,US Fund Intermediate Core Bond
2025-03-31,FRANKLIN TEMPLETON Value Fund INST,INST,Balanced Fund,FINET,BROKERAGE,BROKERAGE,PIM,IRA,342231393.61,10,Y,Y,Y,FSINV8HE3N,Franklin Templeton,US Fund Large Value,US Fund Large Value
2025-02-28,MFS Bond Fund C,C,Balanced Fund,FINET,BROKERAGE,BROKERAGE,CUSTOMCHOICE,NON-RETIREMENT,214665748.28,89,Y,Y,Y,FSUSAR848N,MFS,US Fund Multisector Bond,US Fund Multisector Bond
2025-08-31,INVESCO Growth Fund C,C,Equity Fund,PCG,ADVISORY,ADVISORY,CUSTOMCHOICE,QP,115495348.36,362,Y,Y,Y,FSCAP5YC33,Invesco,US Fund Small Growth,US Fund Small Growth
2025-04-30,JPMORGAN Growth Fund INV,INV,Bond Fund,PCG,BROKERAGE,BROKERAGE,ASSET ADVISOR,SIM,383771657.44,73,Y,Y,N,FSINVVT0VG,JPMorgan,US Fund Large Growth,US Fund Large Growth
2026-02-28,FIRST EAGLE Growth Fund INST,INST,Equity Fund,PCG,ADVISORY,ADVISORY,FC/QC,SIM,306127544.98,429,Y,N,Y,FSUSAUK54B,First Eagle,US Fund Small Growth,US Fund Small Growth
2025-04-30,FRANKLIN TEMPLETON Estate Fund C,C,Balanced Fund,PCG,BROKERAGE,BROKERAGE,MASTERS,IRA,471436544.66,200,Y,Y,Y,FSC7392545,Franklin Templeton,US Fund Real Estate,US Fund Real Estate
2025-01-31,VANGUARD Growth Fund A,A,Alternative Fund,PCG,BROKERAGE,BROKERAGE,PIM,QP,13783284.22,169,Y,Y,Y,FSCAP853QJ,Vanguard,US Fund Large Growth,US Fund Large Growth
2025-10-31,PIMCO Blend Fund A,A,Bond Fund,WFAS,BROKERAGE,BROKERAGE,BROKERAGE,QP,64840483.25,50,Y,Y,N,FSINVNDQ6K,PIMCO,US Fund Small Blend,US Fund Small Blend
2026-01-31,BLACKROCK Blend Fund A,A,Alternative Fund,WBS,ADVISORY,ADVISORY,FC/QC,IRA,365417405.05,396,Y,Y,Y,FSINV1KDAD,BlackRock,US Fund Foreign Large Blend,US Fund Foreign Large Blend
2025-06-30,JPMORGAN Bond Fund A,A,Bond Fund,PCG,ADVISORY,ADVISORY,CUSTOMCHOICE,QP,467727431.82,167,Y,Y,N,FSCAP0TE0V,JPMorgan,US Fund Multisector Bond,US Fund Multisector Bond
2025-11-30,PIMCO Growth Fund A,A,Balanced Fund,PCG,ADVISORY,ADVISORY,BROKERAGE,SEP,248497154.19,208,Y,Y,N,FSCAPS2MJ6,PIMCO,US Fund Small Growth,US Fund Small Growth
2025-10-31,JPMORGAN Value Fund S,S,Equity Fund,FINET,ADVISORY,ADVISORY,ASSET ADVISOR,SEP,388157932.82,419,Y,Y,Y,FSUSAS5BKX,JPMorgan,US Fund Large Value,US Fund Large Value
2025-08-31,FIDELITY Bond Fund INST,INST,International Equity Fund,WBS,ADVISORY,ADVISORY,CUSTOMCHOICE,SIM,20236399.27,43,N,Y,Y,FSINVQUXZJ,Fidelity,US Fund Intermediate Core Bond,US Fund Intermediate Core Bond
2025-01-31,INVESCO Bond Fund INST,INST,International Equity Fund,WFAS,ADVISORY,ADVISORY,BROKERAGE,QP,235470379.67,429,Y,Y,N,FSINV30AHC,Invesco,US Fund High Yield Bond,US Fund High Yield Bond
2026-02-28,T ROWE PRICE Blend Fund INST,INST,Bond Fund,PCG,BROKERAGE,BROKERAGE,PIM,SEP,479814166.6,394,Y,N,Y,FSINVVY2S9,T. Rowe Price,US Fund Large Blend,US Fund Large Blend
2025-01-31,FIDELITY Bond Fund INST,INST,International Equity Fund,FINET,ADVISORY,ADVISORY,FC/QC,SIM,160621525.64,254,Y,N,Y,FSINVQUXZJ,Fidelity,US Fund Intermediate Core Bond,US Fund Intermediate Core Bond
2026-01-31,NUVEEN Blend Fund A,A,International Equity Fund,WBS,ADVISORY,ADVISORY,FUNDSOURCE,IRA,354335165.98,389,Y,Y,Y,FSUSAGQ1Y8,Nuveen,US Fund Foreign Large Blend,US Fund Foreign Large Blend
2025-06-30,DWS FUNDS Allocation Fund A,A,Equity Fund,FINET,BROKERAGE,BROKERAGE,FC/QC,IRA,274768662.39,457,Y,N,Y,FSCAPPGOXS,DWS,US Fund Moderate Allocation,US Fund Moderate Allocation
2026-01-31,LORD ABBETT Blend Fund INST,INST,Alternative Fund,WFAS,BROKERAGE,BROKERAGE,CUSTOMCHOICE,NON-RETIREMENT,58187040.65,106,Y,N,Y,FSINVDZ4HR,Lord Abbett,US Fund Foreign Large Blend,US Fund Foreign Large Blend
2025-01-31,AMERICAN FUNDS Bond Fund INST,INST,Balanced Fund,WBS,ADVISORY,ADVISORY,PERSONALIZED UMA,SIM,340395322.19,37,Y,Y,Y,FSC0723107,capital group,US Fund High Yield Bond,US Fund High Yield Bond
2025-10-31,VANGUARD Growth Fund C,C,Alternative Fund,PCG,BROKERAGE,BROKERAGE,PERSONALIZED UMA,SEP,195238421.12,55,Y,N,Y,FSCAP2IIZJ,Vanguard,US Fund Large Growth,US Fund Large Growth
2025-10-31,BLACKROCK Blend Fund INST,INST,International Equity Fund,WBS,BROKERAGE,BROKERAGE,CUSTOMCHOICE,SIM,52611017.01,465,Y,Y,N,FSUSA4B2GI,BlackRock,US Fund Foreign Large Blend,US Fund Foreign Large Blend
2025-04-30,CAPITAL GROUP Growth Fund A,A,International Equity Fund,WBS,ADVISORY,ADVISORY,PIM,NON-RETIREMENT,256706337.94,376,Y,N,N,FSINVHRONH,capital group,US Fund Large Growth,US Fund Large Growth
2025-07-31,MFS Bond Fund C,C,Balanced Fund,PCG,ADVISORY,ADVISORY,FUNDSOURCE,QP,233732445.82,357,Y,N,N,FSUSAR848N,MFS,US Fund Multisector Bond,US Fund Multisector Bond
2025-11-30,INVESCO Growth Fund C,C,International Equity Fund,PCG,ADVISORY,ADVISORY,MASTERS,QP,291217099.93,314,Y,N,Y,FSCAP5YC33,Invesco,US Fund Small Growth,US Fund Small Growth
2026-01-31,CAPITAL GROUP Growth Fund A,A,Alternative Fund,WBS,ADVISORY,ADVISORY,MASTERS,SEP,138588036.07,436,N,Y,Y,FSINV8R1QP,capital group,US Fund Small Growth,US Fund Small Growth
2025-12-31,FIRST EAGLE Blend Fund C,C,Balanced Fund,PCG,ADVISORY,ADVISORY,MASTERS,NON-RETIREMENT,148894222.96,232,Y,N,Y,FSC7422675,First Eagle,US Fund Small Blend,US Fund Small Blend
2025-01-31,VANGUARD Bond Fund INST,INST,Bond Fund,FINET,BROKERAGE,BROKERAGE,PIM,QP,326147095.17,264,Y,Y,Y,FSC4848373,Vanguard,US Fund High Yield Bond,US Fund High Yield Bond
2025-12-31,FRANKLIN TEMPLETON Bond Fund INST,INST,Alternative Fund,WFAS,ADVISORY,ADVISORY,FC/QC,SEP,253165466.46,161,Y,N,N,FSC7967512,Franklin Templeton,US Fund Short-Term Bond,US Fund Short-Term Bond
2025-06-30,INVESCO Allocation Fund A,A,International Equity Fund,WFAS,ADVISORY,ADVISORY,ASSET ADVISOR,SIM,238501823.57,159,N,Y,Y,FSC8043975,Invesco,US Fund Tactical Allocation,US Fund Tactical Allocation
2025-08-31,LORD ABBETT Blend Fund INST,INST,Equity Fund,FINET,BROKERAGE,BROKERAGE,PERSONALIZED UMA,IRA,403194846.73,431,Y,N,Y,FSINVDZ4HR,Lord Abbett,US Fund Foreign Large Blend,US Fund Foreign Large Blend
2025-06-30,NUVEEN Blend Fund A,A,Equity Fund,FINET,BROKERAGE,BROKERAGE,PERSONALIZED UMA,QP,267324010.62,199,Y,Y,Y,FSUSAGQ1Y8,Nuveen,US Fund Foreign Large Blend,US Fund Foreign Large Blend
2025-06-30,JPMORGAN Allocation Fund A,A,Bond Fund,PCG,ADVISORY,ADVISORY,FC/QC,QP,293954905.64,175,Y,Y,Y,FSUSAD1XUN,JPMorgan,US Fund Moderate Allocation,US Fund Moderate Allocation
2025-12-31,FIRST EAGLE Blend Fund INST,INST,Bond Fund,PCG,ADVISORY,ADVISORY,FC/QC,SEP,97823940.48,235,Y,Y,Y,FSCAP4FGYV,First Eagle,US Fund Small Blend,US Fund Small Blend
2025-05-31,NUVEEN Value Fund INV,INV,International Equity Fund,PCG,BROKERAGE,BROKERAGE,BROKERAGE,NON-RETIREMENT,69870067.15,66,Y,Y,Y,FSC8073988,Nuveen,US Fund Large Value,US Fund Large Value
2026-01-31,VANGUARD Bond Fund A,A,International Equity Fund,WFAS,BROKERAGE,BROKERAGE,FUNDSOURCE,SEP,157015957.67,177,Y,N,Y,FSINVZ17YR,Vanguard,US Fund Short-Term Bond,US Fund Short-Term Bond
2025-01-31,VANGUARD Growth Fund A,A,Balanced Fund,PCG,ADVISORY,ADVISORY,ASSET ADVISOR,NON-RETIREMENT,209077425.86,159,Y,N,Y,FSCAP3Y8BT,Vanguard,US Fund Large Growth,US Fund Large Growth
2026-01-31,JPMORGAN Growth Fund INV,INV,Bond Fund,PCG,ADVISORY,ADVISORY,ASSET ADVISOR,QP,281881041.53,475,Y,Y,Y,FSINVVT0VG,JPMorgan,US Fund Large Growth,US Fund Large Growth
2025-11-30,CAPITAL GROUP Bond Fund INST,INST,Money Market Fund,FINET,BROKERAGE,BROKERAGE,PIM,IRA,218827851.66,208,Y,Y,N,FSINV6Z5AS,capital group,US Fund Intermediate Core Bond,US Fund Intermediate Core Bond
2025-11-30,AMERICAN FUNDS Growth Fund A,A,Equity Fund,FINET,ADVISORY,ADVISORY,PIM,SIM,148055004.63,215,Y,Y,Y,FSCAPBLFOC,capital group,US Fund Large Growth,US Fund Large Growth
2025-06-30,DWS FUNDS Allocation Fund A,A,Balanced Fund,WFAS,ADVISORY,ADVISORY,PIM,IRA,63078316.56,209,Y,Y,Y,FSCAPPGOXS,DWS,US Fund Moderate Allocation,US Fund Moderate Allocation
2025-08-31,INVESCO Allocation Fund A,A,Alternative Fund,FINET,BROKERAGE,BROKERAGE,MASTERS,NON-RETIREMENT,116081801.81,71,Y,N,Y,FSC8043975,Invesco,US Fund Tactical Allocation,US Fund Tactical Allocation
2025-01-31,JPMORGAN Allocation Fund INST,INST,Equity Fund,WFAS,ADVISORY,ADVISORY,BROKERAGE,QP,89012712.81,380,Y,Y,Y,FSCAPZ4DKB,JPMorgan,US Fund Tactical Allocation,US Fund Tactical Allocation
2025-07-31,PIMCO Blend Fund A,A,Bond Fund,WBS,BROKERAGE,BROKERAGE,CUSTOMCHOICE,NON-RETIREMENT,31081331.01,228,Y,Y,Y,FSINVNDQ6K,PIMCO,US Fund Small Blend,US Fund Small Blend
2025-08-31,PIMCO Bond Fund S,S,Alternative Fund,PCG,BROKERAGE,BROKERAGE,PERSONALIZED UMA,IRA,458847580.51,35,N,Y,Y,FSCAP7M9HW,PIMCO,US Fund Short-Term Bond,US Fund Short-Term Bond
2025-04-30,CAPITAL GROUP Blend Fund INST,INST,Balanced Fund,PCG,ADVISORY,ADVISORY,BROKERAGE,SIM,218240003.26,244,Y,N,Y,FSC7363842,capital group,US Fund Small Blend,US Fund Small Blend
2025-09-30,INVESCO Bond Fund C,C,Alternative Fund,FINET,BROKERAGE,BROKERAGE,FUNDSOURCE,QP,367359133.6,438,Y,N,Y,FSUSAFVJ1Z,Invesco,US Fund Short-Term Bond,US Fund Short-Term Bond
2026-01-31,AMERICAN FUNDS Bond Fund INST,INST,Equity Fund,PCG,BROKERAGE,BROKERAGE,PIM,NON-RETIREMENT,12494017.1,44,Y,N,Y,FSC0723107,capital group,US Fund High Yield Bond,US Fund High Yield Bond
2026-03-31,CAPITAL GROUP Blend Fund INST,INST,International Equity Fund,WFAS,ADVISORY,ADVISORY,FUNDSOURCE,SIM,222263496.1,144,Y,N,Y,FSC7363842,capital group,US Fund Small Blend,US Fund Small Blend
2025-09-30,FIDELITY Blend Fund A,A,International Equity Fund,FINET,ADVISORY,ADVISORY,PERSONALIZED UMA,NON-RETIREMENT,445337526.61,478,Y,Y,Y,FSUSA4BHGL,Fidelity,US Fund Small Blend,US Fund Small Blend
2026-02-28,VANGUARD Growth Fund C,C,Equity Fund,FINET,BROKERAGE,BROKERAGE,CUSTOMCHOICE,SIM,488021296.11,284,Y,Y,Y,FSCAP2IIZJ,Vanguard,US Fund Large Growth,US Fund Large Growth
2025-06-30,INVESCO Bond Fund A,A,Alternative Fund,PCG,ADVISORY,ADVISORY,MASTERS,SIM,204205520.38,433,Y,N,N,FSCAPRK315,Invesco,US Fund Intermediate Core Bond,US Fund Intermediate Core Bond
2026-03-31,VANGUARD Bond Fund A,A,Bond Fund,PCG,BROKERAGE,BROKERAGE,MASTERS,SEP,88483173.54,237,Y,Y,Y,FSINVZ17YR,Vanguard,US Fund Short-Term Bond,US Fund Short-Term Bond
2025-08-31,INVESCO Bond Fund A,A,Equity Fund,WBS,ADVISORY,ADVISORY,PERSONALIZED UMA,IRA,405241230.92,358,Y,Y,Y,FSC9366170,Invesco,US Fund Intermediate Core Bond,US Fund Intermediate Core Bond
2026-01-31,VANGUARD Allocation Fund INV,INV,Equity Fund,WFAS,BROKERAGE,BROKERAGE,CUSTOMCHOICE,QP,256998852.51,311,Y,N,Y,FSUSAMIGJS,Vanguard,US Fund Tactical Allocation,US Fund Tactical Allocation
2025-07-31,VANGUARD Growth Fund A,A,Bond Fund,FINET,ADVISORY,ADVISORY,CUSTOMCHOICE,SIM,343524353.58,37,Y,N,Y,FSCAP3Y8BT,Vanguard,US Fund Large Growth,US Fund Large Growth
2025-01-31,PIMCO Growth Fund A,A,Money Market Fund,PCG,ADVISORY,ADVISORY,ASSET ADVISOR,QP,470755985.07,18,Y,N,Y,FSCAPS2MJ6,PIMCO,US Fund Small Growth,US Fund Small Growth
2025-01-31,MFS Bond Fund C,C,Alternative Fund,PCG,BROKERAGE,BROKERAGE,FC/QC,SIM,152841910.29,242,N,Y,Y,FSUSAR848N,MFS,US Fund Multisector Bond,US Fund Multisector Bond
2025-03-31,FRANKLIN TEMPLETON Value Fund INST,INST,Equity Fund,WBS,ADVISORY,ADVISORY,CUSTOMCHOICE,SEP,66811401.54,351,Y,N,Y,FSINV8HE3N,Franklin Templeton,US Fund Large Value,US Fund Large Value
2025-02-28,BLACKROCK Value Fund C,C,Equity Fund,FINET,BROKERAGE,BROKERAGE,ASSET ADVISOR,QP,278205629.53,134,Y,Y,Y,FSINVW6LMH,BlackRock,US Fund Large Value,US Fund Large Value
2025-08-31,NUVEEN Value Fund INV,INV,Alternative Fund,WBS,ADVISORY,ADVISORY,FC/QC,SIM,436117689.68,53,Y,Y,Y,FSC8073988,Nuveen,US Fund Large Value,US Fund Large Value
2025-12-31,PIMCO Bond Fund S,S,Balanced Fund,WBS,BROKERAGE,BROKERAGE,BROKERAGE,SEP,113083125.97,218,N,Y,Y,FSCAP7M9HW,PIMCO,US Fund Short-Term Bond,US Fund Short-Term Bond
2025-07-31,JPMORGAN Allocation Fund INST,INST,Balanced Fund,PCG,ADVISORY,ADVISORY,FC/QC,IRA,334861961.71,168,N,Y,N,FSCAPZ4DKB,JPMorgan,US Fund Tactical Allocation,US Fund Tactical Allocation
2026-03-31,BLACKROCK Blend Fund INST,INST,Equity Fund,FINET,ADVISORY,ADVISORY,ASSET ADVISOR,SIM,277655913.82,186,Y,Y,Y,FSUSA4B2GI,BlackRock,US Fund Foreign Large Blend,US Fund Foreign Large Blend
2025-06-30,VANGUARD Growth Fund A,A,Bond Fund,WBS,BROKERAGE,BROKERAGE,FUNDSOURCE,QP,87853810.21,42,Y,Y,Y,FSCAP3Y8BT,Vanguard,US Fund Large Growth,US Fund Large Growth
2025-06-30,INVESCO Bond Fund A,A,Money Market Fund,FINET,BROKERAGE,BROKERAGE,MASTERS,SIM,337235727.53,335,Y,N,Y,FSC9366170,Invesco,US Fund Intermediate Core Bond,US Fund Intermediate Core Bond
2025-07-31,JPMORGAN Allocation Fund INST,INST,Money Market Fund,WFAS,ADVISORY,ADVISORY,MASTERS,SEP,415716709.38,86,Y,Y,Y,FSCAPZ4DKB,JPMorgan,US Fund Tactical Allocation,US Fund Tactical Allocation
2026-01-31,BLACKROCK Blend Fund A,A,Bond Fund,FINET,BROKERAGE,BROKERAGE,BROKERAGE,SEP,41736133.63,146,Y,N,Y,FSINV1KDAD,BlackRock,US Fund Foreign Large Blend,US Fund Foreign Large Blend
2025-01-31,FRANKLIN TEMPLETON Growth Fund INST,INST,Balanced Fund,FINET,BROKERAGE,BROKERAGE,ASSET ADVISOR,NON-RETIREMENT,119215812.83,480,Y,Y,Y,FSUSA9SEXI,Franklin Templeton,US Fund Small Growth,US Fund Small Growth
2026-01-31,PIMCO Growth Fund A,A,Alternative Fund,FINET,ADVISORY,ADVISORY,PERSONALIZED UMA,SIM,266809923.16,381,Y,Y,N,FSCAPS2MJ6,PIMCO,US Fund Small Growth,US Fund Small Growth
2025-06-30,DWS FUNDS Bond Fund C,C,Money Market Fund,FINET,ADVISORY,ADVISORY,MASTERS,QP,328666738.04,410,Y,Y,Y,FSC8694117,DWS,US Fund Intermediate Core Bond,US Fund Intermediate Core Bond
2025-09-30,VANGUARD Growth Fund C,C,International Equity Fund,PCG,ADVISORY,ADVISORY,BROKERAGE,QP,29203118.13,490,Y,Y,Y,FSCAP2IIZJ,Vanguard,US Fund Large Growth,US Fund Large Growth
2025-12-31,BLACKROCK Allocation Fund INST,INST,Balanced Fund,PCG,ADVISORY,ADVISORY,MASTERS,SEP,13453254.52,317,Y,Y,Y,FSCAPJJ3ZW,BlackRock,US Fund Moderate Allocation,US Fund Moderate Allocation
2026-01-31,AMERICAN FUNDS Bond Fund A,A,Money Market Fund,PCG,ADVISORY,ADVISORY,ASSET ADVISOR,IRA,450686033.85,47,Y,Y,Y,FSUSA1CZS7,capital group,US Fund High Yield Bond,US Fund High Yield Bond
2026-01-31,AMERICAN FUNDS Bond Fund A,A,International Equity Fund,PCG,BROKERAGE,BROKERAGE,MASTERS,SIM,338730133.74,460,Y,Y,N,FSUSA1CZS7,capital group,US Fund High Yield Bond,US Fund High Yield Bond
2025-10-31,LORD ABBETT Bond Fund A,A,Bond Fund,PCG,ADVISORY,ADVISORY,PIM,QP,206054339.0,257,Y,Y,Y,FSC2646842,Lord Abbett,US Fund High Yield Bond,US Fund High Yield Bond
2025-11-30,JPMORGAN Value Fund S,S,International Equity Fund,WFAS,ADVISORY,ADVISORY,BROKERAGE,IRA,442380633.28,76,Y,Y,Y,FSUSAS5BKX,JPMorgan,US Fund Large Value,US Fund Large Value
2025-08-31,BLACKROCK Blend Fund A,A,Balanced Fund,PCG,BROKERAGE,BROKERAGE,PIM,SEP,273347134.15,84,Y,Y,N,FSINV1KDAD,BlackRock,US Fund Foreign Large Blend,US Fund Foreign Large Blend
2026-03-31,CAPITAL GROUP Bond Fund INST,INST,Alternative Fund,WFAS,BROKERAGE,BROKERAGE,CUSTOMCHOICE,IRA,426939890.34,412,Y,N,Y,FSINV6Z5AS,capital group,US Fund Intermediate Core Bond,US Fund Intermediate Core Bond
2025-05-31,AMERICAN FUNDS Growth Fund A,A,Balanced Fund,PCG,ADVISORY,ADVISORY,CUSTOMCHOICE,QP,123990909.61,234,N,Y,Y,FSCAPBLFOC,capital group,US Fund Large Growth,US Fund Large Growth
2025-11-30,DWS FUNDS Allocation Fund A,A,Bond Fund,FINET,ADVISORY,ADVISORY,ASSET ADVISOR,SEP,214918548.02,235,Y,Y,Y,FSCAPPGOXS,DWS,US Fund Moderate Allocation,US Fund Moderate Allocation
2025-06-30,BLACKROCK Value Fund C,C,Bond Fund,FINET,BROKERAGE,BROKERAGE,FC/QC,SIM,432143027.51,430,Y,N,Y,FSINVW6LMH,BlackRock,US Fund Large Value,US Fund Large Value
2025-08-31,FIDELITY Blend Fund A,A,Money Market Fund,WBS,ADVISORY,ADVISORY,PERSONALIZED UMA,SEP,146632369.11,169,Y,N,Y,FSUSA4BHGL,Fidelity,US Fund Small Blend,US Fund Small Blend
2025-04-30,FRANKLIN TEMPLETON Value Fund INST,INST,International Equity Fund,PCG,ADVISORY,ADVISORY,CUSTOMCHOICE,QP,495562746.43,110,Y,N,Y,FSINV8HE3N,Franklin Templeton,US Fund Large Value,US Fund Large Value
2025-10-31,JPMORGAN Bond Fund A,A,Balanced Fund,FINET,ADVISORY,ADVISORY,ASSET ADVISOR,QP,104436988.48,193,Y,Y,Y,FSCAP0TE0V,JPMorgan,US Fund Multisector Bond,US Fund Multisector Bond
2026-02-28,VANGUARD Growth Fund A,A,Balanced Fund,WFAS,ADVISORY,ADVISORY,MASTERS,SIM,302041209.08,217,Y,Y,Y,FSCAP3Y8BT,Vanguard,US Fund Large Growth,US Fund Large Growth
2025-06-30,FRANKLIN TEMPLETON Value Fund INST,INST,Bond Fund,WFAS,ADVISORY,ADVISORY,CUSTOMCHOICE,NON-RETIREMENT,433912296.23,32,N,N,Y,FSINV8HE3N,Franklin Templeton,US Fund Large Value,US Fund Large Value
2025-06-30,INVESCO Bond Fund A,A,Balanced Fund,WBS,BROKERAGE,BROKERAGE,FUNDSOURCE,IRA,189414743.63,68,Y,Y,N,FSCAPRK315,Invesco,US Fund Intermediate Core Bond,US Fund Intermediate Core Bond
2025-04-30,INVESCO Bond Fund INST,INST,Alternative Fund,WFAS,ADVISORY,ADVISORY,CUSTOMCHOICE,SIM,33749519.31,212,Y,Y,Y,FSINV30AHC,Invesco,US Fund High Yield Bond,US Fund High Yield Bond
2025-07-31,VANGUARD Bond Fund A,A,Equity Fund,PCG,ADVISORY,ADVISORY,CUSTOMCHOICE,IRA,104892975.38,358,Y,Y,Y,FSC4693666,Vanguard,US Fund Intermediate Core Bond,US Fund Intermediate Core Bond
2025-09-30,MFS Blend Fund A,A,Money Market Fund,PCG,BROKERAGE,BROKERAGE,FC/QC,IRA,159509027.73,452,Y,Y,Y,FSCAPO8FAQ,MFS,US Fund Mid-Cap Blend,US Fund Mid-Cap Blend
2025-07-31,MFS Bond Fund C,C,Balanced Fund,PCG,ADVISORY,ADVISORY,MASTERS,IRA,261466524.21,15,Y,N,Y,FSUSAR848N,MFS,US Fund Multisector Bond,US Fund Multisector Bond
2025-06-30,FRANKLIN TEMPLETON Blend Fund C,C,Alternative Fund,WFAS,ADVISORY,ADVISORY,FC/QC,SIM,292020643.14,467,Y,N,Y,FSC8379085,Franklin Templeton,US Fund Mid-Cap Blend,US Fund Mid-Cap Blend
2025-10-31,DWS FUNDS Blend Fund INV,INV,Balanced Fund,FINET,BROKERAGE,BROKERAGE,CUSTOMCHOICE,QP,250775689.72,81,N,N,N,FSINVF3PFW,DWS,US Fund Large Blend,US Fund Large Blend
2026-03-31,T ROWE PRICE Estate Fund S,S,Bond Fund,PCG,ADVISORY,ADVISORY,ASSET ADVISOR,NON-RETIREMENT,419875553.67,86,Y,Y,N,FSINVOVNZB,T. Rowe Price,US Fund Real Estate,US Fund Real Estate
2025-02-28,VANGUARD Allocation Fund INV,INV,Bond Fund,FINET,BROKERAGE,BROKERAGE,FUNDSOURCE,NON-RETIREMENT,458986185.8,107,Y,N,Y,FSUSAMIGJS,Vanguard,US Fund Tactical Allocation,US Fund Tactical Allocation
2025-03-31,FRANKLIN TEMPLETON Growth Fund INST,INST,Alternative Fund,WFAS,BROKERAGE,BROKERAGE,PERSONALIZED UMA,QP,194630020.0,219,Y,N,Y,FSUSA9SEXI,Franklin Templeton,US Fund Small Growth,US Fund Small Growth
2025-08-31,FIDELITY Bond Fund INST,INST,Money Market Fund,WBS,ADVISORY,ADVISORY,BROKERAGE,NON-RETIREMENT,74814135.74,259,N,Y,Y,FSINVQUXZJ,Fidelity,US Fund Intermediate Core Bond,US Fund Intermediate Core Bond
2025-08-31,BLACKROCK Value Fund C,C,Equity Fund,WFAS,BROKERAGE,BROKERAGE,FC/QC,NON-RETIREMENT,332935748.93,117,Y,Y,Y,FSINVW6LMH,BlackRock,US Fund Large Value,US Fund Large Value
2025-08-31,AMERICAN FUNDS Bond Fund A,A,Bond Fund,WFAS,ADVISORY,ADVISORY,FUNDSOURCE,NON-RETIREMENT,429396257.73,436,Y,Y,Y,FSUSA1CZS7,capital group,US Fund High Yield Bond,US Fund High Yield Bond
2025-01-31,LORD ABBETT Blend Fund INST,INST,International Equity Fund,PCG,ADVISORY,ADVISORY,PIM,QP,234934640.02,32,Y,N,Y,FSINVDZ4HR,Lord Abbett,US Fund Foreign Large Blend,US Fund Foreign Large Blend
2025-03-31,CAPITAL GROUP Blend Fund A,A,Money Market Fund,WFAS,ADVISORY,ADVISORY,BROKERAGE,SEP,354607434.59,404,Y,N,N,FSUSAYANEZ,capital group,US Fund Foreign Large Blend,US Fund Foreign Large Blend
2025-06-30,JPMORGAN Bond Fund A,A,International Equity Fund,WFAS,ADVISORY,ADVISORY,FUNDSOURCE,QP,397892108.79,457,Y,Y,Y,FSCAP0TE0V,JPMorgan,US Fund Multisector Bond,US Fund Multisector Bond
2025-02-28,PIMCO Bond Fund S,S,International Equity Fund,WFAS,ADVISORY,ADVISORY,ASSET ADVISOR,SEP,394368050.26,216,Y,N,Y,FSCAP7M9HW,PIMCO,US Fund Short-Term Bond,US Fund Short-Term Bond
2025-04-30,VANGUARD Allocation Fund INV,INV,Balanced Fund,WFAS,ADVISORY,ADVISORY,FC/QC,QP,5129094.11,494,N,Y,N,FSUSAMIGJS,Vanguard,US Fund Tactical Allocation,US Fund Tactical Allocation
2025-12-31,PIMCO Blend Fund A,A,Bond Fund,WBS,BROKERAGE,BROKERAGE,FUNDSOURCE,NON-RETIREMENT,355852164.34,320,Y,N,Y,FSCAPPXIH2,PIMCO,US Fund Mid-Cap Blend,US Fund Mid-Cap Blend
2025-10-31,AMERICAN FUNDS Growth Fund A,A,Alternative Fund,WBS,ADVISORY,ADVISORY,PERSONALIZED UMA,IRA,5333194.87,435,Y,Y,Y,FSCAPBLFOC,capital group,US Fund Large Growth,US Fund Large Growth
2025-06-30,PIMCO Blend Fund A,A,Balanced Fund,WBS,ADVISORY,ADVISORY,CUSTOMCHOICE,SIM,137329725.03,250,Y,Y,Y,FSCAPPXIH2,PIMCO,US Fund Mid-Cap Blend,US Fund Mid-Cap Blend
2025-01-31,LORD ABBETT Estate Fund A,A,Equity Fund,WFAS,ADVISORY,ADVISORY,FUNDSOURCE,NON-RETIREMENT,287981519.14,15,Y,Y,N,FSINVN2N0F,Lord Abbett,US Fund Real Estate,US Fund Real Estate
2025-02-28,INVESCO Allocation Fund A,A,International Equity Fund,PCG,BROKERAGE,BROKERAGE,FUNDSOURCE,NON-RETIREMENT,177959062.19,282,Y,Y,N,FSC8043975,Invesco,US Fund Tactical Allocation,US Fund Tactical Allocation
2025-01-31,INVESCO Bond Fund C,C,Equity Fund,PCG,ADVISORY,ADVISORY,PIM,NON-RETIREMENT,103392689.93,144,Y,Y,Y,FSUSAFVJ1Z,Invesco,US Fund Short-Term Bond,US Fund Short-Term Bond
2025-03-31,DWS FUNDS Bond Fund A,A,Bond Fund,WBS,BROKERAGE,BROKERAGE,PERSONALIZED UMA,IRA,498992340.16,475,Y,Y,Y,FSCAPZUVDG,DWS,US Fund High Yield Bond,US Fund High Yield Bond
2025-08-31,AMERICAN FUNDS Bond Fund A,A,Balanced Fund,WBS,BROKERAGE,BROKERAGE,PIM,SIM,170346269.49,176,Y,Y,Y,FSUSA1CZS7,capital group,US Fund High Yield Bond,US Fund High Yield Bond
2025-06-30,BLACKROCK Bond Fund INST,INST,Alternative Fund,PCG,BROKERAGE,BROKERAGE,FC/QC,NON-RETIREMENT,281594351.23,324,Y,Y,Y,FSC6963457,BlackRock,US Fund High Yield Bond,US Fund High Yield Bond
2026-03-31,BLACKROCK Allocation Fund INST,INST,Balanced Fund,PCG,ADVISORY,ADVISORY,CUSTOMCHOICE,SEP,65534180.06,437,Y,Y,N,FSCAPJJ3ZW,BlackRock,US Fund Moderate Allocation,US Fund Moderate Allocation
2025-08-31,CAPITAL GROUP Blend Fund INST,INST,Alternative Fund,FINET,BROKERAGE,BROKERAGE,CUSTOMCHOICE,IRA,197209076.75,161,Y,Y,Y,FSC7363842,capital group,US Fund Small Blend,US Fund Small Blend
2025-02-28,FIDELITY Bond Fund INST,INST,Money Market Fund,WFAS,ADVISORY,ADVISORY,MASTERS,SEP,159868737.28,31,Y,Y,N,FSINVQUXZJ,Fidelity,US Fund Intermediate Core Bond,US Fund Intermediate Core Bond
2025-08-31,FIDELITY Bond Fund A,A,Balanced Fund,FINET,BROKERAGE,BROKERAGE,PERSONALIZED UMA,NON-RETIREMENT,12909032.66,375,Y,Y,N,FSUSAP0XJP,Fidelity,US Fund Multisector Bond,US Fund Multisector Bond
2026-02-28,NUVEEN Blend Fund A,A,Bond Fund,FINET,BROKERAGE,BROKERAGE,CUSTOMCHOICE,IRA,392897663.5,378,N,N,Y,FSUSAGQ1Y8,Nuveen,US Fund Foreign Large Blend,US Fund Foreign Large Blend
2025-10-31,FRANKLIN TEMPLETON Blend Fund C,C,Bond Fund,FINET,ADVISORY,ADVISORY,MASTERS,IRA,287958464.65,47,Y,N,N,FSC8379085,Franklin Templeton,US Fund Mid-Cap Blend,US Fund Mid-Cap Blend
2025-06-30,LORD ABBETT Blend Fund INST,INST,Balanced Fund,FINET,BROKERAGE,BROKERAGE,PERSONALIZED UMA,QP,158526397.73,291,Y,Y,N,FSINVDZ4HR,Lord Abbett,US Fund Foreign Large Blend,US Fund Foreign Large Blend
2025-10-31,CAPITAL GROUP Bond Fund INST,INST,Alternative Fund,PCG,BROKERAGE,BROKERAGE,FUNDSOURCE,NON-RETIREMENT,162492499.15,209,Y,Y,Y,FSINV6Z5AS,capital group,US Fund Intermediate Core Bond,US Fund Intermediate Core Bond
2025-04-30,FIRST EAGLE Growth Fund INST,INST,Alternative Fund,FINET,BROKERAGE,BROKERAGE,FUNDSOURCE,SEP,400532278.55,364,Y,Y,Y,FSUSAUK54B,First Eagle,US Fund Small Growth,US Fund Small Growth
2025-07-31,FIDELITY Blend Fund A,A,Money Market Fund,WFAS,BROKERAGE,BROKERAGE,FC/QC,IRA,92860462.72,123,Y,Y,Y,FSUSA4BHGL,Fidelity,US Fund Small Blend,US Fund Small Blend
2025-01-31,VANGUARD Growth Fund A,A,Alternative Fund,FINET,BROKERAGE,BROKERAGE,FUNDSOURCE,QP,41837323.21,115,Y,Y,N,FSCAP3Y8BT,Vanguard,US Fund Large Growth,US Fund Large Growth
2025-01-31,T ROWE PRICE Blend Fund A,A,International Equity Fund,WBS,ADVISORY,ADVISORY,BROKERAGE,QP,272540610.55,271,Y,Y,Y,FSUSA99GZA,T. Rowe Price,US Fund Small Blend,US Fund Small Blend
2026-01-31,CAPITAL GROUP Growth Fund A,A,International Equity Fund,PCG,ADVISORY,ADVISORY,ASSET ADVISOR,QP,434436368.67,19,Y,Y,Y,FSINV8R1QP,capital group,US Fund Small Growth,US Fund Small Growth
2025-07-31,LORD ABBETT Bond Fund A,A,Alternative Fund,FINET,BROKERAGE,BROKERAGE,FUNDSOURCE,IRA,221162217.49,78,Y,Y,N,FSC2646842,Lord Abbett,US Fund High Yield Bond,US Fund High Yield Bond
2025-08-31,FRANKLIN TEMPLETON Bond Fund INST,INST,Alternative Fund,PCG,ADVISORY,ADVISORY,ASSET ADVISOR,SIM,42583815.42,440,Y,Y,N,FSINVCNRVP,Franklin Templeton,US Fund Intermediate Core Bond,US Fund Intermediate Core Bond
2025-10-31,FIRST EAGLE Bond Fund A,A,Money Market Fund,WBS,ADVISORY,ADVISORY,MASTERS,IRA,160563667.86,444,Y,Y,Y,FSUSAMFLIX,First Eagle,US Fund Multisector Bond,US Fund Multisector Bond
2025-01-31,FIRST EAGLE Estate Fund INST,INST,Balanced Fund,WFAS,BROKERAGE,BROKERAGE,MASTERS,QP,183971526.48,15,N,Y,N,FSUSAS7SPG,First Eagle,US Fund Real Estate,US Fund Real Estate
2026-01-31,INVESCO Bond Fund A,A,Alternative Fund,PCG,ADVISORY,ADVISORY,PERSONALIZED UMA,SIM,173408882.66,361,Y,N,Y,FSC9366170,Invesco,US Fund Intermediate Core Bond,US Fund Intermediate Core Bond
2025-04-30,VANGUARD Growth Fund A,A,Alternative Fund,PCG,ADVISORY,ADVISORY,FUNDSOURCE,IRA,197217250.62,428,Y,Y,Y,FSCAP3Y8BT,Vanguard,US Fund Large Growth,US Fund Large Growth
2025-02-28,INVESCO Bond Fund C,C,Alternative Fund,WFAS,BROKERAGE,BROKERAGE,BROKERAGE,SEP,385283081.25,354,Y,N,N,FSUSAFVJ1Z,Invesco,US Fund Short-Term Bond,US Fund Short-Term Bond
2026-01-31,NUVEEN Blend Fund A,A,Bond Fund,FINET,BROKERAGE,BROKERAGE,BROKERAGE,SIM,199498743.55,237,Y,Y,Y,FSUSAGQ1Y8,Nuveen,US Fund Foreign Large Blend,US Fund Foreign Large Blend
2026-03-31,FRANKLIN TEMPLETON Bond Fund INST,INST,Money Market Fund,WFAS,ADVISORY,ADVISORY,FC/QC,QP,122819925.56,367,Y,N,Y,FSINVCNRVP,Franklin Templeton,US Fund Intermediate Core Bond,US Fund Intermediate Core Bond
2025-01-31,INVESCO Blend Fund A,A,Alternative Fund,PCG,ADVISORY,ADVISORY,PIM,QP,409405161.21,401,Y,Y,N,FSINVZILDX,Invesco,US Fund Large Blend,US Fund Large Blend
2025-11-30,JPMORGAN Growth Fund INV,INV,Bond Fund,WBS,ADVISORY,ADVISORY,CUSTOMCHOICE,NON-RETIREMENT,149157334.19,433,Y,N,Y,FSINVVT0VG,JPMorgan,US Fund Large Growth,US Fund Large Growth
2026-01-31,NUVEEN Estate Fund A,A,Alternative Fund,PCG,ADVISORY,ADVISORY,FUNDSOURCE,QP,437642021.95,88,Y,Y,Y,FSCAP9SFEF,Nuveen,US Fund Real Estate,US Fund Real Estate
2025-08-31,BLACKROCK Blend Fund INST,INST,Balanced Fund,WBS,ADVISORY,ADVISORY,CUSTOMCHOICE,SEP,275227294.29,173,Y,Y,N,FSUSA4B2GI,BlackRock,US Fund Foreign Large Blend,US Fund Foreign Large Blend
2025-04-30,FIRST EAGLE Growth Fund INST,INST,International Equity Fund,PCG,BROKERAGE,BROKERAGE,FC/QC,IRA,481929441.32,471,Y,N,Y,FSUSAUK54B,First Eagle,US Fund Small Growth,US Fund Small Growth
2025-07-31,INVESCO Bond Fund INST,INST,Bond Fund,WBS,ADVISORY,ADVISORY,PERSONALIZED UMA,NON-RETIREMENT,198219811.69,289,Y,Y,N,FSINV30AHC,Invesco,US Fund High Yield Bond,US Fund High Yield Bond
2025-01-31,NUVEEN Estate Fund A,A,Money Market Fund,FINET,ADVISORY,ADVISORY,MASTERS,SIM,182077908.99,160,Y,N,Y,FSCAP9SFEF,Nuveen,US Fund Real Estate,US Fund Real Estate
2025-12-31,FIDELITY Blend Fund C,C,Equity Fund,FINET,ADVISORY,ADVISORY,FC/QC,NON-RETIREMENT,245572336.73,46,Y,Y,Y,FSUSAVKKPF,Fidelity,US Fund Large Blend,US Fund Large Blend
2025-06-30,JPMORGAN Bond Fund A,A,Money Market Fund,WBS,BROKERAGE,BROKERAGE,FC/QC,IRA,60958046.02,184,Y,Y,Y,FSCAP0TE0V,JPMorgan,US Fund Multisector Bond,US Fund Multisector Bond
2025-05-31,BLACKROCK Value Fund C,C,Bond Fund,PCG,BROKERAGE,BROKERAGE,ASSET ADVISOR,SEP,355684070.11,360,Y,Y,Y,FSINVW6LMH,BlackRock,US Fund Large Value,US Fund Large Value
2025-02-28,AMERICAN FUNDS Bond Fund INST,INST,Equity Fund,PCG,ADVISORY,ADVISORY,FUNDSOURCE,SIM,38110196.92,265,Y,Y,Y,FSC0723107,capital group,US Fund High Yield Bond,US Fund High Yield Bond
2025-06-30,JPMORGAN Bond Fund A,A,Money Market Fund,FINET,ADVISORY,ADVISORY,PIM,SEP,87766199.06,204,Y,Y,Y,FSCAP0TE0V,JPMorgan,US Fund Multisector Bond,US Fund Multisector Bond
2026-03-31,DWS FUNDS Allocation Fund A,A,Bond Fund,FINET,BROKERAGE,BROKERAGE,PERSONALIZED UMA,SIM,44797951.16,137,Y,Y,N,FSCAPPGOXS,DWS,US Fund Moderate Allocation,US Fund Moderate Allocation
2025-11-30,BLACKROCK Value Fund C,C,Balanced Fund,PCG,BROKERAGE,BROKERAGE,PIM,SIM,393975242.19,15,Y,N,N,FSINVW6LMH,BlackRock,US Fund Large Value,US Fund Large Value
2025-10-31,FIRST EAGLE Bond Fund A,A,Bond Fund,FINET,BROKERAGE,BROKERAGE,CUSTOMCHOICE,SIM,387729384.72,490,Y,Y,Y,FSUSAMFLIX,First Eagle,US Fund Multisector Bond,US Fund Multisector Bond
2026-03-31,INVESCO Bond Fund A,A,Equity Fund,PCG,ADVISORY,ADVISORY,PERSONALIZED UMA,NON-RETIREMENT,195319903.31,272,Y,Y,Y,FSC9366170,Invesco,US Fund Intermediate Core Bond,US Fund Intermediate Core Bond
2025-10-31,CAPITAL GROUP Blend Fund INST,INST,Money Market Fund,FINET,ADVISORY,ADVISORY,BROKERAGE,QP,96879663.02,16,Y,Y,Y,FSC7363842,capital group,US Fund Small Blend,US Fund Small Blend
2025-01-31,MFS Blend Fund C,C,Money Market Fund,PCG,ADVISORY,ADVISORY,MASTERS,IRA,120312014.47,418,Y,Y,Y,FSC8686926,MFS,US Fund Small Blend,US Fund Small Blend
2026-02-28,INVESCO Bond Fund A,A,Money Market Fund,PCG,ADVISORY,ADVISORY,CUSTOMCHOICE,SIM,463979879.67,170,Y,Y,N,FSC9366170,Invesco,US Fund Intermediate Core Bond,US Fund Intermediate Core Bond
2025-05-31,NUVEEN Value Fund INV,INV,Balanced Fund,WBS,BROKERAGE,BROKERAGE,MASTERS,SEP,306547698.43,199,Y,Y,Y,FSC8073988,Nuveen,US Fund Large Value,US Fund Large Value
2025-12-31,T ROWE PRICE Bond Fund C,C,Alternative Fund,WBS,BROKERAGE,BROKERAGE,PIM,SIM,65258784.73,176,Y,Y,Y,FSINV5AYKJ,T. Rowe Price,US Fund Short-Term Bond,US Fund Short-Term Bond
2026-03-31,INVESCO Bond Fund A,A,Alternative Fund,WFAS,BROKERAGE,BROKERAGE,ASSET ADVISOR,SIM,102386600.12,157,Y,Y,Y,FSCAPRK315,Invesco,US Fund Intermediate Core Bond,US Fund Intermediate Core Bond
2025-10-31,VANGUARD Bond Fund INV,INV,Equity Fund,PCG,ADVISORY,ADVISORY,FC/QC,NON-RETIREMENT,275423862.97,422,Y,Y,Y,FSUSAF3MVF,Vanguard,US Fund Short-Term Bond,US Fund Short-Term Bond
2025-08-31,BLACKROCK Value Fund C,C,Alternative Fund,FINET,BROKERAGE,BROKERAGE,BROKERAGE,IRA,45294190.13,7,Y,N,Y,FSINVHB0YI,BlackRock,US Fund Large Value,US Fund Large Value
2025-05-31,FIDELITY Blend Fund A,A,Money Market Fund,PCG,BROKERAGE,BROKERAGE,ASSET ADVISOR,NON-RETIREMENT,20525008.26,139,Y,N,N,FSUSA4BHGL,Fidelity,US Fund Small Blend,US Fund Small Blend
2025-09-30,CAPITAL GROUP Growth Fund A,A,Balanced Fund,FINET,ADVISORY,ADVISORY,CUSTOMCHOICE,NON-RETIREMENT,156723955.2,180,Y,N,N,FSINV8R1QP,capital group,US Fund Small Growth,US Fund Small Growth
2025-04-30,AMERICAN FUNDS Growth Fund A,A,Alternative Fund,WBS,BROKERAGE,BROKERAGE,PERSONALIZED UMA,SEP,429729662.46,338,Y,N,Y,FSCAPBLFOC,capital group,US Fund Large Growth,US Fund Large Growth
2025-01-31,LORD ABBETT Estate Fund A,A,Balanced Fund,WBS,BROKERAGE,BROKERAGE,FC/QC,SEP,318624983.32,487,Y,Y,Y,FSINVN2N0F,Lord Abbett,US Fund Real Estate,US Fund Real Estate
2025-09-30,VANGUARD Growth Fund C,C,Equity Fund,FINET,ADVISORY,ADVISORY,PERSONALIZED UMA,IRA,337584131.0,268,Y,Y,N,FSCAP2IIZJ,Vanguard,US Fund Large Growth,US Fund Large Growth
2025-08-31,VANGUARD Growth Fund A,A,Money Market Fund,PCG,BROKERAGE,BROKERAGE,ASSET ADVISOR,IRA,150383348.85,206,Y,Y,Y,FSCAP853QJ,Vanguard,US Fund Large Growth,US Fund Large Growth
2025-10-31,PIMCO Bond Fund S,S,International Equity Fund,PCG,BROKERAGE,BROKERAGE,PERSONALIZED UMA,SEP,400132195.57,89,Y,Y,N,FSCAP7M9HW,PIMCO,US Fund Short-Term Bond,US Fund Short-Term Bond
2025-12-31,NUVEEN Growth Fund S,S,International Equity Fund,FINET,BROKERAGE,BROKERAGE,PIM,NON-RETIREMENT,120625653.37,370,Y,N,Y,FSCAPUT3V8,Nuveen,US Fund Small Growth,US Fund Small Growth
2025-08-31,INVESCO Allocation Fund A,A,International Equity Fund,WBS,ADVISORY,ADVISORY,ASSET ADVISOR,NON-RETIREMENT,170351442.19,89,Y,Y,Y,FSC8043975,Invesco,US Fund Tactical Allocation,US Fund Tactical Allocation
2026-02-28,T ROWE PRICE Blend Fund A,A,Bond Fund,WFAS,ADVISORY,ADVISORY,FC/QC,SIM,285897038.24,300,Y,Y,Y,FSUSA99GZA,T. Rowe Price,US Fund Small Blend,US Fund Small Blend
2025-03-31,DWS FUNDS Bond Fund A,A,Alternative Fund,PCG,ADVISORY,ADVISORY,FUNDSOURCE,QP,496375771.28,425,Y,N,Y,FSCAPZUVDG,DWS,US Fund High Yield Bond,US Fund High Yield Bond
2025-05-31,NUVEEN Blend Fund INV,INV,International Equity Fund,WFAS,ADVISORY,ADVISORY,CUSTOMCHOICE,IRA,384279554.24,1,Y,Y,N,FSUSALNO19,Nuveen,US Fund Small Blend,US Fund Small Blend
2025-01-31,INVESCO Bond Fund A,A,Equity Fund,FINET,BROKERAGE,BROKERAGE,PERSONALIZED UMA,IRA,405380768.39,250,Y,Y,Y,FSC9366170,Invesco,US Fund Intermediate Core Bond,US Fund Intermediate Core Bond
2026-03-31,INVESCO Bond Fund A,A,International Equity Fund,FINET,BROKERAGE,BROKERAGE,FUNDSOURCE,NON-RETIREMENT,18340398.53,410,Y,N,Y,FSCAPRK315,Invesco,US Fund Intermediate Core Bond,US Fund Intermediate Core Bond
2025-04-30,MFS Bond Fund C,C,Bond Fund,PCG,ADVISORY,ADVISORY,FC/QC,SIM,361282048.22,277,Y,Y,Y,FSUSAR848N,MFS,US Fund Multisector Bond,US Fund Multisector Bond
2025-07-31,BLACKROCK Blend Fund A,A,Balanced Fund,WFAS,ADVISORY,ADVISORY,MASTERS,SEP,197514045.7,227,Y,Y,Y,FSINV1KDAD,BlackRock,US Fund Foreign Large Blend,US Fund Foreign Large Blend
2025-02-28,JPMORGAN Growth Fund INV,INV,International Equity Fund,WBS,BROKERAGE,BROKERAGE,ASSET ADVISOR,SIM,498967931.77,139,Y,Y,Y,FSINVVT0VG,JPMorgan,US Fund Large Growth,US Fund Large Growth
2025-04-30,FIRST EAGLE Blend Fund INST,INST,Bond Fund,FINET,ADVISORY,ADVISORY,BROKERAGE,NON-RETIREMENT,218759779.69,92,Y,N,Y,FSCAP4FGYV,First Eagle,US Fund Small Blend,US Fund Small Blend
2025-03-31,NUVEEN Growth Fund S,S,Balanced Fund,PCG,BROKERAGE,BROKERAGE,PIM,NON-RETIREMENT,476517522.12,191,N,Y,Y,FSCAPUT3V8,Nuveen,US Fund Small Growth,US Fund Small Growth
2025-08-31,LORD ABBETT Blend Fund INST,INST,Equity Fund,WFAS,BROKERAGE,BROKERAGE,FC/QC,NON-RETIREMENT,167538946.17,222,Y,Y,Y,FSINVDZ4HR,Lord Abbett,US Fund Foreign Large Blend,US Fund Foreign Large Blend
2025-07-31,INVESCO Blend Fund A,A,Bond Fund,PCG,BROKERAGE,BROKERAGE,PIM,QP,100092830.07,390,Y,Y,Y,FSINVZILDX,Invesco,US Fund Large Blend,US Fund Large Blend
2026-02-28,VANGUARD Bond Fund A,A,Alternative Fund,PCG,BROKERAGE,BROKERAGE,FC/QC,QP,465355259.51,100,Y,Y,Y,FSC4693666,Vanguard,US Fund Intermediate Core Bond,US Fund Intermediate Core Bond
2025-03-31,PIMCO Blend Fund A,A,Alternative Fund,WFAS,ADVISORY,ADVISORY,FC/QC,NON-RETIREMENT,386676617.91,395,Y,Y,N,FSCAPPXIH2,PIMCO,US Fund Mid-Cap Blend,US Fund Mid-Cap Blend
2025-08-31,CAPITAL GROUP Growth Fund A,A,International Equity Fund,PCG,BROKERAGE,BROKERAGE,FUNDSOURCE,IRA,17720757.47,415,Y,Y,Y,FSINVHRONH,capital group,US Fund Large Growth,US Fund Large Growth
2025-01-31,DWS FUNDS Bond Fund A,A,Bond Fund,WBS,ADVISORY,ADVISORY,FUNDSOURCE,SEP,467806041.92,18,Y,Y,Y,FSUSA4DZT8,DWS,US Fund Multisector Bond,US Fund Multisector Bond
2025-04-30,NUVEEN Blend Fund A,A,Equity Fund,PCG,BROKERAGE,BROKERAGE,FUNDSOURCE,QP,140501333.59,205,Y,N,Y,FSUSAGQ1Y8,Nuveen,US Fund Foreign Large Blend,US Fund Foreign Large Blend
2026-03-31,MFS Blend Fund A,A,Balanced Fund,WFAS,ADVISORY,ADVISORY,PERSONALIZED UMA,NON-RETIREMENT,219972088.17,304,Y,N,Y,FSCAPO8FAQ,MFS,US Fund Mid-Cap Blend,US Fund Mid-Cap Blend
2025-08-31,FIRST EAGLE Growth Fund INST,INST,Money Market Fund,WBS,BROKERAGE,BROKERAGE,BROKERAGE,SIM,147931408.45,433,Y,Y,Y,FSUSAUK54B,First Eagle,US Fund Small Growth,US Fund Small Growth
2025-02-28,PIMCO Blend Fund A,A,International Equity Fund,FINET,ADVISORY,ADVISORY,FUNDSOURCE,SIM,310380992.38,81,Y,Y,Y,FSINVNDQ6K,PIMCO,US Fund Small Blend,US Fund Small Blend
2025-11-30,PIMCO Blend Fund A,A,International Equity Fund,PCG,BROKERAGE,BROKERAGE,FC/QC,QP,264683260.51,316,Y,N,Y,FSINVNDQ6K,PIMCO,US Fund Small Blend,US Fund Small Blend
2025-04-30,T ROWE PRICE Blend Fund A,A,Bond Fund,WBS,BROKERAGE,BROKERAGE,PERSONALIZED UMA,QP,455093697.35,240,Y,Y,Y,FSUSA99GZA,T. Rowe Price,US Fund Small Blend,US Fund Small Blend
2025-11-30,NUVEEN Growth Fund S,S,Equity Fund,FINET,ADVISORY,ADVISORY,FUNDSOURCE,NON-RETIREMENT,47346821.52,262,Y,Y,Y,FSCAPUT3V8,Nuveen,US Fund Small Growth,US Fund Small Growth
2026-01-31,BLACKROCK Bond Fund INST,INST,Alternative Fund,PCG,ADVISORY,ADVISORY,BROKERAGE,NON-RETIREMENT,165844320.63,203,Y,N,Y,FSCAPSG2R8,BlackRock,US Fund Short-Term Bond,US Fund Short-Term Bond
2025-07-31,DWS FUNDS Bond Fund C,C,Money Market Fund,FINET,BROKERAGE,BROKERAGE,PERSONALIZED UMA,NON-RETIREMENT,495233972.55,254,Y,Y,Y,FSC8694117,DWS,US Fund Intermediate Core Bond,US Fund Intermediate Core Bond
2025-10-31,FRANKLIN TEMPLETON Bond Fund INST,INST,Bond Fund,WBS,BROKERAGE,BROKERAGE,PIM,QP,44559008.5,375,Y,Y,Y,FSC7967512,Franklin Templeton,US Fund Short-Term Bond,US Fund Short-Term Bond
2026-02-28,PIMCO Blend Fund A,A,Equity Fund,PCG,ADVISORY,ADVISORY,PIM,SEP,283011462.85,206,Y,Y,Y,FSINVNDQ6K,PIMCO,US Fund Small Blend,US Fund Small Blend
2025-11-30,BLACKROCK Blend Fund INST,INST,International Equity Fund,PCG,BROKERAGE,BROKERAGE,MASTERS,QP,168441601.14,306,Y,Y,Y,FSUSA4B2GI,BlackRock,US Fund Foreign Large Blend,US Fund Foreign Large Blend
2026-01-31,LORD ABBETT Bond Fund A,A,Money Market Fund,WBS,BROKERAGE,BROKERAGE,PIM,NON-RETIREMENT,37289483.48,30,Y,Y,Y,FSC2646842,Lord Abbett,US Fund High Yield Bond,US Fund High Yield Bond
2025-01-31,FIRST EAGLE Bond Fund A,A,Money Market Fund,FINET,BROKERAGE,BROKERAGE,FUNDSOURCE,SIM,335756911.65,114,Y,N,Y,FSUSAMFLIX,First Eagle,US Fund Multisector Bond,US Fund Multisector Bond
2025-11-30,DWS FUNDS Blend Fund INV,INV,Alternative Fund,PCG,BROKERAGE,BROKERAGE,CUSTOMCHOICE,NON-RETIREMENT,473539453.36,105,Y,Y,Y,FSINVF3PFW,DWS,US Fund Large Blend,US Fund Large Blend
2025-10-31,NUVEEN Growth Fund S,S,Money Market Fund,WBS,BROKERAGE,BROKERAGE,BROKERAGE,IRA,290151140.74,18,Y,Y,Y,FSCAPUT3V8,Nuveen,US Fund Small Growth,US Fund Small Growth
2025-12-31,VANGUARD Bond Fund INST,INST,Money Market Fund,PCG,BROKERAGE,BROKERAGE,FUNDSOURCE,NON-RETIREMENT,206704501.76,156,Y,Y,Y,FSC4848373,Vanguard,US Fund High Yield Bond,US Fund High Yield Bond
2025-11-30,BLACKROCK Blend Fund INST,INST,International Equity Fund,FINET,BROKERAGE,BROKERAGE,PIM,QP,181565494.82,481,Y,Y,Y,FSUSA4B2GI,BlackRock,US Fund Foreign Large Blend,US Fund Foreign Large Blend
2026-01-31,CAPITAL GROUP Blend Fund INST,INST,International Equity Fund,FINET,BROKERAGE,BROKERAGE,FUNDSOURCE,SIM,48408908.53,213,Y,N,Y,FSC7363842,capital group,US Fund Small Blend,US Fund Small Blend
2025-11-30,MFS Blend Fund C,C,Balanced Fund,PCG,BROKERAGE,BROKERAGE,PIM,SIM,407314097.56,367,Y,Y,Y,FSC8686926,MFS,US Fund Small Blend,US Fund Small Blend
2025-05-31,CAPITAL GROUP Growth Fund A,A,Alternative Fund,FINET,BROKERAGE,BROKERAGE,FUNDSOURCE,QP,220267949.7,282,Y,N,Y,FSINV8R1QP,capital group,US Fund Small Growth,US Fund Small Growth
2025-03-31,LORD ABBETT Bond Fund A,A,Alternative Fund,WBS,ADVISORY,ADVISORY,PIM,SIM,218399745.41,471,N,Y,Y,FSC2646842,Lord Abbett,US Fund High Yield Bond,US Fund High Yield Bond
2025-12-31,CAPITAL GROUP Growth Fund A,A,International Equity Fund,PCG,ADVISORY,ADVISORY,FUNDSOURCE,SIM,136755786.77,418,Y,Y,N,FSINV8R1QP,capital group,US Fund Small Growth,US Fund Small Growth
2025-06-30,MFS Bond Fund C,C,Money Market Fund,WBS,BROKERAGE,BROKERAGE,CUSTOMCHOICE,SEP,28926032.45,123,Y,N,Y,FSUSAR848N,MFS,US Fund Multisector Bond,US Fund Multisector Bond
2025-05-31,DWS FUNDS Blend Fund INV,INV,Alternative Fund,FINET,ADVISORY,ADVISORY,CUSTOMCHOICE,SEP,465172932.29,153,Y,Y,Y,FSINVF3PFW,DWS,US Fund Large Blend,US Fund Large Blend
2025-10-31,FRANKLIN TEMPLETON Bond Fund INST,INST,Bond Fund,WFAS,ADVISORY,ADVISORY,ASSET ADVISOR,SEP,194468503.45,422,Y,Y,Y,FSINVCNRVP,Franklin Templeton,US Fund Intermediate Core Bond,US Fund Intermediate Core Bond
2025-01-31,AMERICAN FUNDS Growth Fund A,A,Money Market Fund,WFAS,ADVISORY,ADVISORY,MASTERS,SIM,213611928.53,464,Y,N,Y,FSCAPBLFOC,capital group,US Fund Large Growth,US Fund Large Growth
2025-05-31,FRANKLIN TEMPLETON Bond Fund INST,INST,Alternative Fund,WBS,ADVISORY,ADVISORY,ASSET ADVISOR,IRA,213043320.13,96,Y,N,Y,FSINVCNRVP,Franklin Templeton,US Fund Intermediate Core Bond,US Fund Intermediate Core Bond
2025-12-31,INVESCO Bond Fund INST,INST,Alternative Fund,FINET,ADVISORY,ADVISORY,PIM,SEP,275647006.26,210,Y,N,Y,FSINV30AHC,Invesco,US Fund High Yield Bond,US Fund High Yield Bond
2026-03-31,FRANKLIN TEMPLETON Bond Fund INST,INST,Balanced Fund,PCG,BROKERAGE,BROKERAGE,ASSET ADVISOR,SEP,260590839.52,114,Y,Y,N,FSC7967512,Franklin Templeton,US Fund Short-Term Bond,US Fund Short-Term Bond
2025-12-31,INVESCO Bond Fund A,A,Equity Fund,WBS,BROKERAGE,BROKERAGE,FUNDSOURCE,QP,156931979.2,384,Y,N,Y,FSCAPRK315,Invesco,US Fund Intermediate Core Bond,US Fund Intermediate Core Bond
2026-01-31,BLACKROCK Bond Fund INST,INST,International Equity Fund,PCG,BROKERAGE,BROKERAGE,BROKERAGE,IRA,495759501.0,453,Y,Y,Y,FSC6963457,BlackRock,US Fund High Yield Bond,US Fund High Yield Bond
2026-02-28,VANGUARD Bond Fund A,A,Equity Fund,WFAS,ADVISORY,ADVISORY,PIM,QP,27446767.9,383,Y,N,Y,FSC4693666,Vanguard,US Fund Intermediate Core Bond,US Fund Intermediate Core Bond
2025-10-31,BLACKROCK Value Fund C,C,Money Market Fund,PCG,BROKERAGE,BROKERAGE,PIM,IRA,438549738.62,173,Y,Y,N,FSINVHB0YI,BlackRock,US Fund Large Value,US Fund Large Value
2025-04-30,DWS FUNDS Bond Fund INST,INST,International Equity Fund,WBS,BROKERAGE,BROKERAGE,PERSONALIZED UMA,IRA,250858079.47,408,Y,Y,Y,FSCAPNRENH,DWS,US Fund High Yield Bond,US Fund High Yield Bond
2025-11-30,INVESCO Growth Fund C,C,International Equity Fund,WFAS,ADVISORY,ADVISORY,FUNDSOURCE,NON-RETIREMENT,375619225.17,486,N,Y,Y,FSCAP5YC33,Invesco,US Fund Small Growth,US Fund Small Growth
2025-01-31,MFS Blend Fund C,C,Equity Fund,WFAS,ADVISORY,ADVISORY,FC/QC,IRA,76891436.55,303,Y,N,Y,FSC8686926,MFS,US Fund Small Blend,US Fund Small Blend
2025-05-31,NUVEEN Blend Fund A,A,Bond Fund,PCG,ADVISORY,ADVISORY,BROKERAGE,QP,435773198.27,441,Y,Y,Y,FSUSAGQ1Y8,Nuveen,US Fund Foreign Large Blend,US Fund Foreign Large Blend
2025-08-31,NUVEEN Growth Fund S,S,Money Market Fund,PCG,BROKERAGE,BROKERAGE,PERSONALIZED UMA,SEP,261099041.05,179,Y,N,Y,FSCAPUT3V8,Nuveen,US Fund Small Growth,US Fund Small Growth
2025-07-31,VANGUARD Growth Fund A,A,Bond Fund,PCG,ADVISORY,ADVISORY,FC/QC,NON-RETIREMENT,360421360.26,333,Y,Y,Y,FSCAP853QJ,Vanguard,US Fund Large Growth,US Fund Large Growth
2025-02-28,AMERICAN FUNDS Bond Fund A,A,Equity Fund,WBS,ADVISORY,ADVISORY,CUSTOMCHOICE,IRA,58983937.55,221,Y,Y,Y,FSUSA1CZS7,capital group,US Fund High Yield Bond,US Fund High Yield Bond
2025-11-30,NUVEEN Value Fund INV,INV,Alternative Fund,WFAS,BROKERAGE,BROKERAGE,FUNDSOURCE,QP,421885943.7,475,Y,Y,Y,FSC8073988,Nuveen,US Fund Large Value,US Fund Large Value
2026-02-28,CAPITAL GROUP Bond Fund INST,INST,International Equity Fund,FINET,BROKERAGE,BROKERAGE,CUSTOMCHOICE,IRA,214624058.66,78,Y,N,N,FSCAPU9MJ4,capital group,US Fund Intermediate Core Bond,US Fund Intermediate Core Bond
2025-10-31,BLACKROCK Bond Fund INST,INST,International Equity Fund,FINET,ADVISORY,ADVISORY,ASSET ADVISOR,IRA,440742501.7,361,Y,Y,Y,FSC6963457,BlackRock,US Fund High Yield Bond,US Fund High Yield Bond
2025-01-31,INVESCO Allocation Fund S,S,Balanced Fund,PCG,BROKERAGE,BROKERAGE,CUSTOMCHOICE,IRA,32597840.31,387,Y,Y,Y,FSINV12SDD,Invesco,US Fund Tactical Allocation,US Fund Tactical Allocation
2025-02-28,VANGUARD Growth Fund C,C,Equity Fund,PCG,ADVISORY,ADVISORY,BROKERAGE,SEP,127591634.2,408,Y,N,N,FSCAP2IIZJ,Vanguard,US Fund Large Growth,US Fund Large Growth
2025-12-31,INVESCO Bond Fund C,C,Balanced Fund,WFAS,BROKERAGE,BROKERAGE,BROKERAGE,QP,420398076.06,140,Y,Y,Y,FSUSAFVJ1Z,Invesco,US Fund Short-Term Bond,US Fund Short-Term Bond
2025-01-31,VANGUARD Bond Fund A,A,Alternative Fund,PCG,BROKERAGE,BROKERAGE,PIM,QP,17414018.62,424,Y,N,Y,FSC4693666,Vanguard,US Fund Intermediate Core Bond,US Fund Intermediate Core Bond
2025-07-31,VANGUARD Bond Fund INST,INST,International Equity Fund,PCG,ADVISORY,ADVISORY,PIM,QP,326947926.87,250,Y,Y,Y,FSC4848373,Vanguard,US Fund High Yield Bond,US Fund High Yield Bond
2025-03-31,T ROWE PRICE Blend Fund INST,INST,Balanced Fund,FINET,BROKERAGE,BROKERAGE,PIM,SIM,464959861.92,334,Y,Y,Y,FSINVVY2S9,T. Rowe Price,US Fund Large Blend,US Fund Large Blend
2025-11-30,NUVEEN Blend Fund A,A,Money Market Fund,WBS,BROKERAGE,BROKERAGE,FC/QC,SIM,302429609.39,450,Y,Y,Y,FSUSAGQ1Y8,Nuveen,US Fund Foreign Large Blend,US Fund Foreign Large Blend
2026-02-28,VANGUARD Bond Fund INST,INST,International Equity Fund,WBS,BROKERAGE,BROKERAGE,FC/QC,IRA,234733139.74,151,Y,Y,Y,FSC4848373,Vanguard,US Fund High Yield Bond,US Fund High Yield Bond
2026-03-31,CAPITAL GROUP Bond Fund INST,INST,Alternative Fund,WFAS,ADVISORY,ADVISORY,FC/QC,NON-RETIREMENT,304394718.52,229,N,Y,Y,FSCAPU9MJ4,capital group,US Fund Intermediate Core Bond,US Fund Intermediate Core Bond
2025-03-31,DWS FUNDS Blend Fund INV,INV,Money Market Fund,WBS,BROKERAGE,BROKERAGE,BROKERAGE,NON-RETIREMENT,154255336.29,268,Y,N,Y,FSINVF3PFW,DWS,US Fund Large Blend,US Fund Large Blend
2025-10-31,INVESCO Allocation Fund S,S,Alternative Fund,WFAS,BROKERAGE,BROKERAGE,FC/QC,SIM,325250932.57,64,Y,Y,N,FSINV12SDD,Invesco,US Fund Tactical Allocation,US Fund Tactical Allocation
2026-02-28,MFS Blend Fund A,A,Equity Fund,PCG,BROKERAGE,BROKERAGE,PIM,SIM,475925164.11,106,Y,N,Y,FSCAPO8FAQ,MFS,US Fund Mid-Cap Blend,US Fund Mid-Cap Blend
2025-03-31,JPMORGAN Growth Fund INV,INV,Balanced Fund,PCG,BROKERAGE,BROKERAGE,FC/QC,IRA,393796.95,165,Y,Y,Y,FSINVVT0VG,JPMorgan,US Fund Large Growth,US Fund Large Growth
2025-07-31,JPMORGAN Allocation Fund INST,INST,Equity Fund,WBS,BROKERAGE,BROKERAGE,PIM,IRA,169772625.46,77,Y,Y,Y,FSCAPZ4DKB,JPMorgan,US Fund Tactical Allocation,US Fund Tactical Allocation
2025-06-30,PIMCO Allocation Fund A,A,Alternative Fund,PCG,ADVISORY,ADVISORY,ASSET ADVISOR,QP,136133942.02,471,Y,Y,N,FSC3796172,PIMCO,US Fund Moderate Allocation,US Fund Moderate Allocation
2025-04-30,FIDELITY Blend Fund A,A,Bond Fund,PCG,ADVISORY,ADVISORY,CUSTOMCHOICE,IRA,3364042.97,44,Y,N,Y,FSUSA4BHGL,Fidelity,US Fund Small Blend,US Fund Small Blend
2026-03-31,PIMCO Blend Fund A,A,Balanced Fund,FINET,BROKERAGE,BROKERAGE,ASSET ADVISOR,SEP,431066690.5,414,Y,N,Y,FSCAPPXIH2,PIMCO,US Fund Mid-Cap Blend,US Fund Mid-Cap Blend
2025-05-31,CAPITAL GROUP Growth Fund A,A,Bond Fund,WFAS,BROKERAGE,BROKERAGE,PERSONALIZED UMA,SIM,295890850.29,279,Y,N,Y,FSINVHRONH,capital group,US Fund Large Growth,US Fund Large Growth
2025-02-28,VANGUARD Growth Fund A,A,International Equity Fund,WBS,BROKERAGE,BROKERAGE,CUSTOMCHOICE,NON-RETIREMENT,46410129.95,252,Y,Y,Y,FSCAP3Y8BT,Vanguard,US Fund Large Growth,US Fund Large Growth
2025-02-28,VANGUARD Growth Fund C,C,Equity Fund,FINET,ADVISORY,ADVISORY,FC/QC,NON-RETIREMENT,430764608.16,84,N,Y,Y,FSCAP2IIZJ,Vanguard,US Fund Large Growth,US Fund Large Growth
2026-01-31,BLACKROCK Blend Fund A,A,Alternative Fund,WFAS,BROKERAGE,BROKERAGE,PIM,SEP,251992197.89,232,N,N,N,FSINV1KDAD,BlackRock,US Fund Foreign Large Blend,US Fund Foreign Large Blend
2025-07-31,CAPITAL GROUP Blend Fund A,A,International Equity Fund,FINET,ADVISORY,ADVISORY,CUSTOMCHOICE,NON-RETIREMENT,374505269.59,253,Y,Y,Y,FSUSAYANEZ,capital group,US Fund Foreign Large Blend,US Fund Foreign Large Blend
2025-03-31,FIDELITY Bond Fund INST,INST,Equity Fund,PCG,BROKERAGE,BROKERAGE,ASSET ADVISOR,SIM,485000126.87,348,Y,Y,Y,FSINVQUXZJ,Fidelity,US Fund Intermediate Core Bond,US Fund Intermediate Core Bond
2025-04-30,FIRST EAGLE Blend Fund INST,INST,International Equity Fund,PCG,ADVISORY,ADVISORY,CUSTOMCHOICE,QP,481093567.01,82,Y,Y,Y,FSCAP4FGYV,First Eagle,US Fund Small Blend,US Fund Small Blend
2025-07-31,FIDELITY Blend Fund C,C,International Equity Fund,FINET,BROKERAGE,BROKERAGE,CUSTOMCHOICE,QP,273013680.04,254,Y,N,N,FSUSAVKKPF,Fidelity,US Fund Large Blend,US Fund Large Blend
2025-02-28,T ROWE PRICE Estate Fund S,S,Alternative Fund,PCG,BROKERAGE,BROKERAGE,PERSONALIZED UMA,SEP,103843217.3,351,Y,Y,N,FSINVOVNZB,T. Rowe Price,US Fund Real Estate,US Fund Real Estate
2025-06-30,T ROWE PRICE Blend Fund A,A,Alternative Fund,PCG,BROKERAGE,BROKERAGE,CUSTOMCHOICE,SIM,64240875.04,337,Y,Y,Y,FSUSA99GZA,T. Rowe Price,US Fund Small Blend,US Fund Small Blend
2025-05-31,T ROWE PRICE Bond Fund C,C,Equity Fund,PCG,BROKERAGE,BROKERAGE,ASSET ADVISOR,IRA,402644436.87,42,Y,Y,Y,FSINV5AYKJ,T. Rowe Price,US Fund Short-Term Bond,US Fund Short-Term Bond
2025-07-31,JPMORGAN Allocation Fund INST,INST,Money Market Fund,PCG,BROKERAGE,BROKERAGE,MASTERS,SEP,465790154.82,110,Y,N,N,FSCAPZ4DKB,JPMorgan,US Fund Tactical Allocation,US Fund Tactical Allocation
2026-01-31,CAPITAL GROUP Blend Fund A,A,Bond Fund,WFAS,ADVISORY,ADVISORY,FUNDSOURCE,NON-RETIREMENT,443587644.9,403,Y,Y,Y,FSCAPVVD5U,capital group,US Fund Small Blend,US Fund Small Blend
2025-08-31,BLACKROCK Blend Fund A,A,Equity Fund,PCG,ADVISORY,ADVISORY,FUNDSOURCE,SEP,113181992.99,155,Y,Y,Y,FSINV1KDAD,BlackRock,US Fund Foreign Large Blend,US Fund Foreign Large Blend
2025-12-31,AMERICAN FUNDS Growth Fund A,A,Money Market Fund,WBS,ADVISORY,ADVISORY,ASSET ADVISOR,QP,261770289.68,48,Y,Y,Y,FSCAPBLFOC,capital group,US Fund Large Growth,US Fund Large Growth
2025-02-28,CAPITAL GROUP Blend Fund A,A,Money Market Fund,WBS,ADVISORY,ADVISORY,MASTERS,NON-RETIREMENT,228199445.67,471,Y,Y,N,FSUSAYANEZ,capital group,US Fund Foreign Large Blend,US Fund Foreign Large Blend
2026-02-28,CAPITAL GROUP Bond Fund INST,INST,Bond Fund,WFAS,ADVISORY,ADVISORY,ASSET ADVISOR,NON-RETIREMENT,83731194.71,118,Y,Y,Y,FSCAPU9MJ4,capital group,US Fund Intermediate Core Bond,US Fund Intermediate Core Bond
2025-01-31,PIMCO Growth Fund A,A,Equity Fund,PCG,ADVISORY,ADVISORY,MASTERS,QP,109210733.38,203,Y,Y,Y,FSCAPS2MJ6,PIMCO,US Fund Small Growth,US Fund Small Growth
2025-05-31,INVESCO Allocation Fund A,A,Money Market Fund,PCG,ADVISORY,ADVISORY,FC/QC,SIM,429821171.0,391,Y,Y,Y,FSC8043975,Invesco,US Fund Tactical Allocation,US Fund Tactical Allocation
2025-07-31,T ROWE PRICE Estate Fund S,S,International Equity Fund,PCG,BROKERAGE,BROKERAGE,CUSTOMCHOICE,IRA,432734764.31,93,Y,Y,Y,FSINVOVNZB,T. Rowe Price,US Fund Real Estate,US Fund Real Estate
2026-02-28,CAPITAL GROUP Bond Fund INST,INST,International Equity Fund,WFAS,BROKERAGE,BROKERAGE,FC/QC,QP,82558267.63,285,Y,N,Y,FSCAPU9MJ4,capital group,US Fund Intermediate Core Bond,US Fund Intermediate Core Bond
2025-12-31,PIMCO Blend Fund A,A,Bond Fund,WBS,BROKERAGE,BROKERAGE,BROKERAGE,SEP,360975172.64,185,Y,N,Y,FSCAPPXIH2,PIMCO,US Fund Mid-Cap Blend,US Fund Mid-Cap Blend
2025-11-30,FIRST EAGLE Blend Fund C,C,Money Market Fund,WFAS,BROKERAGE,BROKERAGE,FC/QC,IRA,443727783.75,279,Y,Y,Y,FSC7422675,First Eagle,US Fund Small Blend,US Fund Small Blend
2025-11-30,DWS FUNDS Allocation Fund A,A,Balanced Fund,PCG,BROKERAGE,BROKERAGE,MASTERS,QP,439146811.81,288,Y,N,Y,FSCAPPGOXS,DWS,US Fund Moderate Allocation,US Fund Moderate Allocation
2025-06-30,FIDELITY Blend Fund C,C,Bond Fund,WFAS,ADVISORY,ADVISORY,ASSET ADVISOR,IRA,436465442.37,384,Y,Y,Y,FSUSAVKKPF,Fidelity,US Fund Large Blend,US Fund Large Blend
2025-05-31,DWS FUNDS Bond Fund A,A,Bond Fund,FINET,ADVISORY,ADVISORY,FC/QC,SEP,312978240.77,271,Y,Y,Y,FSCAPZUVDG,DWS,US Fund High Yield Bond,US Fund High Yield Bond
2025-06-30,CAPITAL GROUP Bond Fund INST,INST,International Equity Fund,FINET,BROKERAGE,BROKERAGE,PIM,QP,466028810.5,86,Y,Y,Y,FSCAPU9MJ4,capital group,US Fund Intermediate Core Bond,US Fund Intermediate Core Bond
2026-03-31,JPMORGAN Value Fund S,S,Money Market Fund,FINET,ADVISORY,ADVISORY,FUNDSOURCE,SIM,168260121.87,255,Y,Y,Y,FSUSAS5BKX,JPMorgan,US Fund Large Value,US Fund Large Value
2025-08-31,INVESCO Allocation Fund A,A,Balanced Fund,WBS,ADVISORY,ADVISORY,FC/QC,IRA,104348892.62,398,Y,Y,N,FSC8043975,Invesco,US Fund Tactical Allocation,US Fund Tactical Allocation
2025-10-31,INVESCO Bond Fund C,C,International Equity Fund,FINET,ADVISORY,ADVISORY,BROKERAGE,QP,326195998.22,410,Y,Y,Y,FSUSAFVJ1Z,Invesco,US Fund Short-Term Bond,US Fund Short-Term Bond
2025-04-30,CAPITAL GROUP Blend Fund A,A,Alternative Fund,FINET,ADVISORY,ADVISORY,PERSONALIZED UMA,SIM,57534995.98,444,Y,Y,Y,FSUSAYANEZ,capital group,US Fund Foreign Large Blend,US Fund Foreign Large Blend
2025-02-28,BLACKROCK Blend Fund A,A,Equity Fund,WBS,ADVISORY,ADVISORY,MASTERS,SEP,91755168.83,102,Y,Y,Y,FSINV1KDAD,BlackRock,US Fund Foreign Large Blend,US Fund Foreign Large Blend
2025-05-31,INVESCO Bond Fund C,C,Equity Fund,FINET,BROKERAGE,BROKERAGE,BROKERAGE,QP,475382947.43,50,Y,Y,N,FSUSAFVJ1Z,Invesco,US Fund Short-Term Bond,US Fund Short-Term Bond
2026-02-28,DWS FUNDS Allocation Fund A,A,Balanced Fund,FINET,ADVISORY,ADVISORY,ASSET ADVISOR,SEP,490621401.69,247,Y,Y,Y,FSCAPPGOXS,DWS,US Fund Moderate Allocation,US Fund Moderate Allocation
2025-10-31,VANGUARD Allocation Fund INV,INV,Alternative Fund,PCG,BROKERAGE,BROKERAGE,FUNDSOURCE,SIM,226072695.47,19,Y,Y,Y,FSUSAMIGJS,Vanguard,US Fund Tactical Allocation,US Fund Tactical Allocation
2026-01-31,FIDELITY Bond Fund INST,INST,Balanced Fund,PCG,ADVISORY,ADVISORY,FUNDSOURCE,NON-RETIREMENT,28614566.79,261,Y,Y,Y,FSINVQUXZJ,Fidelity,US Fund Intermediate Core Bond,US Fund Intermediate Core Bond
2026-03-31,FIRST EAGLE Estate Fund INST,INST,Money Market Fund,PCG,ADVISORY,ADVISORY,ASSET ADVISOR,SEP,180987850.53,350,Y,Y,Y,FSUSAS7SPG,First Eagle,US Fund Real Estate,US Fund Real Estate
2025-08-31,MFS Blend Fund A,A,Balanced Fund,PCG,ADVISORY,ADVISORY,MASTERS,QP,47982669.6,495,Y,Y,Y,FSCAPO8FAQ,MFS,US Fund Mid-Cap Blend,US Fund Mid-Cap Blend
2025-12-31,FIDELITY Bond Fund INST,INST,International Equity Fund,WBS,BROKERAGE,BROKERAGE,FC/QC,QP,170198840.37,261,Y,Y,Y,FSINVQUXZJ,Fidelity,US Fund Intermediate Core Bond,US Fund Intermediate Core Bond
2025-07-31,INVESCO Allocation Fund S,S,International Equity Fund,PCG,BROKERAGE,BROKERAGE,PIM,QP,237167657.38,483,Y,Y,N,FSINV12SDD,Invesco,US Fund Tactical Allocation,US Fund Tactical Allocation
2025-05-31,DWS FUNDS Bond Fund INST,INST,Bond Fund,WFAS,BROKERAGE,BROKERAGE,FC/QC,SEP,135807372.94,255,Y,Y,Y,FSCAPNRENH,DWS,US Fund High Yield Bond,US Fund High Yield Bond
2026-02-28,VANGUARD Bond Fund INST,INST,Balanced Fund,WBS,ADVISORY,ADVISORY,FC/QC,SEP,367689175.09,266,Y,N,Y,FSC4848373,Vanguard,US Fund High Yield Bond,US Fund High Yield Bond
2026-02-28,PIMCO Blend Fund A,A,Money Market Fund,PCG,ADVISORY,ADVISORY,ASSET ADVISOR,SEP,176823932.31,322,Y,Y,N,FSCAPPXIH2,PIMCO,US Fund Mid-Cap Blend,US Fund Mid-Cap Blend
2026-02-28,DWS FUNDS Allocation Fund A,A,Alternative Fund,PCG,ADVISORY,ADVISORY,CUSTOMCHOICE,SEP,11807772.87,187,Y,Y,Y,FSCAPPGOXS,DWS,US Fund Moderate Allocation,US Fund Moderate Allocation
2025-09-30,VANGUARD Growth Fund A,A,Alternative Fund,FINET,BROKERAGE,BROKERAGE,FC/QC,SEP,439253557.62,329,Y,Y,Y,FSCAP853QJ,Vanguard,US Fund Large Growth,US Fund Large Growth
2026-01-31,PIMCO Growth Fund A,A,Equity Fund,PCG,BROKERAGE,BROKERAGE,PERSONALIZED UMA,QP,3695325.12,118,Y,Y,Y,FSCAPS2MJ6,PIMCO,US Fund Small Growth,US Fund Small Growth
2025-10-31,FRANKLIN TEMPLETON Bond Fund INST,INST,Equity Fund,FINET,ADVISORY,ADVISORY,FUNDSOURCE,SIM,300437766.59,156,N,Y,Y,FSINVCNRVP,Franklin Templeton,US Fund Intermediate Core Bond,US Fund Intermediate Core Bond
2026-01-31,JPMORGAN Growth Fund INV,INV,Money Market Fund,WBS,BROKERAGE,BROKERAGE,FUNDSOURCE,IRA,483796782.04,449,Y,Y,Y,FSINVVT0VG,JPMorgan,US Fund Large Growth,US Fund Large Growth
2025-04-30,DWS FUNDS Blend Fund INV,INV,Balanced Fund,WFAS,ADVISORY,ADVISORY,BROKERAGE,SEP,51724715.33,411,Y,Y,Y,FSINVF3PFW,DWS,US Fund Large Blend,US Fund Large Blend
2026-02-28,PIMCO Allocation Fund A,A,Money Market Fund,FINET,ADVISORY,ADVISORY,FUNDSOURCE,NON-RETIREMENT,445431784.7,474,Y,Y,Y,FSC3796172,PIMCO,US Fund Moderate Allocation,US Fund Moderate Allocation
2026-02-28,VANGUARD Bond Fund INST,INST,Bond Fund,PCG,ADVISORY,ADVISORY,CUSTOMCHOICE,SIM,98323178.78,402,Y,Y,Y,FSC4848373,Vanguard,US Fund High Yield Bond,US Fund High Yield Bond
2025-03-31,JPMORGAN Allocation Fund INST,INST,International Equity Fund,FINET,BROKERAGE,BROKERAGE,MASTERS,IRA,26733488.96,46,Y,Y,Y,FSCAPZ4DKB,JPMorgan,US Fund Tactical Allocation,US Fund Tactical Allocation
2026-01-31,CAPITAL GROUP Bond Fund INST,INST,International Equity Fund,FINET,ADVISORY,ADVISORY,PIM,IRA,195900493.21,266,Y,N,Y,FSINV6Z5AS,capital group,US Fund Intermediate Core Bond,US Fund Intermediate Core Bond
2025-04-30,INVESCO Bond Fund A,A,Equity Fund,WFAS,ADVISORY,ADVISORY,FC/QC,IRA,131829694.79,111,Y,Y,Y,FSC9366170,Invesco,US Fund Intermediate Core Bond,US Fund Intermediate Core Bond
2025-12-31,BLACKROCK Value Fund C,C,Bond Fund,WBS,BROKERAGE,BROKERAGE,PIM,IRA,472921251.4,467,Y,N,Y,FSINVW6LMH,BlackRock,US Fund Large Value,US Fund Large Value
2025-07-31,FIDELITY Bond Fund INST,INST,Equity Fund,FINET,ADVISORY,ADVISORY,FC/QC,QP,235212076.05,222,Y,Y,Y,FSINVQUXZJ,Fidelity,US Fund Intermediate Core Bond,US Fund Intermediate Core Bond
2025-11-30,AMERICAN FUNDS Growth Fund A,A,International Equity Fund,WFAS,BROKERAGE,BROKERAGE,CUSTOMCHOICE,NON-RETIREMENT,441528951.55,205,Y,N,Y,FSCAPBLFOC,capital group,US Fund Large Growth,US Fund Large Growth
2025-04-30,CAPITAL GROUP Blend Fund A,A,International Equity Fund,PCG,ADVISORY,ADVISORY,MASTERS,IRA,349956362.85,495,Y,N,Y,FSUSAYANEZ,capital group,US Fund Foreign Large Blend,US Fund Foreign Large Blend
2025-08-31,JPMORGAN Allocation Fund A,A,International Equity Fund,WFAS,ADVISORY,ADVISORY,BROKERAGE,SIM,289410872.72,389,Y,N,Y,FSUSAD1XUN,JPMorgan,US Fund Moderate Allocation,US Fund Moderate Allocation
2025-02-28,MFS Blend Fund C,C,Balanced Fund,WFAS,BROKERAGE,BROKERAGE,BROKERAGE,SIM,17954521.14,233,Y,N,Y,FSC8686926,MFS,US Fund Small Blend,US Fund Small Blend
2025-08-31,CAPITAL GROUP Growth Fund A,A,Bond Fund,PCG,ADVISORY,ADVISORY,BROKERAGE,NON-RETIREMENT,127189889.79,431,Y,Y,Y,FSINV8R1QP,capital group,US Fund Small Growth,US Fund Small Growth
2025-11-30,JPMORGAN Bond Fund A,A,Balanced Fund,FINET,ADVISORY,ADVISORY,MASTERS,QP,64691639.94,95,Y,Y,Y,FSCAP0TE0V,JPMorgan,US Fund Multisector Bond,US Fund Multisector Bond
2025-09-30,T ROWE PRICE Estate Fund S,S,Alternative Fund,WBS,BROKERAGE,BROKERAGE,FC/QC,SEP,122889961.01,486,Y,Y,Y,FSINVOVNZB,T. Rowe Price,US Fund Real Estate,US Fund Real Estate
2025-09-30,FIDELITY Blend Fund A,A,Balanced Fund,WFAS,BROKERAGE,BROKERAGE,BROKERAGE,QP,281006018.9,294,Y,N,Y,FSUSA4BHGL,Fidelity,US Fund Small Blend,US Fund Small Blend
2025-04-30,MFS Blend Fund A,A,Equity Fund,WFAS,BROKERAGE,BROKERAGE,PERSONALIZED UMA,SEP,217885109.51,433,Y,Y,Y,FSCAPUR81B,MFS,US Fund Small Blend,US Fund Small Blend
2026-01-31,FIDELITY Blend Fund A,A,Bond Fund,FINET,ADVISORY,ADVISORY,FUNDSOURCE,IRA,449471509.57,311,Y,Y,Y,FSUSA4BHGL,Fidelity,US Fund Small Blend,US Fund Small Blend
2025-04-30,JPMORGAN Value Fund S,S,Bond Fund,FINET,ADVISORY,ADVISORY,FUNDSOURCE,SEP,424850599.63,205,Y,N,N,FSUSAS5BKX,JPMorgan,US Fund Large Value,US Fund Large Value
2025-08-31,MFS Blend Fund A,A,Balanced Fund,WBS,ADVISORY,ADVISORY,MASTERS,IRA,402165065.26,350,Y,N,Y,FSCAPUR81B,MFS,US Fund Small Blend,US Fund Small Blend
2026-02-28,PIMCO Blend Fund A,A,Bond Fund,FINET,BROKERAGE,BROKERAGE,ASSET ADVISOR,QP,488197277.41,168,Y,Y,Y,FSINVNDQ6K,PIMCO,US Fund Small Blend,US Fund Small Blend
2025-03-31,NUVEEN Estate Fund A,A,Alternative Fund,FINET,BROKERAGE,BROKERAGE,FC/QC,QP,63201271.77,466,Y,Y,Y,FSCAP9SFEF,Nuveen,US Fund Real Estate,US Fund Real Estate
2025-10-31,LORD ABBETT Blend Fund INST,INST,Balanced Fund,WFAS,ADVISORY,ADVISORY,MASTERS,QP,143978094.89,230,Y,Y,Y,FSINVDZ4HR,Lord Abbett,US Fund Foreign Large Blend,US Fund Foreign Large Blend
2025-10-31,MFS Blend Fund A,A,International Equity Fund,PCG,ADVISORY,ADVISORY,CUSTOMCHOICE,SEP,415522298.31,169,Y,Y,Y,FSCAPO8FAQ,MFS,US Fund Mid-Cap Blend,US Fund Mid-Cap Blend
2025-06-30,PIMCO Bond Fund S,S,Money Market Fund,WBS,BROKERAGE,BROKERAGE,CUSTOMCHOICE,NON-RETIREMENT,382356143.78,446,Y,N,N,FSCAP7M9HW,PIMCO,US Fund Short-Term Bond,US Fund Short-Term Bond
2025-06-30,DWS FUNDS Bond Fund INST,INST,Balanced Fund,PCG,BROKERAGE,BROKERAGE,CUSTOMCHOICE,SEP,182596593.09,240,Y,N,Y,FSCAPNRENH,DWS,US Fund High Yield Bond,US Fund High Yield Bond
2025-06-30,T ROWE PRICE Bond Fund C,C,Bond Fund,WBS,BROKERAGE,BROKERAGE,BROKERAGE,QP,62010552.51,217,Y,N,Y,FSINV5AYKJ,T. Rowe Price,US Fund Short-Term Bond,US Fund Short-Term Bond
2025-05-31,CAPITAL GROUP Growth Fund A,A,Equity Fund,WBS,BROKERAGE,BROKERAGE,PIM,IRA,412287356.19,391,Y,Y,Y,FSINV8R1QP,capital group,US Fund Small Growth,US Fund Small Growth
2026-03-31,FIRST EAGLE Growth Fund INST,INST,Equity Fund,PCG,BROKERAGE,BROKERAGE,CUSTOMCHOICE,SEP,144089014.36,365,Y,Y,Y,FSUSAUK54B,First Eagle,US Fund Small Growth,US Fund Small Growth
2026-03-31,PIMCO Growth Fund A,A,Balanced Fund,WBS,BROKERAGE,BROKERAGE,PIM,SEP,300687124.94,410,Y,Y,N,FSCAPS2MJ6,PIMCO,US Fund Small Growth,US Fund Small Growth
2025-09-30,MFS Bond Fund C,C,Alternative Fund,PCG,ADVISORY,ADVISORY,CUSTOMCHOICE,NON-RETIREMENT,223346019.37,398,Y,Y,N,FSUSAR848N,MFS,US Fund Multisector Bond,US Fund Multisector Bond
2026-03-31,INVESCO Allocation Fund A,A,Bond Fund,PCG,ADVISORY,ADVISORY,PIM,SEP,439698020.33,61,Y,Y,Y,FSC8043975,Invesco,US Fund Tactical Allocation,US Fund Tactical Allocation
2025-12-31,BLACKROCK Allocation Fund INST,INST,Money Market Fund,WFAS,ADVISORY,ADVISORY,PERSONALIZED UMA,QP,19316813.16,253,Y,Y,Y,FSCAPJJ3ZW,BlackRock,US Fund Moderate Allocation,US Fund Moderate Allocation
2025-10-31,MFS Blend Fund C,C,Balanced Fund,WBS,BROKERAGE,BROKERAGE,FC/QC,SIM,448199275.58,473,Y,N,Y,FSC8686926,MFS,US Fund Small Blend,US Fund Small Blend
2025-04-30,CAPITAL GROUP Blend Fund A,A,Money Market Fund,PCG,BROKERAGE,BROKERAGE,PERSONALIZED UMA,IRA,77061305.34,187,Y,Y,Y,FSUSAYANEZ,capital group,US Fund Foreign Large Blend,US Fund Foreign Large Blend
2026-01-31,FIRST EAGLE Blend Fund C,C,International Equity Fund,WBS,ADVISORY,ADVISORY,BROKERAGE,SIM,150597863.85,401,Y,N,Y,FSC7422675,First Eagle,US Fund Small Blend,US Fund Small Blend
2025-11-30,PIMCO Blend Fund A,A,Equity Fund,PCG,ADVISORY,ADVISORY,MASTERS,SEP,474220384.65,356,Y,Y,Y,FSINVNDQ6K,PIMCO,US Fund Small Blend,US Fund Small Blend
2025-01-31,DWS FUNDS Bond Fund A,A,Balanced Fund,WFAS,ADVISORY,ADVISORY,FUNDSOURCE,SEP,176628443.09,319,N,N,Y,FSUSA4DZT8,DWS,US Fund Multisector Bond,US Fund Multisector Bond
2026-01-31,FIDELITY Blend Fund C,C,International Equity Fund,PCG,ADVISORY,ADVISORY,FUNDSOURCE,NON-RETIREMENT,186537243.75,497,Y,Y,N,FSUSAVKKPF,Fidelity,US Fund Large Blend,US Fund Large Blend
2025-07-31,INVESCO Bond Fund A,A,International Equity Fund,WBS,ADVISORY,ADVISORY,PIM,IRA,150796028.97,412,Y,Y,Y,FSCAPRK315,Invesco,US Fund Intermediate Core Bond,US Fund Intermediate Core Bond
2025-05-31,DWS FUNDS Bond Fund A,A,Balanced Fund,WBS,ADVISORY,ADVISORY,PIM,SIM,279599753.16,393,Y,Y,Y,FSUSA4DZT8,DWS,US Fund Multisector Bond,US Fund Multisector Bond
2025-04-30,CAPITAL GROUP Bond Fund INST,INST,Equity Fund,WBS,ADVISORY,ADVISORY,FUNDSOURCE,IRA,334131418.27,216,Y,Y,N,FSCAPU9MJ4,capital group,US Fund Intermediate Core Bond,US Fund Intermediate Core Bond
2025-09-30,VANGUARD Growth Fund C,C,Equity Fund,FINET,ADVISORY,ADVISORY,ASSET ADVISOR,IRA,184308489.78,405,Y,Y,Y,FSCAP2IIZJ,Vanguard,US Fund Large Growth,US Fund Large Growth
2025-06-30,PIMCO Bond Fund S,S,Bond Fund,PCG,BROKERAGE,BROKERAGE,FC/QC,SEP,24291373.85,313,Y,Y,Y,FSCAP7M9HW,PIMCO,US Fund Short-Term Bond,US Fund Short-Term Bond
2025-10-31,NUVEEN Growth Fund S,S,Equity Fund,WBS,ADVISORY,ADVISORY,CUSTOMCHOICE,IRA,332861433.59,456,Y,Y,Y,FSCAPUT3V8,Nuveen,US Fund Small Growth,US Fund Small Growth
2025-11-30,FIRST EAGLE Blend Fund C,C,International Equity Fund,PCG,BROKERAGE,BROKERAGE,FUNDSOURCE,QP,148612241.15,488,Y,Y,Y,FSC7422675,First Eagle,US Fund Small Blend,US Fund Small Blend
2026-01-31,NUVEEN Blend Fund INV,INV,Alternative Fund,WBS,ADVISORY,ADVISORY,MASTERS,NON-RETIREMENT,369587161.02,279,Y,Y,Y,FSUSALNO19,Nuveen,US Fund Small Blend,US Fund Small Blend
2025-03-31,FRANKLIN TEMPLETON Growth Fund INST,INST,Balanced Fund,WBS,BROKERAGE,BROKERAGE,PERSONALIZED UMA,SEP,74492204.96,418,Y,Y,Y,FSUSA9SEXI,Franklin Templeton,US Fund Small Growth,US Fund Small Growth
2025-11-30,INVESCO Blend Fund A,A,Bond Fund,FINET,ADVISORY,ADVISORY,PERSONALIZED UMA,QP,410224458.46,209,Y,Y,Y,FSINVZILDX,Invesco,US Fund Large Blend,US Fund Large Blend
2025-02-28,VANGUARD Growth Fund C,C,Money Market Fund,WBS,BROKERAGE,BROKERAGE,MASTERS,SEP,304711492.09,87,Y,Y,Y,FSCAP2IIZJ,Vanguard,US Fund Large Growth,US Fund Large Growth
2026-03-31,T ROWE PRICE Blend Fund INST,INST,International Equity Fund,PCG,BROKERAGE,BROKERAGE,FUNDSOURCE,QP,308321425.88,172,Y,N,Y,FSINVVY2S9,T. Rowe Price,US Fund Large Blend,US Fund Large Blend
2025-07-31,FIDELITY Blend Fund C,C,International Equity Fund,PCG,ADVISORY,ADVISORY,MASTERS,IRA,470777111.79,321,Y,N,Y,FSUSAVKKPF,Fidelity,US Fund Large Blend,US Fund Large Blend
2025-10-31,T ROWE PRICE Blend Fund A,A,International Equity Fund,PCG,BROKERAGE,BROKERAGE,FC/QC,SIM,209178820.7,414,Y,N,Y,FSUSA99GZA,T. Rowe Price,US Fund Small Blend,US Fund Small Blend
2025-03-31,NUVEEN Estate Fund A,A,Bond Fund,WBS,BROKERAGE,BROKERAGE,FUNDSOURCE,NON-RETIREMENT,133181523.82,287,Y,Y,Y,FSCAP9SFEF,Nuveen,US Fund Real Estate,US Fund Real Estate
2025-04-30,INVESCO Blend Fund A,A,Balanced Fund,FINET,ADVISORY,ADVISORY,BROKERAGE,SIM,337761183.13,33,Y,Y,N,FSINVZILDX,Invesco,US Fund Large Blend,US Fund Large Blend
2025-06-30,VANGUARD Growth Fund C,C,Balanced Fund,PCG,ADVISORY,ADVISORY,PIM,SEP,292081621.33,352,Y,N,Y,FSCAP2IIZJ,Vanguard,US Fund Large Growth,US Fund Large Growth
2025-11-30,T ROWE PRICE Estate Fund S,S,Balanced Fund,WFAS,ADVISORY,ADVISORY,PERSONALIZED UMA,QP,192717242.78,347,Y,N,Y,FSINVOVNZB,T. Rowe Price,US Fund Real Estate,US Fund Real Estate
2026-03-31,CAPITAL GROUP Blend Fund A,A,Alternative Fund,FINET,ADVISORY,ADVISORY,FC/QC,SEP,319591848.31,482,Y,Y,Y,FSUSAYANEZ,capital group,US Fund Foreign Large Blend,US Fund Foreign Large Blend
2025-03-31,CAPITAL GROUP Growth Fund A,A,Equity Fund,PCG,ADVISORY,ADVISORY,MASTERS,SIM,177598075.83,452,Y,Y,Y,FSINVHRONH,capital group,US Fund Large Growth,US Fund Large Growth
2025-03-31,FRANKLIN TEMPLETON Growth Fund INST,INST,Money Market Fund,FINET,ADVISORY,ADVISORY,PERSONALIZED UMA,SEP,227983751.62,52,Y,Y,Y,FSUSA9SEXI,Franklin Templeton,US Fund Small Growth,US Fund Small Growth
2025-11-30,T ROWE PRICE Bond Fund C,C,International Equity Fund,WBS,ADVISORY,ADVISORY,PIM,IRA,402243050.73,210,Y,Y,Y,FSINV5AYKJ,T. Rowe Price,US Fund Short-Term Bond,US Fund Short-Term Bond
2025-06-30,INVESCO Allocation Fund S,S,Balanced Fund,PCG,ADVISORY,ADVISORY,FUNDSOURCE,NON-RETIREMENT,416486185.85,364,Y,N,Y,FSINV12SDD,Invesco,US Fund Tactical Allocation,US Fund Tactical Allocation
2025-07-31,VANGUARD Bond Fund A,A,Money Market Fund,PCG,BROKERAGE,BROKERAGE,BROKERAGE,SEP,64471913.48,105,Y,Y,Y,FSINVZ17YR,Vanguard,US Fund Short-Term Bond,US Fund Short-Term Bond
2025-10-31,JPMORGAN Allocation Fund A,A,Money Market Fund,FINET,BROKERAGE,BROKERAGE,BROKERAGE,IRA,181847011.15,65,Y,Y,Y,FSUSAD1XUN,JPMorgan,US Fund Moderate Allocation,US Fund Moderate Allocation
2025-10-31,FRANKLIN TEMPLETON Growth Fund INST,INST,International Equity Fund,WBS,BROKERAGE,BROKERAGE,BROKERAGE,SEP,423629985.67,243,Y,Y,Y,FSUSA9SEXI,Franklin Templeton,US Fund Small Growth,US Fund Small Growth
2025-02-28,VANGUARD Bond Fund A,A,Bond Fund,WFAS,BROKERAGE,BROKERAGE,PIM,QP,410824452.42,23,Y,N,Y,FSINVZ17YR,Vanguard,US Fund Short-Term Bond,US Fund Short-Term Bond
2025-12-31,CAPITAL GROUP Bond Fund INST,INST,Equity Fund,FINET,BROKERAGE,BROKERAGE,FUNDSOURCE,IRA,214081950.11,6,Y,Y,N,FSINV6Z5AS,capital group,US Fund Intermediate Core Bond,US Fund Intermediate Core Bond
2025-02-28,FIDELITY Bond Fund A,A,Balanced Fund,WBS,ADVISORY,ADVISORY,PIM,NON-RETIREMENT,411561886.56,57,Y,Y,N,FSUSAP0XJP,Fidelity,US Fund Multisector Bond,US Fund Multisector Bond
2025-01-31,VANGUARD Growth Fund A,A,Bond Fund,PCG,ADVISORY,ADVISORY,PERSONALIZED UMA,SEP,124492927.45,45,Y,Y,Y,FSCAP3Y8BT,Vanguard,US Fund Large Growth,US Fund Large Growth
2025-03-31,FIRST EAGLE Blend Fund INST,INST,Money Market Fund,WBS,ADVISORY,ADVISORY,PIM,SEP,255120762.09,215,Y,Y,Y,FSCAP4FGYV,First Eagle,US Fund Small Blend,US Fund Small Blend
2025-03-31,BLACKROCK Bond Fund INST,INST,Equity Fund,WFAS,ADVISORY,ADVISORY,FUNDSOURCE,SIM,314546885.37,243,Y,Y,Y,FSC6963457,BlackRock,US Fund High Yield Bond,US Fund High Yield Bond
2025-01-31,FIRST EAGLE Growth Fund INST,INST,Alternative Fund,WFAS,ADVISORY,ADVISORY,FC/QC,QP,243739745.26,219,Y,Y,N,FSUSAUK54B,First Eagle,US Fund Small Growth,US Fund Small Growth
2025-03-31,INVESCO Bond Fund C,C,Money Market Fund,WBS,ADVISORY,ADVISORY,PERSONALIZED UMA,QP,101344586.18,93,N,Y,Y,FSUSAFVJ1Z,Invesco,US Fund Short-Term Bond,US Fund Short-Term Bond
2026-01-31,BLACKROCK Blend Fund INST,INST,Bond Fund,FINET,ADVISORY,ADVISORY,BROKERAGE,SEP,136358041.11,145,Y,N,N,FSUSA4B2GI,BlackRock,US Fund Foreign Large Blend,US Fund Foreign Large Blend
2025-06-30,INVESCO Bond Fund A,A,Money Market Fund,PCG,ADVISORY,ADVISORY,MASTERS,NON-RETIREMENT,72682849.0,56,Y,Y,Y,FSCAPRK315,Invesco,US Fund Intermediate Core Bond,US Fund Intermediate Core Bond
2025-07-31,FRANKLIN TEMPLETON Blend Fund C,C,International Equity Fund,WBS,BROKERAGE,BROKERAGE,PIM,SEP,369620823.49,294,Y,N,Y,FSC8379085,Franklin Templeton,US Fund Mid-Cap Blend,US Fund Mid-Cap Blend
2025-06-30,FRANKLIN TEMPLETON Value Fund INST,INST,Equity Fund,WBS,BROKERAGE,BROKERAGE,PIM,IRA,24999296.61,114,Y,Y,Y,FSINV8HE3N,Franklin Templeton,US Fund Large Value,US Fund Large Value
2025-04-30,FRANKLIN TEMPLETON Estate Fund C,C,Bond Fund,PCG,BROKERAGE,BROKERAGE,BROKERAGE,SEP,241022867.22,396,Y,Y,Y,FSC7392545,Franklin Templeton,US Fund Real Estate,US Fund Real Estate
2025-01-31,DWS FUNDS Bond Fund A,A,Balanced Fund,WBS,ADVISORY,ADVISORY,ASSET ADVISOR,SIM,385545889.48,135,Y,N,Y,FSUSA4DZT8,DWS,US Fund Multisector Bond,US Fund Multisector Bond
2025-02-28,PIMCO Blend Fund A,A,Alternative Fund,PCG,BROKERAGE,BROKERAGE,MASTERS,SIM,30790759.66,420,Y,N,N,FSINVNDQ6K,PIMCO,US Fund Small Blend,US Fund Small Blend
2025-09-30,FIRST EAGLE Blend Fund C,C,Bond Fund,WFAS,BROKERAGE,BROKERAGE,FUNDSOURCE,QP,372437782.72,48,Y,N,Y,FSC7422675,First Eagle,US Fund Small Blend,US Fund Small Blend
2025-09-30,AMERICAN FUNDS Bond Fund INST,INST,Money Market Fund,PCG,ADVISORY,ADVISORY,PIM,IRA,177335254.61,49,Y,N,N,FSC0723107,capital group,US Fund High Yield Bond,US Fund High Yield Bond
2025-04-30,FRANKLIN TEMPLETON Bond Fund INST,INST,Equity Fund,FINET,ADVISORY,ADVISORY,PIM,SEP,446245357.15,302,Y,Y,Y,FSC7967512,Franklin Templeton,US Fund Short-Term Bond,US Fund Short-Term Bond
2025-04-30,NUVEEN Blend Fund A,A,International Equity Fund,PCG,BROKERAGE,BROKERAGE,FUNDSOURCE,SIM,143796828.97,256,Y,Y,N,FSUSAGQ1Y8,Nuveen,US Fund Foreign Large Blend,US Fund Foreign Large Blend
2025-01-31,CAPITAL GROUP Growth Fund A,A,Alternative Fund,FINET,ADVISORY,ADVISORY,MASTERS,SEP,414025929.68,379,Y,Y,N,FSINV8R1QP,capital group,US Fund Small Growth,US Fund Small Growth
2025-01-31,INVESCO Blend Fund A,A,Money Market Fund,WFAS,BROKERAGE,BROKERAGE,PIM,IRA,288295826.76,201,Y,Y,Y,FSINVZILDX,Invesco,US Fund Large Blend,US Fund Large Blend
2025-07-31,LORD ABBETT Bond Fund A,A,Bond Fund,WFAS,ADVISORY,ADVISORY,PERSONALIZED UMA,IRA,290504305.93,420,Y,Y,Y,FSC2646842,Lord Abbett,US Fund High Yield Bond,US Fund High Yield Bond
2026-01-31,DWS FUNDS Blend Fund INV,INV,Equity Fund,WFAS,BROKERAGE,BROKERAGE,FC/QC,QP,430377449.72,11,Y,Y,Y,FSINVF3PFW,DWS,US Fund Large Blend,US Fund Large Blend
2025-07-31,CAPITAL GROUP Growth Fund A,A,Equity Fund,WBS,BROKERAGE,BROKERAGE,MASTERS,QP,1793908.96,285,Y,Y,Y,FSINVHRONH,capital group,US Fund Large Growth,US Fund Large Growth
2025-03-31,JPMORGAN Value Fund S,S,Bond Fund,WBS,ADVISORY,ADVISORY,BROKERAGE,SEP,464536901.17,411,Y,Y,Y,FSUSAS5BKX,JPMorgan,US Fund Large Value,US Fund Large Value
2026-02-28,MFS Blend Fund A,A,Balanced Fund,PCG,ADVISORY,ADVISORY,PERSONALIZED UMA,NON-RETIREMENT,348845442.07,260,Y,N,Y,FSCAPO8FAQ,MFS,US Fund Mid-Cap Blend,US Fund Mid-Cap Blend
2025-07-31,JPMORGAN Bond Fund A,A,International Equity Fund,FINET,BROKERAGE,BROKERAGE,FC/QC,SEP,217035359.0,494,Y,Y,Y,FSCAP0TE0V,JPMorgan,US Fund Multisector Bond,US Fund Multisector Bond
2025-06-30,JPMORGAN Allocation Fund INST,INST,Alternative Fund,FINET,ADVISORY,ADVISORY,ASSET ADVISOR,QP,408726854.28,77,Y,N,N,FSCAPZ4DKB,JPMorgan,US Fund Tactical Allocation,US Fund Tactical Allocation
2025-04-30,NUVEEN Value Fund INV,INV,Alternative Fund,PCG,ADVISORY,ADVISORY,PERSONALIZED UMA,SEP,365316969.39,401,Y,Y,Y,FSC8073988,Nuveen,US Fund Large Value,US Fund Large Value
2025-06-30,INVESCO Allocation Fund A,A,Balanced Fund,WBS,ADVISORY,ADVISORY,FC/QC,SIM,94608905.11,278,Y,Y,Y,FSC8043975,Invesco,US Fund Tactical Allocation,US Fund Tactical Allocation
2025-05-31,INVESCO Allocation Fund A,A,Balanced Fund,WFAS,ADVISORY,ADVISORY,PERSONALIZED UMA,SIM,303626038.65,192,Y,Y,Y,FSC8043975,Invesco,US Fund Tactical Allocation,US Fund Tactical Allocation
2025-11-30,JPMORGAN Bond Fund A,A,Bond Fund,PCG,ADVISORY,ADVISORY,PIM,SIM,302225012.67,303,Y,Y,Y,FSCAP0TE0V,JPMorgan,US Fund Multisector Bond,US Fund Multisector Bond
2026-02-28,LORD ABBETT Blend Fund INST,INST,Alternative Fund,PCG,ADVISORY,ADVISORY,FC/QC,SEP,212921588.17,296,Y,Y,Y,FSINVDZ4HR,Lord Abbett,US Fund Foreign Large Blend,US Fund Foreign Large Blend
2025-02-28,BLACKROCK Blend Fund INST,INST,International Equity Fund,WFAS,ADVISORY,ADVISORY,FUNDSOURCE,NON-RETIREMENT,184811982.7,348,Y,Y,Y,FSUSA4B2GI,BlackRock,US Fund Foreign Large Blend,US Fund Foreign Large Blend
2025-08-31,T ROWE PRICE Blend Fund A,A,Alternative Fund,PCG,ADVISORY,ADVISORY,FC/QC,QP,66345712.16,409,Y,N,Y,FSUSA99GZA,T. Rowe Price,US Fund Small Blend,US Fund Small Blend
2025-06-30,INVESCO Bond Fund INST,INST,Alternative Fund,PCG,BROKERAGE,BROKERAGE,CUSTOMCHOICE,IRA,67918938.94,346,Y,Y,Y,FSINV30AHC,Invesco,US Fund High Yield Bond,US Fund High Yield Bond
2025-09-30,CAPITAL GROUP Bond Fund INST,INST,Bond Fund,PCG,ADVISORY,ADVISORY,FC/QC,QP,427254090.52,302,Y,N,Y,FSINV6Z5AS,capital group,US Fund Intermediate Core Bond,US Fund Intermediate Core Bond
2025-10-31,PIMCO Allocation Fund A,A,Bond Fund,WFAS,BROKERAGE,BROKERAGE,FUNDSOURCE,IRA,220276073.28,236,Y,Y,N,FSC3796172,PIMCO,US Fund Moderate Allocation,US Fund Moderate Allocation
2025-10-31,FRANKLIN TEMPLETON Estate Fund C,C,Money Market Fund,FINET,BROKERAGE,BROKERAGE,PIM,IRA,158167094.93,495,Y,Y,Y,FSC7392545,Franklin Templeton,US Fund Real Estate,US Fund Real Estate
2025-02-28,FRANKLIN TEMPLETON Bond Fund INST,INST,Bond Fund,PCG,ADVISORY,ADVISORY,MASTERS,NON-RETIREMENT,150939634.43,164,Y,Y,N,FSC7967512,Franklin Templeton,US Fund Short-Term Bond,US Fund Short-Term Bond
2025-02-28,INVESCO Bond Fund C,C,Equity Fund,WBS,BROKERAGE,BROKERAGE,CUSTOMCHOICE,SIM,79002668.12,317,Y,Y,Y,FSUSAFVJ1Z,Invesco,US Fund Short-Term Bond,US Fund Short-Term Bond
2025-10-31,AMERICAN FUNDS Bond Fund INST,INST,Alternative Fund,PCG,BROKERAGE,BROKERAGE,PIM,SIM,93267329.49,314,Y,Y,Y,FSC0723107,capital group,US Fund High Yield Bond,US Fund High Yield Bond
2025-07-31,NUVEEN Estate Fund A,A,Equity Fund,FINET,BROKERAGE,BROKERAGE,PIM,SEP,8335526.05,294,Y,Y,N,FSCAP9SFEF,Nuveen,US Fund Real Estate,US Fund Real Estate
2025-05-31,BLACKROCK Value Fund C,C,Alternative Fund,PCG,BROKERAGE,BROKERAGE,ASSET ADVISOR,IRA,149955986.1,440,Y,N,Y,FSINVW6LMH,BlackRock,US Fund Large Value,US Fund Large Value
2025-04-30,FIDELITY Blend Fund A,A,Bond Fund,WFAS,ADVISORY,ADVISORY,ASSET ADVISOR,IRA,53446770.17,269,Y,Y,N,FSUSA4BHGL,Fidelity,US Fund Small Blend,US Fund Small Blend
2025-07-31,BLACKROCK Blend Fund A,A,Alternative Fund,WFAS,BROKERAGE,BROKERAGE,ASSET ADVISOR,NON-RETIREMENT,479694635.71,391,Y,Y,Y,FSINV1KDAD,BlackRock,US Fund Foreign Large Blend,US Fund Foreign Large Blend
2025-06-30,T ROWE PRICE Estate Fund S,S,International Equity Fund,PCG,ADVISORY,ADVISORY,ASSET ADVISOR,IRA,44621801.05,367,Y,N,Y,FSINVOVNZB,T. Rowe Price,US Fund Real Estate,US Fund Real Estate
2025-07-31,AMERICAN FUNDS Bond Fund A,A,Money Market Fund,PCG,ADVISORY,ADVISORY,MASTERS,NON-RETIREMENT,192204916.2,155,Y,Y,Y,FSUSA1CZS7,capital group,US Fund High Yield Bond,US Fund High Yield Bond
2025-03-31,INVESCO Bond Fund A,A,Equity Fund,PCG,ADVISORY,ADVISORY,FUNDSOURCE,SEP,354538937.4,407,Y,N,Y,FSCAPRK315,Invesco,US Fund Intermediate Core Bond,US Fund Intermediate Core Bond
2025-10-31,FRANKLIN TEMPLETON Estate Fund C,C,Equity Fund,WBS,ADVISORY,ADVISORY,PERSONALIZED UMA,NON-RETIREMENT,333220670.71,118,Y,Y,Y,FSC7392545,Franklin Templeton,US Fund Real Estate,US Fund Real Estate
2026-03-31,FIDELITY Blend Fund A,A,Money Market Fund,WFAS,ADVISORY,ADVISORY,BROKERAGE,IRA,208589435.84,408,Y,N,Y,FSUSA4BHGL,Fidelity,US Fund Small Blend,US Fund Small Blend
2025-01-31,INVESCO Bond Fund C,C,Balanced Fund,WFAS,ADVISORY,ADVISORY,ASSET ADVISOR,SIM,94983411.97,69,Y,Y,Y,FSUSAFVJ1Z,Invesco,US Fund Short-Term Bond,US Fund Short-Term Bond
2025-01-31,FRANKLIN TEMPLETON Blend Fund C,C,Alternative Fund,PCG,BROKERAGE,BROKERAGE,ASSET ADVISOR,SIM,169010047.73,35,Y,Y,Y,FSC8379085,Franklin Templeton,US Fund Mid-Cap Blend,US Fund Mid-Cap Blend
2025-05-31,FIDELITY Blend Fund C,C,Alternative Fund,PCG,BROKERAGE,BROKERAGE,PIM,SEP,60967115.94,112,Y,Y,Y,FSUSAVKKPF,Fidelity,US Fund Large Blend,US Fund Large Blend
2025-03-31,INVESCO Growth Fund C,C,International Equity Fund,WFAS,ADVISORY,ADVISORY,ASSET ADVISOR,SEP,452400171.41,357,Y,Y,Y,FSCAP5YC33,Invesco,US Fund Small Growth,US Fund Small Growth
2025-02-28,BLACKROCK Blend Fund A,A,International Equity Fund,FINET,BROKERAGE,BROKERAGE,CUSTOMCHOICE,QP,29819269.79,169,Y,N,Y,FSINV1KDAD,BlackRock,US Fund Foreign Large Blend,US Fund Foreign Large Blend
2025-02-28,FIRST EAGLE Blend Fund C,C,Alternative Fund,WFAS,BROKERAGE,BROKERAGE,ASSET ADVISOR,SEP,80058192.55,299,Y,Y,Y,FSC7422675,First Eagle,US Fund Small Blend,US Fund Small Blend
2025-05-31,FIRST EAGLE Growth Fund INST,INST,International Equity Fund,PCG,ADVISORY,ADVISORY,PIM,SIM,450645184.4,298,Y,Y,N,FSUSAUK54B,First Eagle,US Fund Small Growth,US Fund Small Growth
2025-06-30,NUVEEN Blend Fund INV,INV,Bond Fund,WFAS,ADVISORY,ADVISORY,BROKERAGE,IRA,225139786.54,456,Y,Y,N,FSUSALNO19,Nuveen,US Fund Small Blend,US Fund Small Blend
2025-12-31,CAPITAL GROUP Growth Fund A,A,International Equity Fund,FINET,ADVISORY,ADVISORY,FC/QC,SIM,182025358.25,153,Y,Y,Y,FSINV8R1QP,capital group,US Fund Small Growth,US Fund Small Growth
2026-01-31,FIDELITY Bond Fund INST,INST,Money Market Fund,PCG,ADVISORY,ADVISORY,PERSONALIZED UMA,SEP,474714399.98,488,Y,Y,N,FSINVQUXZJ,Fidelity,US Fund Intermediate Core Bond,US Fund Intermediate Core Bond
2025-02-28,BLACKROCK Blend Fund INST,INST,Bond Fund,WFAS,BROKERAGE,BROKERAGE,CUSTOMCHOICE,IRA,279895237.23,14,Y,Y,Y,FSUSA4B2GI,BlackRock,US Fund Foreign Large Blend,US Fund Foreign Large Blend
2026-03-31,VANGUARD Bond Fund INV,INV,Money Market Fund,PCG,ADVISORY,ADVISORY,CUSTOMCHOICE,NON-RETIREMENT,144945372.12,279,Y,N,Y,FSUSAF3MVF,Vanguard,US Fund Short-Term Bond,US Fund Short-Term Bond
2025-03-31,CAPITAL GROUP Blend Fund A,A,Balanced Fund,WFAS,BROKERAGE,BROKERAGE,FC/QC,NON-RETIREMENT,471337638.31,245,Y,Y,N,FSUSAYANEZ,capital group,US Fund Foreign Large Blend,US Fund Foreign Large Blend
2025-01-31,FIRST EAGLE Estate Fund INST,INST,Balanced Fund,PCG,BROKERAGE,BROKERAGE,CUSTOMCHOICE,NON-RETIREMENT,268471327.04,226,Y,N,Y,FSUSAS7SPG,First Eagle,US Fund Real Estate,US Fund Real Estate
2025-05-31,MFS Blend Fund A,A,Alternative Fund,FINET,BROKERAGE,BROKERAGE,FUNDSOURCE,QP,375659605.88,253,Y,N,Y,FSCAPUR81B,MFS,US Fund Small Blend,US Fund Small Blend
2026-03-31,VANGUARD Bond Fund INST,INST,International Equity Fund,PCG,ADVISORY,ADVISORY,PERSONALIZED UMA,SIM,431635873.22,39,Y,Y,Y,FSC4848373,Vanguard,US Fund High Yield Bond,US Fund High Yield Bond
2026-02-28,FRANKLIN TEMPLETON Growth Fund INST,INST,Bond Fund,PCG,BROKERAGE,BROKERAGE,BROKERAGE,SEP,427244045.94,10,Y,N,Y,FSUSA9SEXI,Franklin Templeton,US Fund Small Growth,US Fund Small Growth
2026-03-31,INVESCO Allocation Fund A,A,Bond Fund,FINET,ADVISORY,ADVISORY,PIM,SEP,91464292.54,178,Y,Y,Y,FSC8043975,Invesco,US Fund Tactical Allocation,US Fund Tactical Allocation
2025-10-31,NUVEEN Estate Fund A,A,Money Market Fund,WBS,BROKERAGE,BROKERAGE,FC/QC,NON-RETIREMENT,290486004.99,164,Y,Y,Y,FSCAP9SFEF,Nuveen,US Fund Real Estate,US Fund Real Estate
2025-03-31,INVESCO Allocation Fund S,S,Bond Fund,WBS,BROKERAGE,BROKERAGE,FC/QC,NON-RETIREMENT,485124662.58,321,Y,N,Y,FSINV12SDD,Invesco,US Fund Tactical Allocation,US Fund Tactical Allocation
2025-09-30,VANGUARD Bond Fund A,A,Alternative Fund,WFAS,ADVISORY,ADVISORY,BROKERAGE,SEP,90363777.57,449,Y,N,Y,FSINVZ17YR,Vanguard,US Fund Short-Term Bond,US Fund Short-Term Bond
2025-02-28,PIMCO Allocation Fund A,A,International Equity Fund,FINET,ADVISORY,ADVISORY,FUNDSOURCE,IRA,410318291.55,372,Y,Y,Y,FSC3796172,PIMCO,US Fund Moderate Allocation,US Fund Moderate Allocation
2025-11-30,T ROWE PRICE Bond Fund C,C,Alternative Fund,PCG,ADVISORY,ADVISORY,PERSONALIZED UMA,IRA,173123160.07,418,Y,N,Y,FSINV5AYKJ,T. Rowe Price,US Fund Short-Term Bond,US Fund Short-Term Bond
2025-08-31,INVESCO Allocation Fund A,A,International Equity Fund,FINET,ADVISORY,ADVISORY,MASTERS,QP,141312185.95,296,Y,N,Y,FSC8043975,Invesco,US Fund Tactical Allocation,US Fund Tactical Allocation
2025-08-31,BLACKROCK Bond Fund INST,INST,Money Market Fund,WBS,ADVISORY,ADVISORY,CUSTOMCHOICE,IRA,118878182.88,479,Y,Y,Y,FSCAPSG2R8,BlackRock,US Fund Short-Term Bond,US Fund Short-Term Bond
2025-10-31,INVESCO Bond Fund C,C,Balanced Fund,PCG,BROKERAGE,BROKERAGE,PIM,SEP,374138869.6,84,Y,Y,Y,FSUSAFVJ1Z,Invesco,US Fund Short-Term Bond,US Fund Short-Term Bond
2026-02-28,JPMORGAN Value Fund S,S,Equity Fund,PCG,BROKERAGE,BROKERAGE,PIM,QP,33707080.63,151,Y,Y,Y,FSUSAS5BKX,JPMorgan,US Fund Large Value,US Fund Large Value
2025-02-28,VANGUARD Bond Fund A,A,Equity Fund,FINET,BROKERAGE,BROKERAGE,BROKERAGE,QP,205389971.53,159,Y,Y,N,FSC4693666,Vanguard,US Fund Intermediate Core Bond,US Fund Intermediate Core Bond
2025-04-30,VANGUARD Bond Fund A,A,International Equity Fund,PCG,ADVISORY,ADVISORY,BROKERAGE,SEP,367000641.53,129,Y,Y,N,FSINVZ17YR,Vanguard,US Fund Short-Term Bond,US Fund Short-Term Bond
2025-03-31,PIMCO Blend Fund A,A,Alternative Fund,PCG,ADVISORY,ADVISORY,PERSONALIZED UMA,QP,393433640.58,239,Y,N,N,FSINVNDQ6K,PIMCO,US Fund Small Blend,US Fund Small Blend
2026-03-31,JPMORGAN Value Fund S,S,Bond Fund,FINET,BROKERAGE,BROKERAGE,ASSET ADVISOR,NON-RETIREMENT,258001446.09,226,Y,N,Y,FSUSAS5BKX,JPMorgan,US Fund Large Value,US Fund Large Value
2025-11-30,FIDELITY Blend Fund A,A,Balanced Fund,FINET,BROKERAGE,BROKERAGE,MASTERS,SIM,370874703.71,437,Y,N,N,FSUSA4BHGL,Fidelity,US Fund Small Blend,US Fund Small Blend
2025-02-28,NUVEEN Value Fund INV,INV,Balanced Fund,WBS,BROKERAGE,BROKERAGE,FC/QC,NON-RETIREMENT,378722148.8,255,Y,Y,Y,FSC8073988,Nuveen,US Fund Large Value,US Fund Large Value
2026-02-28,BLACKROCK Value Fund C,C,Equity Fund,PCG,BROKERAGE,BROKERAGE,BROKERAGE,QP,251959105.45,83,N,Y,Y,FSINVHB0YI,BlackRock,US Fund Large Value,US Fund Large Value
2026-01-31,JPMORGAN Bond Fund A,A,Alternative Fund,WFAS,BROKERAGE,BROKERAGE,BROKERAGE,IRA,117476452.62,476,Y,Y,Y,FSCAP0TE0V,JPMorgan,US Fund Multisector Bond,US Fund Multisector Bond
2025-05-31,INVESCO Bond Fund A,A,Equity Fund,PCG,ADVISORY,ADVISORY,BROKERAGE,IRA,64538145.72,257,Y,Y,Y,FSCAPRK315,Invesco,US Fund Intermediate Core Bond,US Fund Intermediate Core Bond
2025-02-28,AMERICAN FUNDS Growth Fund A,A,Balanced Fund,PCG,ADVISORY,ADVISORY,FC/QC,IRA,212334701.28,282,Y,Y,Y,FSCAPBLFOC,capital group,US Fund Large Growth,US Fund Large Growth
2025-03-31,NUVEEN Blend Fund A,A,International Equity Fund,PCG,BROKERAGE,BROKERAGE,PERSONALIZED UMA,IRA,104851744.72,66,N,Y,Y,FSUSAGQ1Y8,Nuveen,US Fund Foreign Large Blend,US Fund Foreign Large Blend
2025-05-31,INVESCO Allocation Fund A,A,Balanced Fund,PCG,ADVISORY,ADVISORY,CUSTOMCHOICE,IRA,21741680.22,185,Y,Y,Y,FSC8043975,Invesco,US Fund Tactical Allocation,US Fund Tactical Allocation
2025-01-31,VANGUARD Bond Fund INST,INST,Equity Fund,FINET,ADVISORY,ADVISORY,FUNDSOURCE,IRA,117244734.88,188,Y,N,Y,FSC4848373,Vanguard,US Fund High Yield Bond,US Fund High Yield Bond
2025-01-31,FIDELITY Bond Fund A,A,Bond Fund,FINET,BROKERAGE,BROKERAGE,CUSTOMCHOICE,NON-RETIREMENT,298418166.76,183,Y,N,Y,FSUSAP0XJP,Fidelity,US Fund Multisector Bond,US Fund Multisector Bond
2025-11-30,CAPITAL GROUP Blend Fund A,A,Equity Fund,PCG,ADVISORY,ADVISORY,PERSONALIZED UMA,QP,453116213.91,422,Y,Y,Y,FSUSAYANEZ,capital group,US Fund Foreign Large Blend,US Fund Foreign Large Blend
2026-02-28,AMERICAN FUNDS Bond Fund A,A,Money Market Fund,WBS,ADVISORY,ADVISORY,ASSET ADVISOR,NON-RETIREMENT,394927479.38,311,Y,Y,Y,FSUSA1CZS7,capital group,US Fund High Yield Bond,US Fund High Yield Bond
2025-08-31,BLACKROCK Blend Fund A,A,Equity Fund,FINET,BROKERAGE,BROKERAGE,MASTERS,QP,238301924.73,20,Y,Y,Y,FSINV1KDAD,BlackRock,US Fund Foreign Large Blend,US Fund Foreign Large Blend
2025-12-31,BLACKROCK Bond Fund INST,INST,Equity Fund,WFAS,ADVISORY,ADVISORY,PERSONALIZED UMA,NON-RETIREMENT,140310646.66,276,Y,Y,Y,FSC6963457,BlackRock,US Fund High Yield Bond,US Fund High Yield Bond
2025-11-30,CAPITAL GROUP Bond Fund INST,INST,Alternative Fund,PCG,ADVISORY,ADVISORY,BROKERAGE,NON-RETIREMENT,313207955.27,408,Y,N,N,FSCAPU9MJ4,capital group,US Fund Intermediate Core Bond,US Fund Intermediate Core Bond
2025-06-30,MFS Bond Fund C,C,Equity Fund,WFAS,BROKERAGE,BROKERAGE,PIM,NON-RETIREMENT,330854357.46,369,Y,Y,Y,FSUSAR848N,MFS,US Fund Multisector Bond,US Fund Multisector Bond
2025-10-31,T ROWE PRICE Blend Fund INST,INST,Bond Fund,PCG,ADVISORY,ADVISORY,PERSONALIZED UMA,IRA,337152344.77,162,Y,N,Y,FSINVVY2S9,T. Rowe Price,US Fund Large Blend,US Fund Large Blend
2026-02-28,VANGUARD Bond Fund INV,INV,Bond Fund,WBS,ADVISORY,ADVISORY,BROKERAGE,SIM,481768779.73,39,Y,Y,Y,FSUSAF3MVF,Vanguard,US Fund Short-Term Bond,US Fund Short-Term Bond
2025-03-31,JPMORGAN Growth Fund INV,INV,Balanced Fund,WFAS,ADVISORY,ADVISORY,PIM,SEP,377893024.43,345,Y,Y,Y,FSINVVT0VG,JPMorgan,US Fund Large Growth,US Fund Large Growth
2025-08-31,LORD ABBETT Blend Fund INST,INST,Alternative Fund,WFAS,BROKERAGE,BROKERAGE,FC/QC,SIM,234018647.28,496,Y,Y,N,FSINVDZ4HR,Lord Abbett,US Fund Foreign Large Blend,US Fund Foreign Large Blend
2026-03-31,DWS FUNDS Bond Fund INST,INST,Alternative Fund,FINET,BROKERAGE,BROKERAGE,CUSTOMCHOICE,IRA,381154889.12,17,Y,Y,Y,FSCAPNRENH,DWS,US Fund High Yield Bond,US Fund High Yield Bond
2026-03-31,INVESCO Growth Fund C,C,International Equity Fund,FINET,ADVISORY,ADVISORY,MASTERS,SIM,379919218.59,35,N,N,Y,FSCAP5YC33,Invesco,US Fund Small Growth,US Fund Small Growth
2025-12-31,PIMCO Bond Fund S,S,International Equity Fund,FINET,ADVISORY,ADVISORY,BROKERAGE,SEP,47434440.34,455,Y,Y,Y,FSCAP7M9HW,PIMCO,US Fund Short-Term Bond,US Fund Short-Term Bond
2025-07-31,VANGUARD Bond Fund A,A,Balanced Fund,WBS,ADVISORY,ADVISORY,MASTERS,NON-RETIREMENT,479966507.32,65,Y,Y,N,FSINVZ17YR,Vanguard,US Fund Short-Term Bond,US Fund Short-Term Bond
2025-01-31,INVESCO Allocation Fund A,A,Money Market Fund,WBS,BROKERAGE,BROKERAGE,PERSONALIZED UMA,IRA,57534438.88,9,N,Y,Y,FSC8043975,Invesco,US Fund Tactical Allocation,US Fund Tactical Allocation
2025-04-30,INVESCO Growth Fund C,C,Equity Fund,PCG,ADVISORY,ADVISORY,MASTERS,SEP,112103225.11,387,Y,Y,Y,FSCAP5YC33,Invesco,US Fund Small Growth,US Fund Small Growth
2025-11-30,AMERICAN FUNDS Bond Fund INST,INST,International Equity Fund,WBS,ADVISORY,ADVISORY,PERSONALIZED UMA,SEP,300379581.25,416,Y,N,Y,FSC0723107,capital group,US Fund High Yield Bond,US Fund High Yield Bond
2025-05-31,CAPITAL GROUP Blend Fund INST,INST,Equity Fund,PCG,BROKERAGE,BROKERAGE,PERSONALIZED UMA,SIM,312182608.19,450,Y,N,Y,FSC7363842,capital group,US Fund Small Blend,US Fund Small Blend
2025-07-31,PIMCO Blend Fund A,A,Money Market Fund,PCG,BROKERAGE,BROKERAGE,BROKERAGE,SEP,427543814.12,63,Y,N,Y,FSCAPPXIH2,PIMCO,US Fund Mid-Cap Blend,US Fund Mid-Cap Blend
2025-09-30,FIRST EAGLE Bond Fund A,A,Bond Fund,WFAS,ADVISORY,ADVISORY,CUSTOMCHOICE,NON-RETIREMENT,41914733.78,136,Y,Y,N,FSUSAMFLIX,First Eagle,US Fund Multisector Bond,US Fund Multisector Bond
2025-09-30,CAPITAL GROUP Blend Fund A,A,Balanced Fund,PCG,BROKERAGE,BROKERAGE,ASSET ADVISOR,SIM,28481906.3,126,Y,N,Y,FSCAPVVD5U,capital group,US Fund Small Blend,US Fund Small Blend
2025-12-31,JPMORGAN Value Fund S,S,Money Market Fund,PCG,BROKERAGE,BROKERAGE,PERSONALIZED UMA,SEP,14215798.85,417,Y,N,Y,FSUSAS5BKX,JPMorgan,US Fund Large Value,US Fund Large Value
2025-03-31,AMERICAN FUNDS Bond Fund INST,INST,Alternative Fund,WFAS,ADVISORY,ADVISORY,CUSTOMCHOICE,NON-RETIREMENT,61779911.18,421,Y,Y,Y,FSC0723107,capital group,US Fund High Yield Bond,US Fund High Yield Bond
2026-02-28,DWS FUNDS Bond Fund INST,INST,Bond Fund,PCG,BROKERAGE,BROKERAGE,BROKERAGE,SIM,5839570.74,53,Y,Y,Y,FSCAPNRENH,DWS,US Fund High Yield Bond,US Fund High Yield Bond
2026-01-31,DWS FUNDS Bond Fund A,A,Bond Fund,WFAS,ADVISORY,ADVISORY,ASSET ADVISOR,SEP,132425945.78,332,Y,N,Y,FSUSA4DZT8,DWS,US Fund Multisector Bond,US Fund Multisector Bond
2025-12-31,FRANKLIN TEMPLETON Estate Fund C,C,International Equity Fund,WFAS,BROKERAGE,BROKERAGE,MASTERS,NON-RETIREMENT,158015663.79,218,Y,N,Y,FSC7392545,Franklin Templeton,US Fund Real Estate,US Fund Real Estate
2025-11-30,VANGUARD Bond Fund INV,INV,International Equity Fund,WBS,BROKERAGE,BROKERAGE,MASTERS,SEP,367292392.41,212,Y,Y,Y,FSUSAF3MVF,Vanguard,US Fund Short-Term Bond,US Fund Short-Term Bond
2025-06-30,JPMORGAN Bond Fund A,A,Balanced Fund,FINET,ADVISORY,ADVISORY,CUSTOMCHOICE,SIM,265007383.35,369,Y,Y,Y,FSCAP0TE0V,JPMorgan,US Fund Multisector Bond,US Fund Multisector Bond
2026-02-28,BLACKROCK Value Fund C,C,Alternative Fund,WFAS,BROKERAGE,BROKERAGE,MASTERS,IRA,91527062.5,99,Y,Y,Y,FSINVW6LMH,BlackRock,US Fund Large Value,US Fund Large Value
2026-02-28,PIMCO Allocation Fund A,A,Bond Fund,PCG,ADVISORY,ADVISORY,PIM,NON-RETIREMENT,254016307.19,16,Y,N,Y,FSC3796172,PIMCO,US Fund Moderate Allocation,US Fund Moderate Allocation
2026-02-28,FIRST EAGLE Blend Fund INST,INST,Equity Fund,FINET,ADVISORY,ADVISORY,PERSONALIZED UMA,NON-RETIREMENT,180388065.56,404,Y,Y,Y,FSCAP4FGYV,First Eagle,US Fund Small Blend,US Fund Small Blend
2025-05-31,FIDELITY Bond Fund INST,INST,Money Market Fund,WBS,BROKERAGE,BROKERAGE,PERSONALIZED UMA,SEP,142672850.44,466,Y,Y,Y,FSINVQUXZJ,Fidelity,US Fund Intermediate Core Bond,US Fund Intermediate Core Bond
2025-01-31,FRANKLIN TEMPLETON Estate Fund C,C,Equity Fund,PCG,ADVISORY,ADVISORY,BROKERAGE,SIM,4404121.14,291,Y,Y,Y,FSC7392545,Franklin Templeton,US Fund Real Estate,US Fund Real Estate
2025-09-30,CAPITAL GROUP Growth Fund A,A,Alternative Fund,WFAS,ADVISORY,ADVISORY,PERSONALIZED UMA,SEP,403123401.61,411,Y,Y,Y,FSINV8R1QP,capital group,US Fund Small Growth,US Fund Small Growth
2025-06-30,T ROWE PRICE Blend Fund A,A,Alternative Fund,WFAS,BROKERAGE,BROKERAGE,FC/QC,IRA,291425647.35,72,Y,N,Y,FSUSA99GZA,T. Rowe Price,US Fund Small Blend,US Fund Small Blend
2025-03-31,INVESCO Blend Fund A,A,Balanced Fund,PCG,BROKERAGE,BROKERAGE,FUNDSOURCE,QP,217560188.8,48,Y,Y,N,FSINVZILDX,Invesco,US Fund Large Blend,US Fund Large Blend
2026-02-28,BLACKROCK Blend Fund A,A,Alternative Fund,PCG,BROKERAGE,BROKERAGE,MASTERS,SIM,15589472.04,289,Y,N,Y,FSINV1KDAD,BlackRock,US Fund Foreign Large Blend,US Fund Foreign Large Blend
2025-12-31,PIMCO Bond Fund S,S,Alternative Fund,PCG,ADVISORY,ADVISORY,FC/QC,IRA,108842429.66,191,Y,N,Y,FSCAP7M9HW,PIMCO,US Fund Short-Term Bond,US Fund Short-Term Bond
2025-05-31,CAPITAL GROUP Bond Fund INST,INST,International Equity Fund,FINET,ADVISORY,ADVISORY,MASTERS,SEP,468918586.42,236,Y,Y,Y,FSCAPU9MJ4,capital group,US Fund Intermediate Core Bond,US Fund Intermediate Core Bond
2025-07-31,FRANKLIN TEMPLETON Estate Fund C,C,International Equity Fund,WFAS,ADVISORY,ADVISORY,MASTERS,QP,207099027.98,135,Y,N,Y,FSC7392545,Franklin Templeton,US Fund Real Estate,US Fund Real Estate
2025-12-31,VANGUARD Bond Fund A,A,Alternative Fund,WFAS,BROKERAGE,BROKERAGE,ASSET ADVISOR,NON-RETIREMENT,224340249.41,99,Y,Y,N,FSC4693666,Vanguard,US Fund Intermediate Core Bond,US Fund Intermediate Core Bond
2025-08-31,PIMCO Blend Fund A,A,Bond Fund,WBS,BROKERAGE,BROKERAGE,CUSTOMCHOICE,SEP,451122385.28,83,Y,N,Y,FSINVNDQ6K,PIMCO,US Fund Small Blend,US Fund Small Blend
2025-08-31,CAPITAL GROUP Blend Fund A,A,Balanced Fund,WBS,ADVISORY,ADVISORY,BROKERAGE,SEP,489248092.06,143,Y,Y,Y,FSUSAYANEZ,capital group,US Fund Foreign Large Blend,US Fund Foreign Large Blend
2025-02-28,CAPITAL GROUP Blend Fund A,A,International Equity Fund,PCG,ADVISORY,ADVISORY,ASSET ADVISOR,IRA,482413713.42,180,Y,Y,N,FSCAPVVD5U,capital group,US Fund Small Blend,US Fund Small Blend
2025-09-30,CAPITAL GROUP Blend Fund A,A,Money Market Fund,PCG,BROKERAGE,BROKERAGE,MASTERS,SEP,293851884.66,87,Y,N,N,FSUSAYANEZ,capital group,US Fund Foreign Large Blend,US Fund Foreign Large Blend
2025-08-31,FIDELITY Bond Fund A,A,Money Market Fund,WFAS,BROKERAGE,BROKERAGE,PERSONALIZED UMA,SEP,91321068.61,320,Y,Y,Y,FSUSAP0XJP,Fidelity,US Fund Multisector Bond,US Fund Multisector Bond
2026-02-28,PIMCO Allocation Fund A,A,Bond Fund,WFAS,BROKERAGE,BROKERAGE,CUSTOMCHOICE,SIM,260038808.05,111,Y,N,Y,FSC3796172,PIMCO,US Fund Moderate Allocation,US Fund Moderate Allocation
2026-02-28,T ROWE PRICE Bond Fund C,C,Equity Fund,PCG,BROKERAGE,BROKERAGE,CUSTOMCHOICE,SIM,757516.43,226,Y,Y,Y,FSINV5AYKJ,T. Rowe Price,US Fund Short-Term Bond,US Fund Short-Term Bond
2025-12-31,DWS FUNDS Allocation Fund A,A,International Equity Fund,WFAS,ADVISORY,ADVISORY,FC/QC,SEP,108327209.25,255,Y,N,Y,FSCAPPGOXS,DWS,US Fund Moderate Allocation,US Fund Moderate Allocation
2025-01-31,FIRST EAGLE Growth Fund INST,INST,International Equity Fund,PCG,ADVISORY,ADVISORY,FUNDSOURCE,IRA,278079085.77,114,Y,N,N,FSUSAUK54B,First Eagle,US Fund Small Growth,US Fund Small Growth
2025-08-31,DWS FUNDS Bond Fund A,A,Money Market Fund,WFAS,BROKERAGE,BROKERAGE,PERSONALIZED UMA,NON-RETIREMENT,52769897.23,67,Y,N,N,FSUSA4DZT8,DWS,US Fund Multisector Bond,US Fund Multisector Bond
2025-02-28,JPMORGAN Growth Fund INV,INV,Equity Fund,WBS,BROKERAGE,BROKERAGE,CUSTOMCHOICE,SIM,334937331.17,192,Y,N,Y,FSINVVT0VG,JPMorgan,US Fund Large Growth,US Fund Large Growth
2025-03-31,DWS FUNDS Bond Fund C,C,Equity Fund,FINET,ADVISORY,ADVISORY,BROKERAGE,SIM,75414127.49,15,Y,Y,Y,FSC8694117,DWS,US Fund Intermediate Core Bond,US Fund Intermediate Core Bond
2026-01-31,FIRST EAGLE Estate Fund INST,INST,Balanced Fund,WBS,ADVISORY,ADVISORY,PIM,NON-RETIREMENT,122693139.55,330,Y,Y,Y,FSUSAS7SPG,First Eagle,US Fund Real Estate,US Fund Real Estate
2025-04-30,CAPITAL GROUP Blend Fund A,A,International Equity Fund,WFAS,ADVISORY,ADVISORY,PERSONALIZED UMA,SEP,57538151.34,185,Y,Y,Y,FSUSAYANEZ,capital group,US Fund Foreign Large Blend,US Fund Foreign Large Blend
2025-01-31,JPMORGAN Value Fund S,S,International Equity Fund,WBS,BROKERAGE,BROKERAGE,BROKERAGE,SIM,431868881.24,454,Y,N,Y,FSUSAS5BKX,JPMorgan,US Fund Large Value,US Fund Large Value
2025-03-31,INVESCO Growth Fund C,C,Equity Fund,FINET,BROKERAGE,BROKERAGE,FUNDSOURCE,IRA,23587310.05,263,Y,Y,Y,FSCAP5YC33,Invesco,US Fund Small Growth,US Fund Small Growth
2025-12-31,VANGUARD Growth Fund C,C,Alternative Fund,PCG,BROKERAGE,BROKERAGE,PIM,IRA,293871108.9,295,Y,Y,Y,FSCAP2IIZJ,Vanguard,US Fund Large Growth,US Fund Large Growth
2026-02-28,FIDELITY Blend Fund A,A,Bond Fund,PCG,BROKERAGE,BROKERAGE,FC/QC,SIM,311031179.1,347,Y,Y,Y,FSUSA4BHGL,Fidelity,US Fund Small Blend,US Fund Small Blend
2025-02-28,BLACKROCK Bond Fund INST,INST,Alternative Fund,PCG,ADVISORY,ADVISORY,CUSTOMCHOICE,IRA,154266824.67,496,Y,Y,Y,FSC6963457,BlackRock,US Fund High Yield Bond,US Fund High Yield Bond
2026-03-31,LORD ABBETT Bond Fund A,A,Balanced Fund,WFAS,ADVISORY,ADVISORY,FC/QC,NON-RETIREMENT,53067464.16,449,Y,Y,N,FSC2646842,Lord Abbett,US Fund High Yield Bond,US Fund High Yield Bond
2026-02-28,BLACKROCK Value Fund C,C,Balanced Fund,WBS,ADVISORY,ADVISORY,ASSET ADVISOR,SIM,392066599.74,472,Y,N,Y,FSINVHB0YI,BlackRock,US Fund Large Value,US Fund Large Value
2025-01-31,DWS FUNDS Allocation Fund A,A,International Equity Fund,WFAS,ADVISORY,ADVISORY,FC/QC,QP,255395980.3,427,Y,Y,N,FSCAPPGOXS,DWS,US Fund Moderate Allocation,US Fund Moderate Allocation
2025-09-30,MFS Blend Fund C,C,Equity Fund,PCG,ADVISORY,ADVISORY,ASSET ADVISOR,IRA,197676065.95,416,Y,Y,Y,FSC8686926,MFS,US Fund Small Blend,US Fund Small Blend
2025-05-31,VANGUARD Bond Fund A,A,International Equity Fund,WBS,BROKERAGE,BROKERAGE,FUNDSOURCE,QP,225035817.51,313,Y,Y,Y,FSINVZ17YR,Vanguard,US Fund Short-Term Bond,US Fund Short-Term Bond
2025-03-31,INVESCO Bond Fund C,C,Equity Fund,PCG,ADVISORY,ADVISORY,FC/QC,SEP,178219237.46,344,Y,N,N,FSUSAFVJ1Z,Invesco,US Fund Short-Term Bond,US Fund Short-Term Bond
2025-04-30,PIMCO Blend Fund A,A,Equity Fund,WBS,BROKERAGE,BROKERAGE,MASTERS,SIM,1421340.74,21,Y,Y,Y,FSCAPPXIH2,PIMCO,US Fund Mid-Cap Blend,US Fund Mid-Cap Blend
2026-01-31,FRANKLIN TEMPLETON Value Fund INST,INST,Money Market Fund,WBS,ADVISORY,ADVISORY,CUSTOMCHOICE,SIM,449972535.47,463,Y,N,N,FSINV8HE3N,Franklin Templeton,US Fund Large Value,US Fund Large Value
2025-11-30,CAPITAL GROUP Growth Fund A,A,Money Market Fund,FINET,BROKERAGE,BROKERAGE,FUNDSOURCE,SEP,388168408.55,61,Y,Y,Y,FSINVHRONH,capital group,US Fund Large Growth,US Fund Large Growth
2025-02-28,FIDELITY Bond Fund INST,INST,Equity Fund,PCG,ADVISORY,ADVISORY,PIM,SIM,329882876.98,442,Y,N,Y,FSINVQUXZJ,Fidelity,US Fund Intermediate Core Bond,US Fund Intermediate Core Bond
2025-03-31,PIMCO Allocation Fund A,A,Money Market Fund,PCG,BROKERAGE,BROKERAGE,FC/QC,IRA,3503261.68,277,Y,N,N,FSC3796172,PIMCO,US Fund Moderate Allocation,US Fund Moderate Allocation
2026-03-31,JPMORGAN Bond Fund A,A,Money Market Fund,WBS,ADVISORY,ADVISORY,BROKERAGE,NON-RETIREMENT,15461535.13,462,Y,Y,N,FSCAP0TE0V,JPMorgan,US Fund Multisector Bond,US Fund Multisector Bond
2026-02-28,FRANKLIN TEMPLETON Estate Fund C,C,Bond Fund,PCG,BROKERAGE,BROKERAGE,CUSTOMCHOICE,QP,257815599.67,223,Y,Y,Y,FSC7392545,Franklin Templeton,US Fund Real Estate,US Fund Real Estate
2026-02-28,BLACKROCK Value Fund C,C,Money Market Fund,FINET,ADVISORY,ADVISORY,BROKERAGE,SIM,400644005.75,219,Y,Y,N,FSINVHB0YI,BlackRock,US Fund Large Value,US Fund Large Value
2026-02-28,CAPITAL GROUP Blend Fund A,A,Money Market Fund,PCG,ADVISORY,ADVISORY,BROKERAGE,IRA,391977840.16,376,Y,N,Y,FSCAPVVD5U,capital group,US Fund Small Blend,US Fund Small Blend
2026-03-31,T ROWE PRICE Blend Fund INST,INST,International Equity Fund,PCG,BROKERAGE,BROKERAGE,PERSONALIZED UMA,IRA,330175753.19,327,Y,N,Y,FSINVVY2S9,T. Rowe Price,US Fund Large Blend,US Fund Large Blend
2025-07-31,VANGUARD Allocation Fund INV,INV,Balanced Fund,PCG,ADVISORY,ADVISORY,PERSONALIZED UMA,SIM,400005365.83,427,Y,Y,N,FSUSAMIGJS,Vanguard,US Fund Tactical Allocation,US Fund Tactical Allocation
2025-07-31,JPMORGAN Allocation Fund A,A,Balanced Fund,WBS,ADVISORY,ADVISORY,PERSONALIZED UMA,SEP,33580943.45,88,Y,Y,Y,FSUSAD1XUN,JPMorgan,US Fund Moderate Allocation,US Fund Moderate Allocation
2025-05-31,FRANKLIN TEMPLETON Value Fund INST,INST,International Equity Fund,FINET,ADVISORY,ADVISORY,PERSONALIZED UMA,NON-RETIREMENT,209161524.19,363,Y,Y,Y,FSINV8HE3N,Franklin Templeton,US Fund Large Value,US Fund Large Value
2025-03-31,FIRST EAGLE Estate Fund INST,INST,International Equity Fund,PCG,ADVISORY,ADVISORY,CUSTOMCHOICE,IRA,157055926.77,403,Y,Y,N,FSUSAS7SPG,First Eagle,US Fund Real Estate,US Fund Real Estate
2026-02-28,NUVEEN Growth Fund S,S,Equity Fund,FINET,BROKERAGE,BROKERAGE,MASTERS,SEP,474040234.21,133,Y,Y,Y,FSCAPUT3V8,Nuveen,US Fund Small Growth,US Fund Small Growth
2025-02-28,CAPITAL GROUP Bond Fund INST,INST,Balanced Fund,WFAS,ADVISORY,ADVISORY,ASSET ADVISOR,SIM,324969260.44,195,Y,Y,Y,FSINV6Z5AS,capital group,US Fund Intermediate Core Bond,US Fund Intermediate Core Bond
2026-02-28,DWS FUNDS Bond Fund INST,INST,Equity Fund,PCG,ADVISORY,ADVISORY,FC/QC,SEP,185323027.26,335,Y,N,N,FSCAPNRENH,DWS,US Fund High Yield Bond,US Fund High Yield Bond
2026-01-31,T ROWE PRICE Estate Fund S,S,Money Market Fund,WFAS,BROKERAGE,BROKERAGE,FC/QC,SIM,200465311.25,129,Y,Y,Y,FSINVOVNZB,T. Rowe Price,US Fund Real Estate,US Fund Real Estate
2025-01-31,CAPITAL GROUP Blend Fund A,A,Balanced Fund,FINET,ADVISORY,ADVISORY,CUSTOMCHOICE,QP,217923376.73,169,Y,N,Y,FSUSAYANEZ,capital group,US Fund Foreign Large Blend,US Fund Foreign Large Blend
2025-01-31,MFS Blend Fund C,C,International Equity Fund,FINET,ADVISORY,ADVISORY,PERSONALIZED UMA,QP,67223180.16,286,Y,N,Y,FSC8686926,MFS,US Fund Small Blend,US Fund Small Blend
2025-12-31,CAPITAL GROUP Growth Fund A,A,Money Market Fund,PCG,ADVISORY,ADVISORY,ASSET ADVISOR,QP,180939597.12,21,Y,Y,Y,FSINV8R1QP,capital group,US Fund Small Growth,US Fund Small Growth
2025-08-31,NUVEEN Estate Fund A,A,International Equity Fund,PCG,BROKERAGE,BROKERAGE,FC/QC,SEP,17398789.84,195,Y,Y,Y,FSCAP9SFEF,Nuveen,US Fund Real Estate,US Fund Real Estate
2025-04-30,FIDELITY Blend Fund C,C,Equity Fund,PCG,ADVISORY,ADVISORY,MASTERS,NON-RETIREMENT,27852075.49,46,Y,Y,Y,FSUSAVKKPF,Fidelity,US Fund Large Blend,US Fund Large Blend
2025-04-30,INVESCO Bond Fund INST,INST,Equity Fund,WFAS,BROKERAGE,BROKERAGE,ASSET ADVISOR,QP,131459417.17,11,Y,Y,Y,FSINV30AHC,Invesco,US Fund High Yield Bond,US Fund High Yield Bond
2025-09-30,BLACKROCK Bond Fund INST,INST,Alternative Fund,PCG,ADVISORY,ADVISORY,MASTERS,SEP,76782179.52,202,Y,Y,Y,FSC6963457,BlackRock,US Fund High Yield Bond,US Fund High Yield Bond
2025-08-31,BLACKROCK Value Fund C,C,Alternative Fund,PCG,BROKERAGE,BROKERAGE,FUNDSOURCE,SEP,36475337.4,232,N,N,Y,FSINVHB0YI,BlackRock,US Fund Large Value,US Fund Large Value
2025-08-31,JPMORGAN Allocation Fund A,A,Bond Fund,PCG,BROKERAGE,BROKERAGE,PIM,SEP,484441228.55,490,Y,Y,N,FSUSAD1XUN,JPMorgan,US Fund Moderate Allocation,US Fund Moderate Allocation
2025-11-30,FRANKLIN TEMPLETON Estate Fund C,C,International Equity Fund,WFAS,BROKERAGE,BROKERAGE,PIM,QP,218709682.11,129,Y,Y,N,FSC7392545,Franklin Templeton,US Fund Real Estate,US Fund Real Estate
2025-11-30,LORD ABBETT Bond Fund A,A,Equity Fund,PCG,ADVISORY,ADVISORY,ASSET ADVISOR,SIM,64498096.14,441,Y,Y,Y,FSC2646842,Lord Abbett,US Fund High Yield Bond,US Fund High Yield Bond
2025-12-31,INVESCO Bond Fund A,A,Money Market Fund,WBS,BROKERAGE,BROKERAGE,MASTERS,NON-RETIREMENT,215835516.42,441,Y,Y,N,FSCAPRK315,Invesco,US Fund Intermediate Core Bond,US Fund Intermediate Core Bond
2025-04-30,VANGUARD Allocation Fund INV,INV,International Equity Fund,WBS,ADVISORY,ADVISORY,BROKERAGE,IRA,406335839.66,3,Y,N,N,FSUSAMIGJS,Vanguard,US Fund Tactical Allocation,US Fund Tactical Allocation
2026-02-28,INVESCO Allocation Fund A,A,Alternative Fund,FINET,ADVISORY,ADVISORY,PIM,NON-RETIREMENT,418350361.27,97,Y,Y,Y,FSC8043975,Invesco,US Fund Tactical Allocation,US Fund Tactical Allocation
2025-02-28,CAPITAL GROUP Blend Fund A,A,Alternative Fund,WFAS,BROKERAGE,BROKERAGE,ASSET ADVISOR,QP,20780764.01,141,Y,N,Y,FSUSAYANEZ,capital group,US Fund Foreign Large Blend,US Fund Foreign Large Blend
2026-02-28,T ROWE PRICE Blend Fund INST,INST,Alternative Fund,PCG,BROKERAGE,BROKERAGE,CUSTOMCHOICE,NON-RETIREMENT,17873869.7,201,Y,Y,Y,FSINVVY2S9,T. Rowe Price,US Fund Large Blend,US Fund Large Blend
2025-10-31,INVESCO Bond Fund INST,INST,Equity Fund,FINET,ADVISORY,ADVISORY,CUSTOMCHOICE,SEP,94345860.24,68,Y,Y,Y,FSINV30AHC,Invesco,US Fund High Yield Bond,US Fund High Yield Bond
2025-05-31,FIRST EAGLE Bond Fund A,A,Money Market Fund,PCG,ADVISORY,ADVISORY,PIM,SEP,472202640.43,305,Y,N,Y,FSUSAMFLIX,First Eagle,US Fund Multisector Bond,US Fund Multisector Bond
2026-03-31,JPMORGAN Growth Fund INV,INV,Balanced Fund,PCG,ADVISORY,ADVISORY,MASTERS,NON-RETIREMENT,376524116.14,178,Y,Y,Y,FSINVVT0VG,JPMorgan,US Fund Large Growth,US Fund Large Growth
2025-04-30,JPMORGAN Allocation Fund INST,INST,Bond Fund,PCG,BROKERAGE,BROKERAGE,BROKERAGE,QP,319843532.38,452,Y,N,Y,FSCAPZ4DKB,JPMorgan,US Fund Tactical Allocation,US Fund Tactical Allocation
2025-05-31,PIMCO Blend Fund A,A,Bond Fund,WFAS,ADVISORY,ADVISORY,ASSET ADVISOR,IRA,453653983.16,7,Y,Y,Y,FSCAPPXIH2,PIMCO,US Fund Mid-Cap Blend,US Fund Mid-Cap Blend
2025-11-30,INVESCO Bond Fund INST,INST,Bond Fund,FINET,ADVISORY,ADVISORY,PERSONALIZED UMA,SIM,314818412.33,113,Y,Y,Y,FSINV30AHC,Invesco,US Fund High Yield Bond,US Fund High Yield Bond
2025-02-28,VANGUARD Bond Fund INST,INST,Money Market Fund,WBS,ADVISORY,ADVISORY,FUNDSOURCE,SEP,160279298.31,286,Y,Y,N,FSC4848373,Vanguard,US Fund High Yield Bond,US Fund High Yield Bond
2026-03-31,FIDELITY Bond Fund INST,INST,Balanced Fund,WBS,ADVISORY,ADVISORY,FUNDSOURCE,QP,108617041.09,396,Y,N,Y,FSINVQUXZJ,Fidelity,US Fund Intermediate Core Bond,US Fund Intermediate Core Bond
2025-08-31,FRANKLIN TEMPLETON Blend Fund C,C,Equity Fund,WFAS,BROKERAGE,BROKERAGE,PIM,IRA,466872047.64,51,Y,Y,N,FSC8379085,Franklin Templeton,US Fund Mid-Cap Blend,US Fund Mid-Cap Blend
2025-10-31,FRANKLIN TEMPLETON Estate Fund C,C,International Equity Fund,PCG,ADVISORY,ADVISORY,PIM,QP,90508737.37,148,Y,Y,Y,FSC7392545,Franklin Templeton,US Fund Real Estate,US Fund Real Estate
2025-02-28,FRANKLIN TEMPLETON Bond Fund INST,INST,International Equity Fund,FINET,BROKERAGE,BROKERAGE,BROKERAGE,NON-RETIREMENT,224988616.77,58,Y,Y,N,FSC7967512,Franklin Templeton,US Fund Short-Term Bond,US Fund Short-Term Bond
2025-10-31,BLACKROCK Bond Fund INST,INST,Balanced Fund,FINET,ADVISORY,ADVISORY,PIM,SIM,333995370.26,45,Y,N,Y,FSCAPSG2R8,BlackRock,US Fund Short-Term Bond,US Fund Short-Term Bond
2025-07-31,FIRST EAGLE Bond Fund A,A,Bond Fund,PCG,BROKERAGE,BROKERAGE,BROKERAGE,SIM,428194643.4,370,Y,Y,Y,FSUSAMFLIX,First Eagle,US Fund Multisector Bond,US Fund Multisector Bond
2026-02-28,JPMORGAN Growth Fund INV,INV,Bond Fund,PCG,ADVISORY,ADVISORY,FC/QC,SEP,145086192.89,108,Y,N,Y,FSINVVT0VG,JPMorgan,US Fund Large Growth,US Fund Large Growth
2025-10-31,INVESCO Bond Fund A,A,Alternative Fund,PCG,ADVISORY,ADVISORY,BROKERAGE,IRA,231721102.84,77,Y,N,Y,FSCAPRK315,Invesco,US Fund Intermediate Core Bond,US Fund Intermediate Core Bond
2025-04-30,JPMORGAN Allocation Fund A,A,Equity Fund,WBS,ADVISORY,ADVISORY,PERSONALIZED UMA,QP,159837848.47,247,Y,Y,Y,FSUSAD1XUN,JPMorgan,US Fund Moderate Allocation,US Fund Moderate Allocation
2026-01-31,AMERICAN FUNDS Growth Fund A,A,Equity Fund,PCG,ADVISORY,ADVISORY,BROKERAGE,IRA,332817463.74,109,Y,Y,Y,FSCAPBLFOC,capital group,US Fund Large Growth,US Fund Large Growth
2025-11-30,VANGUARD Bond Fund A,A,Balanced Fund,WFAS,BROKERAGE,BROKERAGE,MASTERS,SIM,184869578.54,212,Y,Y,Y,FSINVZ17YR,Vanguard,US Fund Short-Term Bond,US Fund Short-Term Bond
2025-11-30,INVESCO Blend Fund A,A,Money Market Fund,PCG,ADVISORY,ADVISORY,FUNDSOURCE,NON-RETIREMENT,91946059.55,147,Y,Y,Y,FSINVZILDX,Invesco,US Fund Large Blend,US Fund Large Blend
2026-02-28,NUVEEN Blend Fund INV,INV,Equity Fund,PCG,BROKERAGE,BROKERAGE,PIM,SEP,374294814.17,377,Y,Y,Y,FSUSALNO19,Nuveen,US Fund Small Blend,US Fund Small Blend
2025-06-30,LORD ABBETT Estate Fund A,A,International Equity Fund,FINET,BROKERAGE,BROKERAGE,PIM,IRA,393814628.59,432,N,Y,Y,FSINVN2N0F,Lord Abbett,US Fund Real Estate,US Fund Real Estate
2025-12-31,VANGUARD Bond Fund A,A,International Equity Fund,PCG,BROKERAGE,BROKERAGE,FC/QC,SEP,394545124.76,7,Y,N,N,FSC4693666,Vanguard,US Fund Intermediate Core Bond,US Fund Intermediate Core Bond
2025-12-31,PIMCO Allocation Fund A,A,Bond Fund,FINET,ADVISORY,ADVISORY,CUSTOMCHOICE,QP,421511618.47,378,Y,Y,Y,FSC3796172,PIMCO,US Fund Moderate Allocation,US Fund Moderate Allocation
2025-10-31,INVESCO Growth Fund C,C,Bond Fund,WFAS,ADVISORY,ADVISORY,PIM,IRA,366189727.81,174,Y,N,Y,FSCAP5YC33,Invesco,US Fund Small Growth,US Fund Small Growth
2025-08-31,JPMORGAN Value Fund S,S,Money Market Fund,PCG,BROKERAGE,BROKERAGE,FC/QC,IRA,136544248.04,146,Y,Y,Y,FSUSAS5BKX,JPMorgan,US Fund Large Value,US Fund Large Value
2025-10-31,FIDELITY Bond Fund INST,INST,Equity Fund,PCG,BROKERAGE,BROKERAGE,FUNDSOURCE,SIM,77670015.94,303,Y,Y,Y,FSINVQUXZJ,Fidelity,US Fund Intermediate Core Bond,US Fund Intermediate Core Bond
2025-06-30,JPMORGAN Value Fund S,S,Alternative Fund,PCG,BROKERAGE,BROKERAGE,FUNDSOURCE,QP,76456873.5,311,Y,Y,Y,FSUSAS5BKX,JPMorgan,US Fund Large Value,US Fund Large Value
2025-10-31,T ROWE PRICE Blend Fund INST,INST,Balanced Fund,PCG,ADVISORY,ADVISORY,BROKERAGE,SIM,402640160.83,347,Y,Y,Y,FSINVVY2S9,T. Rowe Price,US Fund Large Blend,US Fund Large Blend
2025-01-31,BLACKROCK Value Fund C,C,Bond Fund,WBS,BROKERAGE,BROKERAGE,MASTERS,SIM,201467074.24,352,Y,Y,N,FSINVHB0YI,BlackRock,US Fund Large Value,US Fund Large Value
2025-03-31,JPMORGAN Allocation Fund A,A,Money Market Fund,PCG,ADVISORY,ADVISORY,FC/QC,QP,154338409.75,288,Y,N,N,FSUSAD1XUN,JPMorgan,US Fund Moderate Allocation,US Fund Moderate Allocation
2025-11-30,FRANKLIN TEMPLETON Bond Fund INST,INST,International Equity Fund,WBS,ADVISORY,ADVISORY,CUSTOMCHOICE,SEP,452715661.88,9,Y,Y,Y,FSC7967512,Franklin Templeton,US Fund Short-Term Bond,US Fund Short-Term Bond
2025-03-31,VANGUARD Bond Fund A,A,Money Market Fund,FINET,ADVISORY,ADVISORY,FC/QC,QP,375403057.07,75,Y,N,Y,FSINVZ17YR,Vanguard,US Fund Short-Term Bond,US Fund Short-Term Bond
2025-12-31,T ROWE PRICE Estate Fund S,S,Alternative Fund,WBS,BROKERAGE,BROKERAGE,MASTERS,SIM,460909869.38,420,Y,N,Y,FSINVOVNZB,T. Rowe Price,US Fund Real Estate,US Fund Real Estate
2025-12-31,CAPITAL GROUP Blend Fund INST,INST,Bond Fund,WBS,BROKERAGE,BROKERAGE,FUNDSOURCE,SEP,319034879.96,449,Y,Y,Y,FSC7363842,capital group,US Fund Small Blend,US Fund Small Blend
2025-06-30,FIRST EAGLE Blend Fund INST,INST,International Equity Fund,WFAS,ADVISORY,ADVISORY,FC/QC,IRA,273445793.15,194,Y,Y,Y,FSCAP4FGYV,First Eagle,US Fund Small Blend,US Fund Small Blend
2025-07-31,INVESCO Allocation Fund S,S,Alternative Fund,FINET,BROKERAGE,BROKERAGE,PERSONALIZED UMA,QP,483486188.59,140,N,Y,N,FSINV12SDD,Invesco,US Fund Tactical Allocation,US Fund Tactical Allocation
2026-01-31,DWS FUNDS Bond Fund A,A,Alternative Fund,WFAS,ADVISORY,ADVISORY,PIM,IRA,260094726.49,219,Y,Y,N,FSCAPZUVDG,DWS,US Fund High Yield Bond,US Fund High Yield Bond
2025-11-30,PIMCO Allocation Fund A,A,International Equity Fund,PCG,ADVISORY,ADVISORY,FUNDSOURCE,NON-RETIREMENT,434420059.16,279,Y,Y,Y,FSC3796172,PIMCO,US Fund Moderate Allocation,US Fund Moderate Allocation
2025-05-31,NUVEEN Blend Fund A,A,Bond Fund,WBS,ADVISORY,ADVISORY,FUNDSOURCE,SIM,482779800.11,309,N,Y,N,FSUSAGQ1Y8,Nuveen,US Fund Foreign Large Blend,US Fund Foreign Large Blend
2026-01-31,INVESCO Allocation Fund S,S,Bond Fund,FINET,ADVISORY,ADVISORY,CUSTOMCHOICE,IRA,38435599.39,111,Y,N,Y,FSINV12SDD,Invesco,US Fund Tactical Allocation,US Fund Tactical Allocation
2025-11-30,VANGUARD Growth Fund A,A,Balanced Fund,WBS,ADVISORY,ADVISORY,CUSTOMCHOICE,NON-RETIREMENT,36644422.56,100,Y,N,Y,FSCAP853QJ,Vanguard,US Fund Large Growth,US Fund Large Growth
2025-11-30,NUVEEN Growth Fund S,S,International Equity Fund,FINET,ADVISORY,ADVISORY,CUSTOMCHOICE,IRA,84022372.65,24,Y,Y,Y,FSCAPUT3V8,Nuveen,US Fund Small Growth,US Fund Small Growth
2025-08-31,VANGUARD Bond Fund A,A,Bond Fund,WFAS,ADVISORY,ADVISORY,PIM,QP,9133017.9,435,Y,Y,Y,FSINVZ17YR,Vanguard,US Fund Short-Term Bond,US Fund Short-Term Bond
2025-11-30,MFS Blend Fund A,A,Alternative Fund,WFAS,ADVISORY,ADVISORY,BROKERAGE,IRA,349593165.75,354,Y,Y,N,FSCAPO8FAQ,MFS,US Fund Mid-Cap Blend,US Fund Mid-Cap Blend
2025-08-31,T ROWE PRICE Bond Fund C,C,Bond Fund,PCG,ADVISORY,ADVISORY,CUSTOMCHOICE,SEP,424975497.4,272,Y,N,Y,FSINV5AYKJ,T. Rowe Price,US Fund Short-Term Bond,US Fund Short-Term Bond
2026-03-31,MFS Bond Fund C,C,Equity Fund,PCG,BROKERAGE,BROKERAGE,PIM,SEP,359405398.1,156,Y,Y,Y,FSUSAR848N,MFS,US Fund Multisector Bond,US Fund Multisector Bond
2026-03-31,CAPITAL GROUP Blend Fund INST,INST,Equity Fund,WBS,BROKERAGE,BROKERAGE,CUSTOMCHOICE,SIM,70358763.56,496,Y,Y,Y,FSC7363842,capital group,US Fund Small Blend,US Fund Small Blend
2025-10-31,FIRST EAGLE Blend Fund INST,INST,Alternative Fund,WFAS,ADVISORY,ADVISORY,BROKERAGE,QP,466549347.16,104,Y,N,Y,FSCAP4FGYV,First Eagle,US Fund Small Blend,US Fund Small Blend
2026-02-28,FRANKLIN TEMPLETON Blend Fund C,C,Alternative Fund,PCG,ADVISORY,ADVISORY,BROKERAGE,IRA,187360212.43,308,Y,Y,Y,FSC8379085,Franklin Templeton,US Fund Mid-Cap Blend,US Fund Mid-Cap Blend
2025-09-30,INVESCO Bond Fund C,C,Balanced Fund,FINET,ADVISORY,ADVISORY,CUSTOMCHOICE,SIM,192220989.12,185,Y,N,N,FSUSAFVJ1Z,Invesco,US Fund Short-Term Bond,US Fund Short-Term Bond
2025-04-30,FIRST EAGLE Bond Fund A,A,International Equity Fund,WBS,ADVISORY,ADVISORY,PIM,SEP,82853873.56,489,Y,Y,N,FSUSAMFLIX,First Eagle,US Fund Multisector Bond,US Fund Multisector Bond
2025-11-30,INVESCO Allocation Fund A,A,Equity Fund,FINET,ADVISORY,ADVISORY,FC/QC,SIM,252793057.58,58,Y,N,Y,FSC8043975,Invesco,US Fund Tactical Allocation,US Fund Tactical Allocation
2025-07-31,NUVEEN Estate Fund A,A,Equity Fund,WFAS,BROKERAGE,BROKERAGE,CUSTOMCHOICE,SEP,47970550.58,97,Y,N,Y,FSCAP9SFEF,Nuveen,US Fund Real Estate,US Fund Real Estate
2025-08-31,FIDELITY Blend Fund C,C,Bond Fund,PCG,ADVISORY,ADVISORY,BROKERAGE,QP,286707480.99,43,Y,N,N,FSUSAVKKPF,Fidelity,US Fund Large Blend,US Fund Large Blend
2025-11-30,LORD ABBETT Estate Fund A,A,Alternative Fund,PCG,BROKERAGE,BROKERAGE,BROKERAGE,SEP,395980841.37,40,Y,Y,Y,FSINVN2N0F,Lord Abbett,US Fund Real Estate,US Fund Real Estate
2025-01-31,BLACKROCK Bond Fund INST,INST,Equity Fund,FINET,ADVISORY,ADVISORY,MASTERS,QP,159989014.93,281,Y,N,Y,FSC6963457,BlackRock,US Fund High Yield Bond,US Fund High Yield Bond
2026-01-31,PIMCO Allocation Fund A,A,Money Market Fund,PCG,ADVISORY,ADVISORY,PERSONALIZED UMA,IRA,366931585.19,287,Y,Y,Y,FSC3796172,PIMCO,US Fund Moderate Allocation,US Fund Moderate Allocation
2025-07-31,T ROWE PRICE Estate Fund S,S,Equity Fund,PCG,ADVISORY,ADVISORY,PIM,QP,116184716.36,168,Y,Y,Y,FSINVOVNZB,T. Rowe Price,US Fund Real Estate,US Fund Real Estate
2025-08-31,FIRST EAGLE Estate Fund INST,INST,Money Market Fund,FINET,ADVISORY,ADVISORY,FUNDSOURCE,NON-RETIREMENT,274271525.99,290,Y,N,Y,FSUSAS7SPG,First Eagle,US Fund Real Estate,US Fund Real Estate
2025-03-31,INVESCO Bond Fund INST,INST,Bond Fund,PCG,ADVISORY,ADVISORY,ASSET ADVISOR,NON-RETIREMENT,127846680.36,219,Y,N,Y,FSINV30AHC,Invesco,US Fund High Yield Bond,US Fund High Yield Bond
2026-03-31,INVESCO Bond Fund C,C,Equity Fund,PCG,BROKERAGE,BROKERAGE,CUSTOMCHOICE,SEP,20776632.21,162,Y,Y,Y,FSUSAFVJ1Z,Invesco,US Fund Short-Term Bond,US Fund Short-Term Bond
2026-02-28,BLACKROCK Value Fund C,C,Alternative Fund,WFAS,BROKERAGE,BROKERAGE,ASSET ADVISOR,SIM,24559477.17,202,Y,Y,N,FSINVW6LMH,BlackRock,US Fund Large Value,US Fund Large Value
2025-10-31,PIMCO Growth Fund A,A,Money Market Fund,WBS,ADVISORY,ADVISORY,FUNDSOURCE,IRA,81805627.18,490,Y,Y,Y,FSCAPS2MJ6,PIMCO,US Fund Small Growth,US Fund Small Growth
2025-01-31,BLACKROCK Value Fund C,C,Alternative Fund,PCG,ADVISORY,ADVISORY,ASSET ADVISOR,NON-RETIREMENT,271227243.05,337,Y,Y,N,FSINVHB0YI,BlackRock,US Fund Large Value,US Fund Large Value
2026-01-31,CAPITAL GROUP Blend Fund A,A,Balanced Fund,PCG,BROKERAGE,BROKERAGE,FC/QC,SIM,397874367.92,206,Y,Y,Y,FSCAPVVD5U,capital group,US Fund Small Blend,US Fund Small Blend
2025-03-31,BLACKROCK Bond Fund INST,INST,Equity Fund,PCG,ADVISORY,ADVISORY,ASSET ADVISOR,SIM,19553317.69,79,Y,Y,Y,FSC6963457,BlackRock,US Fund High Yield Bond,US Fund High Yield Bond
2026-03-31,INVESCO Bond Fund C,C,Money Market Fund,WFAS,BROKERAGE,BROKERAGE,BROKERAGE,NON-RETIREMENT,442160807.24,341,Y,Y,Y,FSUSAFVJ1Z,Invesco,US Fund Short-Term Bond,US Fund Short-Term Bond
2025-04-30,BLACKROCK Bond Fund INST,INST,Bond Fund,WBS,ADVISORY,ADVISORY,PERSONALIZED UMA,SIM,328576416.57,166,Y,N,Y,FSCAPSG2R8,BlackRock,US Fund Short-Term Bond,US Fund Short-Term Bond
2025-11-30,VANGUARD Bond Fund A,A,International Equity Fund,FINET,ADVISORY,ADVISORY,MASTERS,QP,282036025.33,243,Y,Y,Y,FSC4693666,Vanguard,US Fund Intermediate Core Bond,US Fund Intermediate Core Bond
2025-08-31,FRANKLIN TEMPLETON Blend Fund C,C,Bond Fund,FINET,BROKERAGE,BROKERAGE,FUNDSOURCE,SEP,350308634.79,457,Y,Y,Y,FSC8379085,Franklin Templeton,US Fund Mid-Cap Blend,US Fund Mid-Cap Blend
2025-01-31,DWS FUNDS Allocation Fund A,A,International Equity Fund,FINET,BROKERAGE,BROKERAGE,FC/QC,SIM,97764325.24,311,Y,Y,Y,FSCAPPGOXS,DWS,US Fund Moderate Allocation,US Fund Moderate Allocation
2025-05-31,NUVEEN Estate Fund A,A,Bond Fund,FINET,ADVISORY,ADVISORY,FUNDSOURCE,SEP,361432085.88,202,Y,Y,Y,FSCAP9SFEF,Nuveen,US Fund Real Estate,US Fund Real Estate
2025-02-28,BLACKROCK Value Fund C,C,Alternative Fund,WBS,ADVISORY,ADVISORY,PERSONALIZED UMA,SIM,83052513.22,498,Y,Y,N,FSINVHB0YI,BlackRock,US Fund Large Value,US Fund Large Value
2026-02-28,CAPITAL GROUP Growth Fund A,A,Equity Fund,PCG,ADVISORY,ADVISORY,FC/QC,NON-RETIREMENT,28307627.94,54,Y,Y,Y,FSINVHRONH,capital group,US Fund Large Growth,US Fund Large Growth
2025-02-28,CAPITAL GROUP Blend Fund INST,INST,Equity Fund,WFAS,ADVISORY,ADVISORY,PIM,SIM,344872231.75,131,Y,N,Y,FSC7363842,capital group,US Fund Small Blend,US Fund Small Blend
2025-04-30,INVESCO Bond Fund A,A,International Equity Fund,FINET,ADVISORY,ADVISORY,FC/QC,NON-RETIREMENT,443452761.68,100,Y,Y,Y,FSCAPRK315,Invesco,US Fund Intermediate Core Bond,US Fund Intermediate Core Bond
2025-06-30,MFS Blend Fund C,C,Alternative Fund,PCG,BROKERAGE,BROKERAGE,MASTERS,NON-RETIREMENT,135484020.23,149,Y,Y,Y,FSC8686926,MFS,US Fund Small Blend,US Fund Small Blend
2025-05-31,BLACKROCK Bond Fund INST,INST,International Equity Fund,PCG,BROKERAGE,BROKERAGE,PIM,SIM,320790430.12,86,Y,Y,Y,FSC6963457,BlackRock,US Fund High Yield Bond,US Fund High Yield Bond
2025-03-31,CAPITAL GROUP Growth Fund A,A,Money Market Fund,FINET,BROKERAGE,BROKERAGE,FUNDSOURCE,QP,54874844.22,188,Y,Y,Y,FSINV8R1QP,capital group,US Fund Small Growth,US Fund Small Growth
2025-05-31,NUVEEN Blend Fund INV,INV,Bond Fund,FINET,BROKERAGE,BROKERAGE,MASTERS,SIM,144172276.6,301,Y,Y,Y,FSUSALNO19,Nuveen,US Fund Small Blend,US Fund Small Blend
2025-08-31,DWS FUNDS Allocation Fund A,A,Alternative Fund,PCG,BROKERAGE,BROKERAGE,PERSONALIZED UMA,SEP,382348564.05,292,Y,Y,N,FSCAPPGOXS,DWS,US Fund Moderate Allocation,US Fund Moderate Allocation
2025-08-31,CAPITAL GROUP Blend Fund INST,INST,Balanced Fund,PCG,ADVISORY,ADVISORY,ASSET ADVISOR,QP,110159607.98,143,Y,Y,N,FSC7363842,capital group,US Fund Small Blend,US Fund Small Blend
2025-01-31,INVESCO Bond Fund INST,INST,International Equity Fund,WBS,ADVISORY,ADVISORY,CUSTOMCHOICE,SEP,162174713.15,101,N,Y,Y,FSINV30AHC,Invesco,US Fund High Yield Bond,US Fund High Yield Bond
2025-05-31,FIDELITY Bond Fund A,A,Bond Fund,PCG,ADVISORY,ADVISORY,PERSONALIZED UMA,QP,319994159.63,423,N,N,Y,FSUSAP0XJP,Fidelity,US Fund Multisector Bond,US Fund Multisector Bond
2026-02-28,DWS FUNDS Bond Fund A,A,Alternative Fund,WFAS,BROKERAGE,BROKERAGE,FC/QC,IRA,212915571.61,378,Y,Y,Y,FSUSA4DZT8,DWS,US Fund Multisector Bond,US Fund Multisector Bond
2026-01-31,AMERICAN FUNDS Bond Fund INST,INST,Bond Fund,FINET,BROKERAGE,BROKERAGE,PERSONALIZED UMA,SEP,303587604.44,452,Y,N,Y,FSC0723107,capital group,US Fund High Yield Bond,US Fund High Yield Bond
2026-03-31,VANGUARD Growth Fund C,C,Alternative Fund,WFAS,ADVISORY,ADVISORY,BROKERAGE,SIM,169115774.34,218,Y,N,Y,FSCAP2IIZJ,Vanguard,US Fund Large Growth,US Fund Large Growth
2025-10-31,BLACKROCK Bond Fund INST,INST,Bond Fund,PCG,ADVISORY,ADVISORY,PIM,IRA,69439633.38,98,Y,Y,N,FSCAPSG2R8,BlackRock,US Fund Short-Term Bond,US Fund Short-Term Bond
2025-03-31,DWS FUNDS Bond Fund A,A,International Equity Fund,WBS,BROKERAGE,BROKERAGE,FC/QC,QP,480963938.96,328,Y,N,Y,FSUSA4DZT8,DWS,US Fund Multisector Bond,US Fund Multisector Bond
2026-03-31,VANGUARD Bond Fund INST,INST,International Equity Fund,FINET,ADVISORY,ADVISORY,MASTERS,NON-RETIREMENT,185994233.59,436,Y,Y,Y,FSC4848373,Vanguard,US Fund High Yield Bond,US Fund High Yield Bond
2026-02-28,BLACKROCK Value Fund C,C,International Equity Fund,WFAS,BROKERAGE,BROKERAGE,MASTERS,NON-RETIREMENT,16258521.25,32,Y,Y,Y,FSINVHB0YI,BlackRock,US Fund Large Value,US Fund Large Value
2025-03-31,BLACKROCK Value Fund C,C,Money Market Fund,PCG,ADVISORY,ADVISORY,FUNDSOURCE,SIM,84831472.32,362,Y,N,Y,FSINVW6LMH,BlackRock,US Fund Large Value,US Fund Large Value
2025-10-31,VANGUARD Bond Fund A,A,Balanced Fund,WBS,ADVISORY,ADVISORY,MASTERS,SIM,487644221.74,338,Y,Y,N,FSC4693666,Vanguard,US Fund Intermediate Core Bond,US Fund Intermediate Core Bond
2025-12-31,MFS Blend Fund A,A,International Equity Fund,WBS,BROKERAGE,BROKERAGE,FUNDSOURCE,IRA,170040110.1,256,Y,Y,N,FSCAPO8FAQ,MFS,US Fund Mid-Cap Blend,US Fund Mid-Cap Blend
2026-02-28,NUVEEN Estate Fund A,A,Money Market Fund,PCG,BROKERAGE,BROKERAGE,BROKERAGE,SIM,155975891.17,321,Y,Y,Y,FSCAP9SFEF,Nuveen,US Fund Real Estate,US Fund Real Estate
2025-12-31,BLACKROCK Value Fund C,C,Equity Fund,PCG,BROKERAGE,BROKERAGE,MASTERS,NON-RETIREMENT,284921773.13,500,Y,N,Y,FSINVW6LMH,BlackRock,US Fund Large Value,US Fund Large Value
2026-02-28,MFS Blend Fund A,A,International Equity Fund,PCG,ADVISORY,ADVISORY,FC/QC,QP,316380856.36,197,Y,Y,Y,FSCAPUR81B,MFS,US Fund Small Blend,US Fund Small Blend
2025-06-30,NUVEEN Growth Fund S,S,Money Market Fund,WBS,ADVISORY,ADVISORY,BROKERAGE,SIM,163360354.87,42,Y,Y,Y,FSCAPUT3V8,Nuveen,US Fund Small Growth,US Fund Small Growth
2025-03-31,FRANKLIN TEMPLETON Growth Fund INST,INST,Money Market Fund,FINET,ADVISORY,ADVISORY,MASTERS,SEP,457442412.58,270,Y,N,N,FSUSA9SEXI,Franklin Templeton,US Fund Small Growth,US Fund Small Growth
2025-10-31,BLACKROCK Bond Fund INST,INST,International Equity Fund,WBS,ADVISORY,ADVISORY,FUNDSOURCE,SEP,202669574.23,124,Y,N,Y,FSCAPSG2R8,BlackRock,US Fund Short-Term Bond,US Fund Short-Term Bond
2026-01-31,INVESCO Bond Fund A,A,International Equity Fund,FINET,ADVISORY,ADVISORY,PIM,IRA,411487280.13,371,Y,N,N,FSC9366170,Invesco,US Fund Intermediate Core Bond,US Fund Intermediate Core Bond
2025-08-31,LORD ABBETT Bond Fund A,A,Balanced Fund,WBS,BROKERAGE,BROKERAGE,PIM,NON-RETIREMENT,165162493.29,88,Y,Y,N,FSC2646842,Lord Abbett,US Fund High Yield Bond,US Fund High Yield Bond
2026-02-28,INVESCO Allocation Fund S,S,International Equity Fund,WBS,ADVISORY,ADVISORY,BROKERAGE,IRA,329852831.74,413,Y,Y,Y,FSINV12SDD,Invesco,US Fund Tactical Allocation,US Fund Tactical Allocation
2025-10-31,CAPITAL GROUP Bond Fund INST,INST,International Equity Fund,WFAS,BROKERAGE,BROKERAGE,MASTERS,QP,342841959.97,434,N,Y,Y,FSINV6Z5AS,capital group,US Fund Intermediate Core Bond,US Fund Intermediate Core Bond
2025-07-31,FIDELITY Blend Fund A,A,International Equity Fund,FINET,ADVISORY,ADVISORY,BROKERAGE,NON-RETIREMENT,30157261.81,115,Y,Y,Y,FSUSA4BHGL,Fidelity,US Fund Small Blend,US Fund Small Blend
2025-01-31,VANGUARD Growth Fund A,A,Balanced Fund,FINET,ADVISORY,ADVISORY,ASSET ADVISOR,NON-RETIREMENT,141470120.55,213,Y,Y,N,FSCAP853QJ,Vanguard,US Fund Large Growth,US Fund Large Growth
2026-02-28,CAPITAL GROUP Growth Fund A,A,Alternative Fund,PCG,BROKERAGE,BROKERAGE,FUNDSOURCE,QP,435379934.64,193,Y,Y,Y,FSINVHRONH,capital group,US Fund Large Growth,US Fund Large Growth
2025-02-28,INVESCO Bond Fund A,A,Alternative Fund,FINET,ADVISORY,ADVISORY,CUSTOMCHOICE,IRA,135596226.63,262,Y,Y,Y,FSCAPRK315,Invesco,US Fund Intermediate Core Bond,US Fund Intermediate Core Bond
2025-05-31,LORD ABBETT Estate Fund A,A,International Equity Fund,PCG,BROKERAGE,BROKERAGE,PERSONALIZED UMA,QP,248038334.44,230,Y,Y,Y,FSINVN2N0F,Lord Abbett,US Fund Real Estate,US Fund Real Estate
2025-10-31,BLACKROCK Bond Fund INST,INST,Bond Fund,PCG,BROKERAGE,BROKERAGE,BROKERAGE,SEP,51249693.95,489,Y,Y,N,FSCAPSG2R8,BlackRock,US Fund Short-Term Bond,US Fund Short-Term Bond
2025-01-31,DWS FUNDS Blend Fund INV,INV,Alternative Fund,PCG,BROKERAGE,BROKERAGE,FUNDSOURCE,IRA,252326465.83,192,Y,Y,Y,FSINVF3PFW,DWS,US Fund Large Blend,US Fund Large Blend
2025-07-31,FRANKLIN TEMPLETON Estate Fund C,C,Equity Fund,WFAS,BROKERAGE,BROKERAGE,CUSTOMCHOICE,IRA,315249061.1,471,Y,Y,N,FSC7392545,Franklin Templeton,US Fund Real Estate,US Fund Real Estate
2025-01-31,AMERICAN FUNDS Growth Fund A,A,Equity Fund,FINET,BROKERAGE,BROKERAGE,BROKERAGE,QP,120185675.15,213,Y,N,N,FSCAPBLFOC,capital group,US Fund Large Growth,US Fund Large Growth
2025-08-31,INVESCO Allocation Fund A,A,Money Market Fund,WBS,BROKERAGE,BROKERAGE,PIM,SIM,188768702.37,183,Y,Y,N,FSC8043975,Invesco,US Fund Tactical Allocation,US Fund Tactical Allocation
2025-05-31,LORD ABBETT Estate Fund A,A,International Equity Fund,WBS,BROKERAGE,BROKERAGE,PIM,SEP,101061077.28,396,Y,Y,N,FSINVN2N0F,Lord Abbett,US Fund Real Estate,US Fund Real Estate
2025-07-31,FIDELITY Bond Fund A,A,Balanced Fund,WBS,BROKERAGE,BROKERAGE,FUNDSOURCE,NON-RETIREMENT,411301498.37,276,Y,N,Y,FSUSAP0XJP,Fidelity,US Fund Multisector Bond,US Fund Multisector Bond
2025-04-30,FRANKLIN TEMPLETON Estate Fund C,C,Bond Fund,WFAS,BROKERAGE,BROKERAGE,PIM,IRA,155697458.23,336,Y,Y,Y,FSC7392545,Franklin Templeton,US Fund Real Estate,US Fund Real Estate
2025-01-31,INVESCO Blend Fund A,A,Money Market Fund,PCG,ADVISORY,ADVISORY,CUSTOMCHOICE,SIM,7152160.6,226,Y,Y,Y,FSINVZILDX,Invesco,US Fund Large Blend,US Fund Large Blend
2025-12-31,NUVEEN Value Fund INV,INV,International Equity Fund,PCG,BROKERAGE,BROKERAGE,PERSONALIZED UMA,SIM,78635421.24,478,Y,N,N,FSC8073988,Nuveen,US Fund Large Value,US Fund Large Value
2025-04-30,T ROWE PRICE Blend Fund A,A,Bond Fund,PCG,BROKERAGE,BROKERAGE,PERSONALIZED UMA,QP,226833163.76,28,Y,Y,Y,FSUSA99GZA,T. Rowe Price,US Fund Small Blend,US Fund Small Blend
2026-02-28,LORD ABBETT Bond Fund A,A,Bond Fund,PCG,ADVISORY,ADVISORY,BROKERAGE,NON-RETIREMENT,114483458.57,409,Y,Y,Y,FSC2646842,Lord Abbett,US Fund High Yield Bond,US Fund High Yield Bond
2025-08-31,VANGUARD Allocation Fund INV,INV,International Equity Fund,PCG,BROKERAGE,BROKERAGE,CUSTOMCHOICE,QP,132270562.2,393,Y,N,Y,FSUSAMIGJS,Vanguard,US Fund Tactical Allocation,US Fund Tactical Allocation
2025-05-31,DWS FUNDS Bond Fund INST,INST,Equity Fund,PCG,BROKERAGE,BROKERAGE,FC/QC,SEP,312489116.72,35,Y,N,Y,FSCAPNRENH,DWS,US Fund High Yield Bond,US Fund High Yield Bond
2025-11-30,VANGUARD Bond Fund INST,INST,Money Market Fund,WFAS,BROKERAGE,BROKERAGE,MASTERS,SEP,72232600.97,423,Y,Y,Y,FSC4848373,Vanguard,US Fund High Yield Bond,US Fund High Yield Bond
2025-03-31,AMERICAN FUNDS Bond Fund A,A,Alternative Fund,PCG,ADVISORY,ADVISORY,FC/QC,SIM,269195555.13,170,Y,N,Y,FSUSA1CZS7,capital group,US Fund High Yield Bond,US Fund High Yield Bond
2025-10-31,JPMORGAN Allocation Fund A,A,Alternative Fund,WBS,ADVISORY,ADVISORY,PIM,IRA,62511264.59,351,Y,Y,Y,FSUSAD1XUN,JPMorgan,US Fund Moderate Allocation,US Fund Moderate Allocation
2025-11-30,BLACKROCK Blend Fund A,A,Bond Fund,WBS,BROKERAGE,BROKERAGE,PIM,IRA,371464721.17,465,Y,Y,Y,FSINV1KDAD,BlackRock,US Fund Foreign Large Blend,US Fund Foreign Large Blend
2025-11-30,T ROWE PRICE Blend Fund INST,INST,Alternative Fund,WBS,ADVISORY,ADVISORY,BROKERAGE,SIM,120694675.25,359,Y,Y,Y,FSINVVY2S9,T. Rowe Price,US Fund Large Blend,US Fund Large Blend
2025-02-28,NUVEEN Blend Fund INV,INV,Alternative Fund,PCG,ADVISORY,ADVISORY,PERSONALIZED UMA,QP,309060533.09,411,Y,Y,N,FSUSALNO19,Nuveen,US Fund Small Blend,US Fund Small Blend
2025-08-31,BLACKROCK Bond Fund INST,INST,Balanced Fund,PCG,ADVISORY,ADVISORY,MASTERS,NON-RETIREMENT,358792976.96,365,Y,N,N,FSCAPSG2R8,BlackRock,US Fund Short-Term Bond,US Fund Short-Term Bond
2026-01-31,T ROWE PRICE Blend Fund A,A,International Equity Fund,FINET,ADVISORY,ADVISORY,PIM,IRA,479737987.05,349,Y,N,Y,FSUSA99GZA,T. Rowe Price,US Fund Small Blend,US Fund Small Blend
2025-02-28,MFS Bond Fund C,C,Equity Fund,FINET,ADVISORY,ADVISORY,PIM,SEP,417933604.08,347,Y,N,Y,FSUSAR848N,MFS,US Fund Multisector Bond,US Fund Multisector Bond
2026-03-31,CAPITAL GROUP Bond Fund INST,INST,Bond Fund,PCG,ADVISORY,ADVISORY,FC/QC,NON-RETIREMENT,194035415.52,209,Y,Y,N,FSCAPU9MJ4,capital group,US Fund Intermediate Core Bond,US Fund Intermediate Core Bond
2025-02-28,VANGUARD Bond Fund INV,INV,Equity Fund,PCG,BROKERAGE,BROKERAGE,FUNDSOURCE,NON-RETIREMENT,293526844.53,213,N,Y,Y,FSUSAF3MVF,Vanguard,US Fund Short-Term Bond,US Fund Short-Term Bond
2026-03-31,AMERICAN FUNDS Bond Fund A,A,Money Market Fund,PCG,ADVISORY,ADVISORY,FC/QC,IRA,296749780.44,42,Y,Y,Y,FSUSA1CZS7,capital group,US Fund High Yield Bond,US Fund High Yield Bond
2025-08-31,FRANKLIN TEMPLETON Bond Fund INST,INST,International Equity Fund,WFAS,BROKERAGE,BROKERAGE,FC/QC,QP,243067734.75,156,Y,Y,N,FSC7967512,Franklin Templeton,US Fund Short-Term Bond,US Fund Short-Term Bond
2025-07-31,BLACKROCK Value Fund C,C,Money Market Fund,PCG,BROKERAGE,BROKERAGE,FUNDSOURCE,IRA,173784873.67,254,Y,Y,Y,FSINVHB0YI,BlackRock,US Fund Large Value,US Fund Large Value
2026-03-31,BLACKROCK Blend Fund INST,INST,Balanced Fund,PCG,BROKERAGE,BROKERAGE,ASSET ADVISOR,SIM,125257307.89,121,Y,Y,Y,FSUSA4B2GI,BlackRock,US Fund Foreign Large Blend,US Fund Foreign Large Blend
2025-10-31,FRANKLIN TEMPLETON Bond Fund INST,INST,Equity Fund,FINET,BROKERAGE,BROKERAGE,PERSONALIZED UMA,SIM,101939560.46,56,Y,Y,N,FSINVCNRVP,Franklin Templeton,US Fund Intermediate Core Bond,US Fund Intermediate Core Bond
2025-04-30,VANGUARD Bond Fund A,A,Equity Fund,FINET,ADVISORY,ADVISORY,PIM,SEP,113149789.28,199,Y,N,Y,FSINVZ17YR,Vanguard,US Fund Short-Term Bond,US Fund Short-Term Bond
2025-07-31,INVESCO Growth Fund C,C,Bond Fund,WBS,ADVISORY,ADVISORY,PIM,SIM,227414165.72,201,Y,Y,Y,FSCAP5YC33,Invesco,US Fund Small Growth,US Fund Small Growth
2025-05-31,VANGUARD Growth Fund C,C,Balanced Fund,PCG,BROKERAGE,BROKERAGE,BROKERAGE,IRA,108583133.38,382,Y,Y,Y,FSCAP2IIZJ,Vanguard,US Fund Large Growth,US Fund Large Growth
2025-05-31,CAPITAL GROUP Blend Fund A,A,Money Market Fund,PCG,BROKERAGE,BROKERAGE,MASTERS,SIM,103549003.46,407,Y,Y,Y,FSUSAYANEZ,capital group,US Fund Foreign Large Blend,US Fund Foreign Large Blend
2026-02-28,BLACKROCK Bond Fund INST,INST,International Equity Fund,PCG,ADVISORY,ADVISORY,CUSTOMCHOICE,IRA,482672614.67,428,N,Y,N,FSC6963457,BlackRock,US Fund High Yield Bond,US Fund High Yield Bond
2025-06-30,CAPITAL GROUP Bond Fund INST,INST,Bond Fund,WFAS,ADVISORY,ADVISORY,ASSET ADVISOR,QP,167453668.32,471,Y,Y,Y,FSCAPU9MJ4,capital group,US Fund Intermediate Core Bond,US Fund Intermediate Core Bond
2025-02-28,PIMCO Bond Fund S,S,Equity Fund,PCG,BROKERAGE,BROKERAGE,PERSONALIZED UMA,SIM,397594629.98,16,Y,Y,Y,FSCAP7M9HW,PIMCO,US Fund Short-Term Bond,US Fund Short-Term Bond
2025-07-31,DWS FUNDS Blend Fund INV,INV,International Equity Fund,FINET,ADVISORY,ADVISORY,MASTERS,SIM,87634667.61,38,Y,Y,N,FSINVF3PFW,DWS,US Fund Large Blend,US Fund Large Blend
2025-10-31,LORD ABBETT Bond Fund A,A,Bond Fund,PCG,ADVISORY,ADVISORY,FUNDSOURCE,SIM,305574706.33,368,Y,Y,Y,FSC2646842,Lord Abbett,US Fund High Yield Bond,US Fund High Yield Bond
2026-02-28,MFS Blend Fund A,A,Balanced Fund,PCG,ADVISORY,ADVISORY,FUNDSOURCE,IRA,330092167.8,80,Y,N,Y,FSCAPUR81B,MFS,US Fund Small Blend,US Fund Small Blend
2025-12-31,T ROWE PRICE Estate Fund S,S,Equity Fund,WBS,ADVISORY,ADVISORY,PIM,IRA,406655120.72,425,Y,Y,Y,FSINVOVNZB,T. Rowe Price,US Fund Real Estate,US Fund Real Estate
2025-08-31,JPMORGAN Allocation Fund A,A,Equity Fund,WBS,ADVISORY,ADVISORY,CUSTOMCHOICE,SIM,164914875.94,146,Y,Y,Y,FSUSAD1XUN,JPMorgan,US Fund Moderate Allocation,US Fund Moderate Allocation
2025-02-28,BLACKROCK Value Fund C,C,Alternative Fund,PCG,ADVISORY,ADVISORY,FUNDSOURCE,QP,251417332.91,87,Y,N,Y,FSINVHB0YI,BlackRock,US Fund Large Value,US Fund Large Value
2025-05-31,NUVEEN Value Fund INV,INV,Money Market Fund,WBS,ADVISORY,ADVISORY,MASTERS,QP,44672355.34,205,Y,Y,Y,FSC8073988,Nuveen,US Fund Large Value,US Fund Large Value
2026-02-28,NUVEEN Blend Fund INV,INV,Bond Fund,WBS,ADVISORY,ADVISORY,CUSTOMCHOICE,SIM,54304991.18,291,Y,Y,Y,FSUSALNO19,Nuveen,US Fund Small Blend,US Fund Small Blend
2025-11-30,FRANKLIN TEMPLETON Bond Fund INST,INST,Bond Fund,WFAS,BROKERAGE,BROKERAGE,MASTERS,QP,427933096.84,298,Y,Y,N,FSC7967512,Franklin Templeton,US Fund Short-Term Bond,US Fund Short-Term Bond
2025-12-31,DWS FUNDS Allocation Fund A,A,Money Market Fund,WBS,BROKERAGE,BROKERAGE,FC/QC,IRA,360928808.97,122,Y,Y,Y,FSCAPPGOXS,DWS,US Fund Moderate Allocation,US Fund Moderate Allocation
2025-01-31,BLACKROCK Bond Fund INST,INST,Equity Fund,WFAS,BROKERAGE,BROKERAGE,ASSET ADVISOR,SEP,297189235.88,369,Y,Y,Y,FSC6963457,BlackRock,US Fund High Yield Bond,US Fund High Yield Bond
2025-10-31,LORD ABBETT Estate Fund A,A,Balanced Fund,WFAS,BROKERAGE,BROKERAGE,FUNDSOURCE,SIM,403542911.72,473,Y,N,Y,FSINVN2N0F,Lord Abbett,US Fund Real Estate,US Fund Real Estate
2025-01-31,VANGUARD Allocation Fund INV,INV,Balanced Fund,PCG,ADVISORY,ADVISORY,FUNDSOURCE,SIM,17217116.82,272,Y,Y,N,FSUSAMIGJS,Vanguard,US Fund Tactical Allocation,US Fund Tactical Allocation
2025-01-31,FIDELITY Bond Fund A,A,Bond Fund,PCG,BROKERAGE,BROKERAGE,FUNDSOURCE,QP,469912273.03,52,Y,Y,Y,FSUSAP0XJP,Fidelity,US Fund Multisector Bond,US Fund Multisector Bond
2025-10-31,BLACKROCK Blend Fund INST,INST,Money Market Fund,WFAS,ADVISORY,ADVISORY,FUNDSOURCE,SIM,81987693.9,9,Y,Y,Y,FSUSA4B2GI,BlackRock,US Fund Foreign Large Blend,US Fund Foreign Large Blend
2025-09-30,DWS FUNDS Allocation Fund A,A,Balanced Fund,WFAS,ADVISORY,ADVISORY,FC/QC,SIM,530601.78,328,Y,Y,Y,FSCAPPGOXS,DWS,US Fund Moderate Allocation,US Fund Moderate Allocation
2025-11-30,FRANKLIN TEMPLETON Bond Fund INST,INST,Balanced Fund,WBS,BROKERAGE,BROKERAGE,FUNDSOURCE,QP,204048792.51,245,Y,Y,N,FSINVCNRVP,Franklin Templeton,US Fund Intermediate Core Bond,US Fund Intermediate Core Bond
2025-10-31,JPMORGAN Value Fund S,S,Alternative Fund,PCG,ADVISORY,ADVISORY,BROKERAGE,QP,473139289.21,175,Y,Y,Y,FSUSAS5BKX,JPMorgan,US Fund Large Value,US Fund Large Value
2025-08-31,NUVEEN Estate Fund A,A,Alternative Fund,PCG,BROKERAGE,BROKERAGE,BROKERAGE,SEP,258766208.54,258,Y,Y,N,FSCAP9SFEF,Nuveen,US Fund Real Estate,US Fund Real Estate
2025-04-30,JPMORGAN Bond Fund A,A,International Equity Fund,PCG,BROKERAGE,BROKERAGE,CUSTOMCHOICE,SIM,419568155.61,215,Y,Y,Y,FSCAP0TE0V,JPMorgan,US Fund Multisector Bond,US Fund Multisector Bond
2026-03-31,MFS Bond Fund C,C,Balanced Fund,PCG,ADVISORY,ADVISORY,BROKERAGE,SEP,7113940.95,47,Y,Y,N,FSUSAR848N,MFS,US Fund Multisector Bond,US Fund Multisector Bond
2026-01-31,BLACKROCK Value Fund C,C,Equity Fund,FINET,ADVISORY,ADVISORY,BROKERAGE,IRA,458186638.02,344,Y,N,Y,FSINVHB0YI,BlackRock,US Fund Large Value,US Fund Large Value
2025-09-30,LORD ABBETT Estate Fund A,A,Money Market Fund,PCG,ADVISORY,ADVISORY,PERSONALIZED UMA,NON-RETIREMENT,315420529.14,373,Y,Y,Y,FSINVN2N0F,Lord Abbett,US Fund Real Estate,US Fund Real Estate
2025-04-30,BLACKROCK Blend Fund INST,INST,Equity Fund,FINET,BROKERAGE,BROKERAGE,MASTERS,IRA,105373391.3,295,Y,N,Y,FSUSA4B2GI,BlackRock,US Fund Foreign Large Blend,US Fund Foreign Large Blend
2025-09-30,FRANKLIN TEMPLETON Value Fund INST,INST,Equity Fund,PCG,ADVISORY,ADVISORY,PIM,SEP,62970033.06,339,Y,Y,Y,FSINV8HE3N,Franklin Templeton,US Fund Large Value,US Fund Large Value
2025-06-30,FRANKLIN TEMPLETON Blend Fund C,C,International Equity Fund,PCG,BROKERAGE,BROKERAGE,BROKERAGE,NON-RETIREMENT,377860271.72,308,Y,N,Y,FSC8379085,Franklin Templeton,US Fund Mid-Cap Blend,US Fund Mid-Cap Blend
2025-11-30,FIRST EAGLE Blend Fund C,C,Bond Fund,PCG,ADVISORY,ADVISORY,PIM,QP,224267940.92,320,Y,Y,Y,FSC7422675,First Eagle,US Fund Small Blend,US Fund Small Blend
2026-01-31,PIMCO Allocation Fund A,A,International Equity Fund,PCG,BROKERAGE,BROKERAGE,PERSONALIZED UMA,SIM,493629040.21,200,Y,Y,Y,FSC3796172,PIMCO,US Fund Moderate Allocation,US Fund Moderate Allocation
2026-02-28,FIRST EAGLE Blend Fund C,C,Balanced Fund,WBS,BROKERAGE,BROKERAGE,ASSET ADVISOR,NON-RETIREMENT,390560772.19,426,Y,Y,Y,FSC7422675,First Eagle,US Fund Small Blend,US Fund Small Blend
2025-09-30,INVESCO Bond Fund A,A,Balanced Fund,WBS,ADVISORY,ADVISORY,FUNDSOURCE,IRA,264047308.04,262,Y,Y,Y,FSC9366170,Invesco,US Fund Intermediate Core Bond,US Fund Intermediate Core Bond
2025-11-30,FRANKLIN TEMPLETON Bond Fund INST,INST,Alternative Fund,FINET,ADVISORY,ADVISORY,PERSONALIZED UMA,IRA,90221246.33,386,Y,Y,N,FSC7967512,Franklin Templeton,US Fund Short-Term Bond,US Fund Short-Term Bond
2025-02-28,INVESCO Bond Fund A,A,Equity Fund,PCG,ADVISORY,ADVISORY,PIM,IRA,111269869.51,423,Y,Y,Y,FSC9366170,Invesco,US Fund Intermediate Core Bond,US Fund Intermediate Core Bond
2025-01-31,INVESCO Bond Fund A,A,Money Market Fund,WFAS,ADVISORY,ADVISORY,PERSONALIZED UMA,SIM,35784393.67,70,N,N,N,FSCAPRK315,Invesco,US Fund Intermediate Core Bond,US Fund Intermediate Core Bond
2025-09-30,T ROWE PRICE Blend Fund A,A,Bond Fund,FINET,BROKERAGE,BROKERAGE,BROKERAGE,NON-RETIREMENT,265356511.86,228,Y,Y,Y,FSUSA99GZA,T. Rowe Price,US Fund Small Blend,US Fund Small Blend
2025-10-31,JPMORGAN Allocation Fund A,A,Alternative Fund,PCG,BROKERAGE,BROKERAGE,BROKERAGE,NON-RETIREMENT,208851967.9,194,Y,Y,Y,FSUSAD1XUN,JPMorgan,US Fund Moderate Allocation,US Fund Moderate Allocation
2025-05-31,FIRST EAGLE Blend Fund C,C,Bond Fund,WBS,BROKERAGE,BROKERAGE,FC/QC,SEP,170834752.16,451,Y,Y,Y,FSC7422675,First Eagle,US Fund Small Blend,US Fund Small Blend
2026-02-28,BLACKROCK Blend Fund INST,INST,Alternative Fund,WFAS,ADVISORY,ADVISORY,PIM,IRA,347207295.35,159,Y,Y,Y,FSUSA4B2GI,BlackRock,US Fund Foreign Large Blend,US Fund Foreign Large Blend
2025-08-31,VANGUARD Bond Fund A,A,Balanced Fund,WFAS,BROKERAGE,BROKERAGE,CUSTOMCHOICE,SEP,69790989.94,215,Y,N,Y,FSC4693666,Vanguard,US Fund Intermediate Core Bond,US Fund Intermediate Core Bond
2025-12-31,DWS FUNDS Bond Fund A,A,Equity Fund,WBS,ADVISORY,ADVISORY,ASSET ADVISOR,IRA,157371427.94,222,Y,Y,Y,FSUSA4DZT8,DWS,US Fund Multisector Bond,US Fund Multisector Bond
2025-02-28,BLACKROCK Bond Fund INST,INST,Alternative Fund,WBS,ADVISORY,ADVISORY,FC/QC,SIM,496593775.16,333,Y,Y,Y,FSCAPSG2R8,BlackRock,US Fund Short-Term Bond,US Fund Short-Term Bond
2025-01-31,NUVEEN Estate Fund A,A,International Equity Fund,WBS,BROKERAGE,BROKERAGE,FUNDSOURCE,IRA,429747539.0,115,Y,Y,Y,FSCAP9SFEF,Nuveen,US Fund Real Estate,US Fund Real Estate
2025-06-30,MFS Blend Fund A,A,Bond Fund,WBS,ADVISORY,ADVISORY,MASTERS,SEP,188442335.84,353,Y,Y,Y,FSCAPO8FAQ,MFS,US Fund Mid-Cap Blend,US Fund Mid-Cap Blend
2025-04-30,VANGUARD Growth Fund A,A,Balanced Fund,WFAS,ADVISORY,ADVISORY,CUSTOMCHOICE,SEP,384664917.86,232,Y,Y,N,FSCAP3Y8BT,Vanguard,US Fund Large Growth,US Fund Large Growth
2025-12-31,BLACKROCK Bond Fund INST,INST,Alternative Fund,WBS,ADVISORY,ADVISORY,CUSTOMCHOICE,SIM,96229613.75,279,Y,Y,N,FSC6963457,BlackRock,US Fund High Yield Bond,US Fund High Yield Bond
2025-11-30,BLACKROCK Value Fund C,C,Money Market Fund,WFAS,BROKERAGE,BROKERAGE,ASSET ADVISOR,SIM,55095343.58,269,Y,Y,Y,FSINVW6LMH,BlackRock,US Fund Large Value,US Fund Large Value
2026-03-31,MFS Bond Fund C,C,Money Market Fund,WBS,BROKERAGE,BROKERAGE,MASTERS,SIM,209012425.11,413,Y,N,Y,FSUSAR848N,MFS,US Fund Multisector Bond,US Fund Multisector Bond
2025-01-31,INVESCO Bond Fund A,A,Alternative Fund,WBS,ADVISORY,ADVISORY,MASTERS,SIM,280155177.27,228,Y,Y,Y,FSC9366170,Invesco,US Fund Intermediate Core Bond,US Fund Intermediate Core Bond
2025-10-31,CAPITAL GROUP Blend Fund A,A,Equity Fund,PCG,BROKERAGE,BROKERAGE,CUSTOMCHOICE,NON-RETIREMENT,361965810.02,488,Y,N,Y,FSCAPVVD5U,capital group,US Fund Small Blend,US Fund Small Blend
2026-03-31,FRANKLIN TEMPLETON Blend Fund C,C,International Equity Fund,PCG,BROKERAGE,BROKERAGE,BROKERAGE,SIM,92755628.1,124,Y,Y,Y,FSC8379085,Franklin Templeton,US Fund Mid-Cap Blend,US Fund Mid-Cap Blend
2025-06-30,JPMORGAN Allocation Fund A,A,Equity Fund,PCG,ADVISORY,ADVISORY,CUSTOMCHOICE,SEP,269409177.42,272,Y,N,Y,FSUSAD1XUN,JPMorgan,US Fund Moderate Allocation,US Fund Moderate Allocation
2025-01-31,VANGUARD Growth Fund A,A,Bond Fund,PCG,BROKERAGE,BROKERAGE,BROKERAGE,NON-RETIREMENT,452294240.28,82,Y,Y,Y,FSCAP853QJ,Vanguard,US Fund Large Growth,US Fund Large Growth
2026-02-28,CAPITAL GROUP Growth Fund A,A,Money Market Fund,PCG,BROKERAGE,BROKERAGE,FC/QC,SEP,221542267.65,219,Y,Y,Y,FSINV8R1QP,capital group,US Fund Small Growth,US Fund Small Growth
2025-02-28,FIDELITY Bond Fund A,A,Balanced Fund,FINET,ADVISORY,ADVISORY,BROKERAGE,QP,208942245.6,436,Y,N,Y,FSUSAP0XJP,Fidelity,US Fund Multisector Bond,US Fund Multisector Bond
2025-11-30,FRANKLIN TEMPLETON Growth Fund INST,INST,Equity Fund,WBS,ADVISORY,ADVISORY,CUSTOMCHOICE,NON-RETIREMENT,10191344.07,88,Y,Y,Y,FSUSA9SEXI,Franklin Templeton,US Fund Small Growth,US Fund Small Growth
2026-01-31,JPMORGAN Allocation Fund INST,INST,Money Market Fund,PCG,BROKERAGE,BROKERAGE,FUNDSOURCE,SIM,104708124.6,204,Y,Y,Y,FSCAPZ4DKB,JPMorgan,US Fund Tactical Allocation,US Fund Tactical Allocation
2025-01-31,DWS FUNDS Blend Fund INV,INV,Money Market Fund,PCG,ADVISORY,ADVISORY,CUSTOMCHOICE,QP,384755402.42,121,Y,N,Y,FSINVF3PFW,DWS,US Fund Large Blend,US Fund Large Blend
2025-01-31,BLACKROCK Value Fund C,C,Alternative Fund,WFAS,ADVISORY,ADVISORY,PERSONALIZED UMA,SEP,285503046.64,324,Y,N,Y,FSINVHB0YI,BlackRock,US Fund Large Value,US Fund Large Value
2026-02-28,CAPITAL GROUP Growth Fund A,A,Equity Fund,PCG,BROKERAGE,BROKERAGE,BROKERAGE,IRA,194125179.19,121,Y,Y,N,FSINVHRONH,capital group,US Fund Large Growth,US Fund Large Growth
2025-09-30,PIMCO Blend Fund A,A,Balanced Fund,WFAS,ADVISORY,ADVISORY,ASSET ADVISOR,SEP,375077704.7,274,Y,Y,N,FSINVNDQ6K,PIMCO,US Fund Small Blend,US Fund Small Blend
2025-03-31,AMERICAN FUNDS Bond Fund INST,INST,Equity Fund,WBS,ADVISORY,ADVISORY,ASSET ADVISOR,IRA,255749484.59,270,Y,Y,Y,FSC0723107,capital group,US Fund High Yield Bond,US Fund High Yield Bond
2025-12-31,INVESCO Bond Fund A,A,Equity Fund,FINET,ADVISORY,ADVISORY,CUSTOMCHOICE,SIM,445510539.57,152,Y,Y,Y,FSCAPRK315,Invesco,US Fund Intermediate Core Bond,US Fund Intermediate Core Bond
2025-10-31,PIMCO Blend Fund A,A,Alternative Fund,PCG,BROKERAGE,BROKERAGE,ASSET ADVISOR,SIM,445609431.72,69,Y,Y,N,FSCAPPXIH2,PIMCO,US Fund Mid-Cap Blend,US Fund Mid-Cap Blend
2025-07-31,INVESCO Bond Fund A,A,Balanced Fund,WBS,BROKERAGE,BROKERAGE,PIM,SIM,436826508.12,114,Y,Y,Y,FSCAPRK315,Invesco,US Fund Intermediate Core Bond,US Fund Intermediate Core Bond
2025-01-31,BLACKROCK Bond Fund INST,INST,Balanced Fund,WFAS,BROKERAGE,BROKERAGE,CUSTOMCHOICE,NON-RETIREMENT,387104724.86,293,Y,Y,Y,FSCAPSG2R8,BlackRock,US Fund Short-Term Bond,US Fund Short-Term Bond
2025-08-31,INVESCO Growth Fund C,C,Equity Fund,PCG,ADVISORY,ADVISORY,PERSONALIZED UMA,NON-RETIREMENT,308291640.74,192,Y,Y,Y,FSCAP5YC33,Invesco,US Fund Small Growth,US Fund Small Growth
2025-11-30,BLACKROCK Bond Fund INST,INST,Money Market Fund,PCG,BROKERAGE,BROKERAGE,FC/QC,SIM,47188246.78,277,Y,N,Y,FSCAPSG2R8,BlackRock,US Fund Short-Term Bond,US Fund Short-Term Bond
2025-08-31,NUVEEN Value Fund INV,INV,International Equity Fund,PCG,BROKERAGE,BROKERAGE,PIM,SEP,127771070.89,415,Y,Y,Y,FSC8073988,Nuveen,US Fund Large Value,US Fund Large Value
2025-12-31,INVESCO Allocation Fund S,S,International Equity Fund,FINET,ADVISORY,ADVISORY,CUSTOMCHOICE,NON-RETIREMENT,2942982.79,401,Y,N,N,FSINV12SDD,Invesco,US Fund Tactical Allocation,US Fund Tactical Allocation
2025-06-30,INVESCO Bond Fund C,C,International Equity Fund,PCG,BROKERAGE,BROKERAGE,PIM,NON-RETIREMENT,55375797.04,226,Y,Y,Y,FSUSAFVJ1Z,Invesco,US Fund Short-Term Bond,US Fund Short-Term Bond
2025-07-31,FIRST EAGLE Estate Fund INST,INST,Equity Fund,PCG,BROKERAGE,BROKERAGE,PIM,IRA,238639378.12,117,N,Y,Y,FSUSAS7SPG,First Eagle,US Fund Real Estate,US Fund Real Estate
2025-02-28,JPMORGAN Allocation Fund INST,INST,Bond Fund,FINET,ADVISORY,ADVISORY,BROKERAGE,NON-RETIREMENT,409176957.68,353,Y,Y,Y,FSCAPZ4DKB,JPMorgan,US Fund Tactical Allocation,US Fund Tactical Allocation
2025-08-31,FIRST EAGLE Blend Fund C,C,Bond Fund,PCG,ADVISORY,ADVISORY,FUNDSOURCE,QP,115215385.42,492,Y,Y,N,FSC7422675,First Eagle,US Fund Small Blend,US Fund Small Blend
2025-08-31,PIMCO Allocation Fund A,A,Bond Fund,PCG,BROKERAGE,BROKERAGE,MASTERS,NON-RETIREMENT,421496220.91,288,Y,N,Y,FSC3796172,PIMCO,US Fund Moderate Allocation,US Fund Moderate Allocation
2025-01-31,CAPITAL GROUP Growth Fund A,A,Equity Fund,FINET,ADVISORY,ADVISORY,MASTERS,QP,205761774.79,126,Y,Y,Y,FSINVHRONH,capital group,US Fund Large Growth,US Fund Large Growth
2026-01-31,VANGUARD Bond Fund INV,INV,Balanced Fund,WFAS,ADVISORY,ADVISORY,PERSONALIZED UMA,IRA,167323226.86,15,Y,Y,Y,FSUSAF3MVF,Vanguard,US Fund Short-Term Bond,US Fund Short-Term Bond
2025-08-31,NUVEEN Growth Fund S,S,International Equity Fund,PCG,ADVISORY,ADVISORY,BROKERAGE,SIM,126604711.8,132,Y,Y,Y,FSCAPUT3V8,Nuveen,US Fund Small Growth,US Fund Small Growth
2025-08-31,INVESCO Bond Fund C,C,Alternative Fund,WFAS,ADVISORY,ADVISORY,BROKERAGE,IRA,100244628.77,132,Y,Y,N,FSUSAFVJ1Z,Invesco,US Fund Short-Term Bond,US Fund Short-Term Bond
2026-03-31,JPMORGAN Growth Fund INV,INV,Alternative Fund,PCG,BROKERAGE,BROKERAGE,PERSONALIZED UMA,NON-RETIREMENT,239457472.71,400,Y,Y,Y,FSINVVT0VG,JPMorgan,US Fund Large Growth,US Fund Large Growth
2025-08-31,VANGUARD Growth Fund A,A,Alternative Fund,PCG,ADVISORY,ADVISORY,BROKERAGE,SEP,425608106.05,408,Y,Y,Y,FSCAP853QJ,Vanguard,US Fund Large Growth,US Fund Large Growth
2025-09-30,PIMCO Bond Fund S,S,International Equity Fund,WBS,ADVISORY,ADVISORY,FUNDSOURCE,QP,319721903.43,183,Y,Y,Y,FSCAP7M9HW,PIMCO,US Fund Short-Term Bond,US Fund Short-Term Bond
2025-11-30,CAPITAL GROUP Bond Fund INST,INST,International Equity Fund,PCG,ADVISORY,ADVISORY,FUNDSOURCE,SEP,58527504.18,10,Y,Y,Y,FSCAPU9MJ4,capital group,US Fund Intermediate Core Bond,US Fund Intermediate Core Bond
2025-08-31,CAPITAL GROUP Bond Fund INST,INST,Money Market Fund,FINET,ADVISORY,ADVISORY,FC/QC,QP,144870060.86,287,Y,Y,Y,FSINV6Z5AS,capital group,US Fund Intermediate Core Bond,US Fund Intermediate Core Bond
2025-04-30,VANGUARD Bond Fund A,A,Money Market Fund,WBS,ADVISORY,ADVISORY,PIM,NON-RETIREMENT,130849335.86,332,Y,Y,Y,FSINVZ17YR,Vanguard,US Fund Short-Term Bond,US Fund Short-Term Bond
2026-03-31,DWS FUNDS Blend Fund INV,INV,International Equity Fund,FINET,ADVISORY,ADVISORY,FUNDSOURCE,QP,110145781.66,108,N,N,Y,FSINVF3PFW,DWS,US Fund Large Blend,US Fund Large Blend
2025-06-30,JPMORGAN Allocation Fund INST,INST,Money Market Fund,FINET,ADVISORY,ADVISORY,BROKERAGE,QP,326749025.56,178,Y,Y,Y,FSCAPZ4DKB,JPMorgan,US Fund Tactical Allocation,US Fund Tactical Allocation
2026-03-31,INVESCO Blend Fund A,A,Equity Fund,FINET,ADVISORY,ADVISORY,ASSET ADVISOR,IRA,127016729.91,415,Y,N,Y,FSINVZILDX,Invesco,US Fund Large Blend,US Fund Large Blend
2025-05-31,JPMORGAN Bond Fund A,A,Alternative Fund,PCG,BROKERAGE,BROKERAGE,PERSONALIZED UMA,SIM,18518627.57,390,Y,Y,Y,FSCAP0TE0V,JPMorgan,US Fund Multisector Bond,US Fund Multisector Bond
2025-08-31,INVESCO Bond Fund A,A,Balanced Fund,FINET,ADVISORY,ADVISORY,FC/QC,SEP,287503321.52,485,Y,Y,Y,FSCAPRK315,Invesco,US Fund Intermediate Core Bond,US Fund Intermediate Core Bond
2025-11-30,LORD ABBETT Blend Fund INST,INST,Equity Fund,FINET,ADVISORY,ADVISORY,PIM,SIM,102836695.48,460,Y,N,Y,FSINVDZ4HR,Lord Abbett,US Fund Foreign Large Blend,US Fund Foreign Large Blend
2026-03-31,CAPITAL GROUP Blend Fund A,A,Equity Fund,WFAS,ADVISORY,ADVISORY,MASTERS,IRA,352895549.96,255,N,Y,Y,FSCAPVVD5U,capital group,US Fund Small Blend,US Fund Small Blend
2026-03-31,JPMORGAN Growth Fund INV,INV,Alternative Fund,WBS,ADVISORY,ADVISORY,CUSTOMCHOICE,IRA,448926433.24,258,Y,Y,Y,FSINVVT0VG,JPMorgan,US Fund Large Growth,US Fund Large Growth
2025-11-30,FRANKLIN TEMPLETON Value Fund INST,INST,International Equity Fund,WFAS,BROKERAGE,BROKERAGE,ASSET ADVISOR,SIM,160171328.58,237,Y,Y,Y,FSINV8HE3N,Franklin Templeton,US Fund Large Value,US Fund Large Value
2025-02-28,FRANKLIN TEMPLETON Value Fund INST,INST,Balanced Fund,WBS,ADVISORY,ADVISORY,PERSONALIZED UMA,QP,458603605.82,215,Y,N,N,FSINV8HE3N,Franklin Templeton,US Fund Large Value,US Fund Large Value
2025-06-30,DWS FUNDS Blend Fund INV,INV,International Equity Fund,FINET,BROKERAGE,BROKERAGE,ASSET ADVISOR,QP,484401076.72,431,Y,N,Y,FSINVF3PFW,DWS,US Fund Large Blend,US Fund Large Blend
2026-01-31,MFS Blend Fund A,A,International Equity Fund,FINET,ADVISORY,ADVISORY,PIM,NON-RETIREMENT,129164409.32,490,Y,Y,N,FSCAPO8FAQ,MFS,US Fund Mid-Cap Blend,US Fund Mid-Cap Blend
2025-11-30,MFS Blend Fund A,A,Alternative Fund,PCG,ADVISORY,ADVISORY,PIM,QP,389204493.82,449,Y,Y,Y,FSCAPUR81B,MFS,US Fund Small Blend,US Fund Small Blend
2025-04-30,JPMORGAN Growth Fund INV,INV,Equity Fund,WBS,ADVISORY,ADVISORY,PIM,SEP,282764443.6,498,Y,Y,Y,FSINVVT0VG,JPMorgan,US Fund Large Growth,US Fund Large Growth
2026-02-28,FIDELITY Blend Fund A,A,Equity Fund,WBS,ADVISORY,ADVISORY,MASTERS,SEP,1183157.25,31,Y,Y,Y,FSUSA4BHGL,Fidelity,US Fund Small Blend,US Fund Small Blend
2025-07-31,AMERICAN FUNDS Bond Fund A,A,Equity Fund,PCG,ADVISORY,ADVISORY,BROKERAGE,SIM,156208673.38,398,Y,N,Y,FSUSA1CZS7,capital group,US Fund High Yield Bond,US Fund High Yield Bond
2025-10-31,FIRST EAGLE Estate Fund INST,INST,Bond Fund,FINET,ADVISORY,ADVISORY,PIM,SEP,76976709.19,474,Y,Y,N,FSUSAS7SPG,First Eagle,US Fund Real Estate,US Fund Real Estate
2025-10-31,MFS Blend Fund A,A,Balanced Fund,WBS,BROKERAGE,BROKERAGE,ASSET ADVISOR,QP,240246262.77,100,Y,Y,N,FSCAPO8FAQ,MFS,US Fund Mid-Cap Blend,US Fund Mid-Cap Blend
2025-05-31,LORD ABBETT Bond Fund A,A,International Equity Fund,WFAS,ADVISORY,ADVISORY,PERSONALIZED UMA,QP,351138093.92,482,Y,N,N,FSC2646842,Lord Abbett,US Fund High Yield Bond,US Fund High Yield Bond
2026-03-31,CAPITAL GROUP Bond Fund INST,INST,Alternative Fund,PCG,ADVISORY,ADVISORY,PIM,NON-RETIREMENT,486960730.11,382,Y,Y,Y,FSINV6Z5AS,capital group,US Fund Intermediate Core Bond,US Fund Intermediate Core Bond
2026-01-31,CAPITAL GROUP Blend Fund INST,INST,Money Market Fund,WFAS,ADVISORY,ADVISORY,ASSET ADVISOR,QP,161940089.72,366,Y,N,Y,FSC7363842,capital group,US Fund Small Blend,US Fund Small Blend
2026-03-31,FRANKLIN TEMPLETON Growth Fund INST,INST,Equity Fund,PCG,ADVISORY,ADVISORY,CUSTOMCHOICE,SEP,188541469.88,407,Y,Y,Y,FSUSA9SEXI,Franklin Templeton,US Fund Small Growth,US Fund Small Growth
2025-07-31,CAPITAL GROUP Blend Fund A,A,Money Market Fund,WFAS,BROKERAGE,BROKERAGE,PIM,NON-RETIREMENT,240174394.53,1,Y,N,N,FSCAPVVD5U,capital group,US Fund Small Blend,US Fund Small Blend
2025-12-31,BLACKROCK Blend Fund INST,INST,Money Market Fund,WBS,BROKERAGE,BROKERAGE,FC/QC,NON-RETIREMENT,370657542.03,167,Y,N,Y,FSUSA4B2GI,BlackRock,US Fund Foreign Large Blend,US Fund Foreign Large Blend
2025-12-31,FRANKLIN TEMPLETON Blend Fund C,C,International Equity Fund,WBS,ADVISORY,ADVISORY,BROKERAGE,SEP,105369079.35,281,Y,Y,Y,FSC8379085,Franklin Templeton,US Fund Mid-Cap Blend,US Fund Mid-Cap Blend
2025-07-31,INVESCO Blend Fund A,A,Money Market Fund,WFAS,ADVISORY,ADVISORY,BROKERAGE,NON-RETIREMENT,369134372.46,160,Y,Y,Y,FSINVZILDX,Invesco,US Fund Large Blend,US Fund Large Blend
2025-10-31,PIMCO Allocation Fund A,A,Money Market Fund,WBS,ADVISORY,ADVISORY,MASTERS,SIM,63099035.92,215,Y,Y,N,FSC3796172,PIMCO,US Fund Moderate Allocation,US Fund Moderate Allocation
2025-03-31,MFS Bond Fund C,C,Bond Fund,PCG,BROKERAGE,BROKERAGE,FC/QC,QP,10770180.7,356,Y,Y,Y,FSUSAR848N,MFS,US Fund Multisector Bond,US Fund Multisector Bond
2025-01-31,BLACKROCK Bond Fund INST,INST,Equity Fund,PCG,BROKERAGE,BROKERAGE,FUNDSOURCE,SEP,14804379.55,320,Y,Y,Y,FSCAPSG2R8,BlackRock,US Fund Short-Term Bond,US Fund Short-Term Bond
2025-03-31,FIDELITY Bond Fund A,A,Alternative Fund,FINET,BROKERAGE,BROKERAGE,FC/QC,SIM,219554339.89,208,N,Y,Y,FSUSAP0XJP,Fidelity,US Fund Multisector Bond,US Fund Multisector Bond
2025-12-31,PIMCO Allocation Fund A,A,Alternative Fund,PCG,BROKERAGE,BROKERAGE,ASSET ADVISOR,SIM,488919496.67,143,Y,Y,Y,FSC3796172,PIMCO,US Fund Moderate Allocation,US Fund Moderate Allocation
2025-12-31,JPMORGAN Allocation Fund A,A,International Equity Fund,PCG,ADVISORY,ADVISORY,BROKERAGE,SEP,277032564.3,35,Y,N,Y,FSUSAD1XUN,JPMorgan,US Fund Moderate Allocation,US Fund Moderate Allocation
2025-08-31,JPMORGAN Bond Fund A,A,Money Market Fund,PCG,ADVISORY,ADVISORY,PERSONALIZED UMA,QP,378616141.66,468,Y,Y,Y,FSCAP0TE0V,JPMorgan,US Fund Multisector Bond,US Fund Multisector Bond
2025-03-31,AMERICAN FUNDS Bond Fund A,A,Equity Fund,PCG,ADVISORY,ADVISORY,PERSONALIZED UMA,IRA,496452007.39,179,Y,N,Y,FSUSA1CZS7,capital group,US Fund High Yield Bond,US Fund High Yield Bond
2025-10-31,FIRST EAGLE Estate Fund INST,INST,Money Market Fund,PCG,BROKERAGE,BROKERAGE,PERSONALIZED UMA,SEP,144682422.39,65,Y,Y,Y,FSUSAS7SPG,First Eagle,US Fund Real Estate,US Fund Real Estate
2026-02-28,CAPITAL GROUP Bond Fund INST,INST,International Equity Fund,FINET,BROKERAGE,BROKERAGE,FC/QC,NON-RETIREMENT,466392115.42,163,Y,Y,N,FSCAPU9MJ4,capital group,US Fund Intermediate Core Bond,US Fund Intermediate Core Bond
2025-06-30,FRANKLIN TEMPLETON Estate Fund C,C,Alternative Fund,PCG,ADVISORY,ADVISORY,CUSTOMCHOICE,SEP,332772760.71,33,Y,Y,Y,FSC7392545,Franklin Templeton,US Fund Real Estate,US Fund Real Estate
2026-02-28,DWS FUNDS Bond Fund INST,INST,Balanced Fund,FINET,BROKERAGE,BROKERAGE,ASSET ADVISOR,QP,100418030.26,450,Y,Y,Y,FSCAPNRENH,DWS,US Fund High Yield Bond,US Fund High Yield Bond
2025-08-31,FRANKLIN TEMPLETON Blend Fund C,C,Balanced Fund,PCG,BROKERAGE,BROKERAGE,PIM,QP,323200532.87,343,Y,N,Y,FSC8379085,Franklin Templeton,US Fund Mid-Cap Blend,US Fund Mid-Cap Blend
2025-02-28,FIRST EAGLE Estate Fund INST,INST,Equity Fund,PCG,ADVISORY,ADVISORY,FC/QC,SEP,341637420.71,40,Y,N,N,FSUSAS7SPG,First Eagle,US Fund Real Estate,US Fund Real Estate
2026-01-31,FIDELITY Blend Fund C,C,Bond Fund,PCG,ADVISORY,ADVISORY,CUSTOMCHOICE,SEP,451478665.67,397,Y,N,Y,FSUSAVKKPF,Fidelity,US Fund Large Blend,US Fund Large Blend
2025-02-28,VANGUARD Growth Fund A,A,Bond Fund,FINET,ADVISORY,ADVISORY,PERSONALIZED UMA,IRA,307731003.52,275,Y,N,Y,FSCAP853QJ,Vanguard,US Fund Large Growth,US Fund Large Growth
2025-04-30,DWS FUNDS Allocation Fund A,A,Balanced Fund,FINET,ADVISORY,ADVISORY,ASSET ADVISOR,NON-RETIREMENT,447126071.41,264,Y,N,Y,FSCAPPGOXS,DWS,US Fund Moderate Allocation,US Fund Moderate Allocation
2025-12-31,INVESCO Growth Fund C,C,Balanced Fund,WFAS,ADVISORY,ADVISORY,BROKERAGE,SEP,426389209.28,466,N,Y,Y,FSCAP5YC33,Invesco,US Fund Small Growth,US Fund Small Growth
2025-04-30,DWS FUNDS Bond Fund A,A,Equity Fund,FINET,ADVISORY,ADVISORY,PIM,IRA,276455451.43,380,Y,N,Y,FSCAPZUVDG,DWS,US Fund High Yield Bond,US Fund High Yield Bond
2025-12-31,AMERICAN FUNDS Bond Fund INST,INST,International Equity Fund,WFAS,ADVISORY,ADVISORY,FC/QC,QP,295169960.53,325,Y,Y,Y,FSC0723107,capital group,US Fund High Yield Bond,US Fund High Yield Bond
2025-02-28,FRANKLIN TEMPLETON Value Fund INST,INST,Balanced Fund,WBS,ADVISORY,ADVISORY,FC/QC,IRA,444859681.45,492,Y,Y,N,FSINV8HE3N,Franklin Templeton,US Fund Large Value,US Fund Large Value
2026-03-31,FRANKLIN TEMPLETON Growth Fund INST,INST,Money Market Fund,WBS,ADVISORY,ADVISORY,MASTERS,NON-RETIREMENT,252884783.7,77,Y,N,Y,FSUSA9SEXI,Franklin Templeton,US Fund Small Growth,US Fund Small Growth
2026-02-28,DWS FUNDS Bond Fund C,C,Equity Fund,FINET,ADVISORY,ADVISORY,PERSONALIZED UMA,SEP,310965915.63,422,Y,N,Y,FSC8694117,DWS,US Fund Intermediate Core Bond,US Fund Intermediate Core Bond
2025-10-31,LORD ABBETT Bond Fund A,A,Equity Fund,PCG,ADVISORY,ADVISORY,CUSTOMCHOICE,IRA,122383489.47,41,Y,Y,Y,FSC2646842,Lord Abbett,US Fund High Yield Bond,US Fund High Yield Bond
2025-11-30,INVESCO Bond Fund A,A,Equity Fund,FINET,ADVISORY,ADVISORY,FC/QC,SIM,177243699.43,436,Y,Y,Y,FSCAPRK315,Invesco,US Fund Intermediate Core Bond,US Fund Intermediate Core Bond
2025-05-31,DWS FUNDS Bond Fund A,A,Equity Fund,FINET,BROKERAGE,BROKERAGE,MASTERS,NON-RETIREMENT,463562476.31,292,Y,Y,Y,FSCAPZUVDG,DWS,US Fund High Yield Bond,US Fund High Yield Bond
2025-05-31,VANGUARD Bond Fund INST,INST,Bond Fund,WBS,ADVISORY,ADVISORY,PIM,NON-RETIREMENT,397163687.85,67,Y,N,Y,FSC4848373,Vanguard,US Fund High Yield Bond,US Fund High Yield Bond
2025-05-31,PIMCO Blend Fund A,A,International Equity Fund,WFAS,BROKERAGE,BROKERAGE,PERSONALIZED UMA,SIM,127373839.55,470,Y,Y,Y,FSINVNDQ6K,PIMCO,US Fund Small Blend,US Fund Small Blend
2025-06-30,FRANKLIN TEMPLETON Bond Fund INST,INST,Balanced Fund,WFAS,BROKERAGE,BROKERAGE,PERSONALIZED UMA,SEP,160331414.51,204,Y,N,Y,FSC7967512,Franklin Templeton,US Fund Short-Term Bond,US Fund Short-Term Bond
2025-04-30,JPMORGAN Allocation Fund A,A,Equity Fund,PCG,ADVISORY,ADVISORY,FUNDSOURCE,SEP,135684062.33,418,Y,N,Y,FSUSAD1XUN,JPMorgan,US Fund Moderate Allocation,US Fund Moderate Allocation
2025-09-30,INVESCO Bond Fund A,A,International Equity Fund,WBS,ADVISORY,ADVISORY,ASSET ADVISOR,QP,86033711.02,222,Y,Y,Y,FSC9366170,Invesco,US Fund Intermediate Core Bond,US Fund Intermediate Core Bond
2025-06-30,FRANKLIN TEMPLETON Blend Fund C,C,Bond Fund,WBS,BROKERAGE,BROKERAGE,PERSONALIZED UMA,SIM,344185274.84,72,Y,Y,Y,FSC8379085,Franklin Templeton,US Fund Mid-Cap Blend,US Fund Mid-Cap Blend
2025-08-31,FRANKLIN TEMPLETON Blend Fund C,C,Equity Fund,WFAS,ADVISORY,ADVISORY,FUNDSOURCE,QP,369777990.79,361,Y,Y,Y,FSC8379085,Franklin Templeton,US Fund Mid-Cap Blend,US Fund Mid-Cap Blend
2026-02-28,INVESCO Bond Fund A,A,Equity Fund,FINET,ADVISORY,ADVISORY,CUSTOMCHOICE,NON-RETIREMENT,447013810.25,10,Y,Y,Y,FSC9366170,Invesco,US Fund Intermediate Core Bond,US Fund Intermediate Core Bond
2025-07-31,MFS Blend Fund A,A,Equity Fund,PCG,ADVISORY,ADVISORY,CUSTOMCHOICE,SIM,330287076.2,293,Y,Y,Y,FSCAPUR81B,MFS,US Fund Small Blend,US Fund Small Blend
2025-05-31,NUVEEN Growth Fund S,S,Alternative Fund,WFAS,ADVISORY,ADVISORY,MASTERS,NON-RETIREMENT,310661383.35,16,Y,Y,Y,FSCAPUT3V8,Nuveen,US Fund Small Growth,US Fund Small Growth
2026-02-28,NUVEEN Value Fund INV,INV,Alternative Fund,WFAS,ADVISORY,ADVISORY,FC/QC,SIM,428379693.29,327,Y,Y,Y,FSC8073988,Nuveen,US Fund Large Value,US Fund Large Value
2025-08-31,DWS FUNDS Allocation Fund A,A,Equity Fund,FINET,ADVISORY,ADVISORY,ASSET ADVISOR,IRA,330950655.83,32,Y,Y,Y,FSCAPPGOXS,DWS,US Fund Moderate Allocation,US Fund Moderate Allocation
2025-12-31,FRANKLIN TEMPLETON Estate Fund C,C,Money Market Fund,WBS,ADVISORY,ADVISORY,BROKERAGE,IRA,321223359.65,229,Y,Y,Y,FSC7392545,Franklin Templeton,US Fund Real Estate,US Fund Real Estate
2025-11-30,BLACKROCK Bond Fund INST,INST,Alternative Fund,WFAS,ADVISORY,ADVISORY,MASTERS,NON-RETIREMENT,66668587.32,109,Y,N,Y,FSCAPSG2R8,BlackRock,US Fund Short-Term Bond,US Fund Short-Term Bond
2025-03-31,PIMCO Blend Fund A,A,Money Market Fund,FINET,ADVISORY,ADVISORY,PERSONALIZED UMA,NON-RETIREMENT,228021200.98,130,Y,Y,Y,FSCAPPXIH2,PIMCO,US Fund Mid-Cap Blend,US Fund Mid-Cap Blend
2025-11-30,PIMCO Bond Fund S,S,Balanced Fund,WBS,BROKERAGE,BROKERAGE,CUSTOMCHOICE,IRA,49948767.25,474,Y,Y,N,FSCAP7M9HW,PIMCO,US Fund Short-Term Bond,US Fund Short-Term Bond
2025-12-31,PIMCO Allocation Fund A,A,International Equity Fund,WBS,ADVISORY,ADVISORY,FC/QC,QP,244618689.89,427,Y,Y,N,FSC3796172,PIMCO,US Fund Moderate Allocation,US Fund Moderate Allocation
2026-01-31,DWS FUNDS Bond Fund A,A,Money Market Fund,FINET,BROKERAGE,BROKERAGE,PIM,QP,385940494.49,127,Y,Y,Y,FSCAPZUVDG,DWS,US Fund High Yield Bond,US Fund High Yield Bond
2026-01-31,T ROWE PRICE Estate Fund S,S,International Equity Fund,WFAS,ADVISORY,ADVISORY,FUNDSOURCE,QP,88870237.81,175,Y,Y,Y,FSINVOVNZB,T. Rowe Price,US Fund Real Estate,US Fund Real Estate
2025-05-31,VANGUARD Bond Fund INV,INV,Alternative Fund,WFAS,ADVISORY,ADVISORY,PERSONALIZED UMA,QP,475130025.13,211,Y,Y,Y,FSUSAF3MVF,Vanguard,US Fund Short-Term Bond,US Fund Short-Term Bond
2025-09-30,FRANKLIN TEMPLETON Value Fund INST,INST,Money Market Fund,WBS,BROKERAGE,BROKERAGE,FUNDSOURCE,SIM,373158813.0,41,Y,N,Y,FSINV8HE3N,Franklin Templeton,US Fund Large Value,US Fund Large Value
2026-01-31,FRANKLIN TEMPLETON Growth Fund INST,INST,International Equity Fund,WFAS,BROKERAGE,BROKERAGE,CUSTOMCHOICE,IRA,57427280.1,287,Y,Y,Y,FSUSA9SEXI,Franklin Templeton,US Fund Small Growth,US Fund Small Growth
2025-11-30,JPMORGAN Bond Fund A,A,Money Market Fund,FINET,ADVISORY,ADVISORY,FUNDSOURCE,SIM,243733485.64,217,Y,Y,Y,FSCAP0TE0V,JPMorgan,US Fund Multisector Bond,US Fund Multisector Bond
2025-07-31,CAPITAL GROUP Bond Fund INST,INST,International Equity Fund,PCG,BROKERAGE,BROKERAGE,PERSONALIZED UMA,SIM,285117648.05,363,Y,Y,Y,FSCAPU9MJ4,capital group,US Fund Intermediate Core Bond,US Fund Intermediate Core Bond
2025-01-31,FIDELITY Bond Fund A,A,Equity Fund,FINET,ADVISORY,ADVISORY,BROKERAGE,IRA,48753768.22,131,Y,N,Y,FSUSAP0XJP,Fidelity,US Fund Multisector Bond,US Fund Multisector Bond
2025-01-31,JPMORGAN Allocation Fund INST,INST,Balanced Fund,PCG,ADVISORY,ADVISORY,PERSONALIZED UMA,SEP,293107407.64,56,Y,Y,Y,FSCAPZ4DKB,JPMorgan,US Fund Tactical Allocation,US Fund Tactical Allocation
2025-10-31,FIRST EAGLE Blend Fund INST,INST,Alternative Fund,WBS,BROKERAGE,BROKERAGE,BROKERAGE,QP,4010909.94,366,Y,N,Y,FSCAP4FGYV,First Eagle,US Fund Small Blend,US Fund Small Blend
2026-03-31,CAPITAL GROUP Bond Fund INST,INST,Bond Fund,PCG,ADVISORY,ADVISORY,PERSONALIZED UMA,SEP,438291194.38,369,Y,N,Y,FSINV6Z5AS,capital group,US Fund Intermediate Core Bond,US Fund Intermediate Core Bond
2025-10-31,CAPITAL GROUP Blend Fund A,A,Equity Fund,WBS,ADVISORY,ADVISORY,PIM,IRA,228346277.04,301,Y,N,Y,FSUSAYANEZ,capital group,US Fund Foreign Large Blend,US Fund Foreign Large Blend
2026-02-28,NUVEEN Growth Fund S,S,Bond Fund,PCG,BROKERAGE,BROKERAGE,PIM,NON-RETIREMENT,472276191.08,238,Y,Y,Y,FSCAPUT3V8,Nuveen,US Fund Small Growth,US Fund Small Growth
2025-04-30,PIMCO Growth Fund A,A,Bond Fund,FINET,ADVISORY,ADVISORY,FC/QC,SEP,266039627.82,247,Y,Y,Y,FSCAPS2MJ6,PIMCO,US Fund Small Growth,US Fund Small Growth
2025-12-31,CAPITAL GROUP Growth Fund A,A,Equity Fund,WBS,BROKERAGE,BROKERAGE,MASTERS,IRA,235182673.71,245,Y,N,Y,FSINV8R1QP,capital group,US Fund Small Growth,US Fund Small Growth
2025-01-31,MFS Bond Fund C,C,Alternative Fund,WBS,BROKERAGE,BROKERAGE,BROKERAGE,SIM,421192388.8,202,Y,N,Y,FSUSAR848N,MFS,US Fund Multisector Bond,US Fund Multisector Bond
2026-02-28,INVESCO Allocation Fund A,A,Alternative Fund,WBS,BROKERAGE,BROKERAGE,ASSET ADVISOR,SIM,59897504.16,480,Y,N,Y,FSC8043975,Invesco,US Fund Tactical Allocation,US Fund Tactical Allocation
2025-09-30,VANGUARD Bond Fund A,A,Alternative Fund,PCG,BROKERAGE,BROKERAGE,BROKERAGE,NON-RETIREMENT,76862040.93,388,Y,N,N,FSINVZ17YR,Vanguard,US Fund Short-Term Bond,US Fund Short-Term Bond
2025-06-30,BLACKROCK Blend Fund INST,INST,Balanced Fund,WFAS,BROKERAGE,BROKERAGE,PERSONALIZED UMA,SIM,244835639.03,164,Y,Y,Y,FSUSA4B2GI,BlackRock,US Fund Foreign Large Blend,US Fund Foreign Large Blend
2025-12-31,FIRST EAGLE Bond Fund A,A,International Equity Fund,WBS,ADVISORY,ADVISORY,FUNDSOURCE,QP,148802549.17,237,Y,Y,Y,FSUSAMFLIX,First Eagle,US Fund Multisector Bond,US Fund Multisector Bond
2025-03-31,INVESCO Bond Fund C,C,International Equity Fund,PCG,BROKERAGE,BROKERAGE,FUNDSOURCE,SIM,335106174.31,122,Y,Y,Y,FSUSAFVJ1Z,Invesco,US Fund Short-Term Bond,US Fund Short-Term Bond
2025-06-30,PIMCO Growth Fund A,A,Bond Fund,PCG,ADVISORY,ADVISORY,BROKERAGE,QP,159215740.25,323,Y,Y,N,FSCAPS2MJ6,PIMCO,US Fund Small Growth,US Fund Small Growth
2025-04-30,FRANKLIN TEMPLETON Bond Fund INST,INST,Money Market Fund,PCG,BROKERAGE,BROKERAGE,FUNDSOURCE,SIM,72589304.58,474,Y,N,Y,FSINVCNRVP,Franklin Templeton,US Fund Intermediate Core Bond,US Fund Intermediate Core Bond
2025-07-31,INVESCO Bond Fund C,C,Money Market Fund,WBS,ADVISORY,ADVISORY,BROKERAGE,SEP,419645954.34,257,Y,Y,Y,FSUSAFVJ1Z,Invesco,US Fund Short-Term Bond,US Fund Short-Term Bond
2026-02-28,JPMORGAN Value Fund S,S,Alternative Fund,FINET,BROKERAGE,BROKERAGE,FUNDSOURCE,QP,207837204.76,477,Y,N,N,FSUSAS5BKX,JPMorgan,US Fund Large Value,US Fund Large Value
2025-06-30,JPMORGAN Allocation Fund INST,INST,Money Market Fund,WBS,ADVISORY,ADVISORY,PERSONALIZED UMA,SIM,348501679.38,172,Y,Y,Y,FSCAPZ4DKB,JPMorgan,US Fund Tactical Allocation,US Fund Tactical Allocation
2025-08-31,LORD ABBETT Blend Fund INST,INST,International Equity Fund,PCG,ADVISORY,ADVISORY,FC/QC,QP,382801037.1,477,Y,Y,Y,FSINVDZ4HR,Lord Abbett,US Fund Foreign Large Blend,US Fund Foreign Large Blend
2025-01-31,CAPITAL GROUP Bond Fund INST,INST,Bond Fund,PCG,ADVISORY,ADVISORY,FUNDSOURCE,IRA,106111788.73,66,Y,Y,Y,FSINV6Z5AS,capital group,US Fund Intermediate Core Bond,US Fund Intermediate Core Bond
2025-07-31,PIMCO Blend Fund A,A,Money Market Fund,PCG,ADVISORY,ADVISORY,MASTERS,IRA,179885079.63,247,Y,Y,Y,FSCAPPXIH2,PIMCO,US Fund Mid-Cap Blend,US Fund Mid-Cap Blend
2025-09-30,FRANKLIN TEMPLETON Value Fund INST,INST,Alternative Fund,FINET,ADVISORY,ADVISORY,PIM,IRA,361230451.72,181,Y,N,Y,FSINV8HE3N,Franklin Templeton,US Fund Large Value,US Fund Large Value
2025-06-30,MFS Blend Fund C,C,Bond Fund,PCG,ADVISORY,ADVISORY,PIM,SEP,441460820.61,354,Y,Y,Y,FSC8686926,MFS,US Fund Small Blend,US Fund Small Blend
2025-04-30,FIDELITY Blend Fund C,C,Bond Fund,FINET,ADVISORY,ADVISORY,CUSTOMCHOICE,QP,464196739.37,409,Y,N,Y,FSUSAVKKPF,Fidelity,US Fund Large Blend,US Fund Large Blend
2025-09-30,PIMCO Growth Fund A,A,Alternative Fund,PCG,BROKERAGE,BROKERAGE,FUNDSOURCE,SEP,401425008.75,307,Y,Y,N,FSCAPS2MJ6,PIMCO,US Fund Small Growth,US Fund Small Growth
2025-09-30,NUVEEN Blend Fund INV,INV,Money Market Fund,WFAS,BROKERAGE,BROKERAGE,MASTERS,SIM,138526405.69,185,Y,Y,Y,FSUSALNO19,Nuveen,US Fund Small Blend,US Fund Small Blend
2025-04-30,VANGUARD Growth Fund C,C,Equity Fund,PCG,ADVISORY,ADVISORY,PIM,IRA,263191368.3,26,Y,Y,Y,FSCAP2IIZJ,Vanguard,US Fund Large Growth,US Fund Large Growth
2026-02-28,T ROWE PRICE Blend Fund INST,INST,Equity Fund,PCG,BROKERAGE,BROKERAGE,PIM,QP,55601652.98,7,Y,Y,Y,FSINVVY2S9,T. Rowe Price,US Fund Large Blend,US Fund Large Blend
2026-03-31,T ROWE PRICE Blend Fund A,A,International Equity Fund,WBS,BROKERAGE,BROKERAGE,PERSONALIZED UMA,SEP,126856677.2,223,Y,Y,Y,FSUSA99GZA,T. Rowe Price,US Fund Small Blend,US Fund Small Blend
2025-07-31,INVESCO Allocation Fund S,S,Alternative Fund,WFAS,ADVISORY,ADVISORY,MASTERS,SIM,381408788.48,125,Y,Y,N,FSINV12SDD,Invesco,US Fund Tactical Allocation,US Fund Tactical Allocation
2025-05-31,PIMCO Growth Fund A,A,Bond Fund,WBS,BROKERAGE,BROKERAGE,FUNDSOURCE,SIM,288599693.01,441,Y,N,N,FSCAPS2MJ6,PIMCO,US Fund Small Growth,US Fund Small Growth
2026-03-31,FIDELITY Blend Fund C,C,International Equity Fund,WBS,BROKERAGE,BROKERAGE,ASSET ADVISOR,SEP,309243.78,112,Y,Y,N,FSUSAVKKPF,Fidelity,US Fund Large Blend,US Fund Large Blend
2025-04-30,INVESCO Allocation Fund A,A,Balanced Fund,PCG,ADVISORY,ADVISORY,CUSTOMCHOICE,IRA,300163213.74,5,Y,Y,Y,FSC8043975,Invesco,US Fund Tactical Allocation,US Fund Tactical Allocation
2026-01-31,CAPITAL GROUP Blend Fund A,A,Alternative Fund,FINET,ADVISORY,ADVISORY,FC/QC,NON-RETIREMENT,297606433.11,139,Y,Y,Y,FSUSAYANEZ,capital group,US Fund Foreign Large Blend,US Fund Foreign Large Blend
2025-07-31,NUVEEN Blend Fund INV,INV,Alternative Fund,WBS,ADVISORY,ADVISORY,PIM,QP,57470015.69,286,Y,N,Y,FSUSALNO19,Nuveen,US Fund Small Blend,US Fund Small Blend
2025-07-31,PIMCO Allocation Fund A,A,Money Market Fund,PCG,ADVISORY,ADVISORY,PIM,QP,225227774.7,154,Y,Y,Y,FSC3796172,PIMCO,US Fund Moderate Allocation,US Fund Moderate Allocation
2025-08-31,MFS Blend Fund C,C,Alternative Fund,PCG,ADVISORY,ADVISORY,MASTERS,SEP,132009827.0,406,Y,N,Y,FSC8686926,MFS,US Fund Small Blend,US Fund Small Blend
2025-04-30,FIDELITY Blend Fund C,C,Balanced Fund,PCG,BROKERAGE,BROKERAGE,PERSONALIZED UMA,SEP,238761949.29,248,Y,Y,Y,FSUSAVKKPF,Fidelity,US Fund Large Blend,US Fund Large Blend
2025-04-30,PIMCO Blend Fund A,A,Money Market Fund,WBS,ADVISORY,ADVISORY,PIM,SIM,451237238.61,38,Y,N,Y,FSINVNDQ6K,PIMCO,US Fund Small Blend,US Fund Small Blend
2026-01-31,INVESCO Allocation Fund S,S,Balanced Fund,WBS,ADVISORY,ADVISORY,PIM,SIM,296334067.48,343,Y,N,Y,FSINV12SDD,Invesco,US Fund Tactical Allocation,US Fund Tactical Allocation
2026-02-28,FIDELITY Bond Fund INST,INST,Equity Fund,FINET,ADVISORY,ADVISORY,BROKERAGE,SEP,294617760.0,164,Y,N,Y,FSINVQUXZJ,Fidelity,US Fund Intermediate Core Bond,US Fund Intermediate Core Bond
2025-06-30,AMERICAN FUNDS Bond Fund INST,INST,Balanced Fund,PCG,ADVISORY,ADVISORY,ASSET ADVISOR,QP,112097371.37,156,Y,Y,Y,FSC0723107,capital group,US Fund High Yield Bond,US Fund High Yield Bond
2025-02-28,INVESCO Bond Fund A,A,Bond Fund,PCG,BROKERAGE,BROKERAGE,FUNDSOURCE,IRA,387399542.62,391,Y,Y,Y,FSC9366170,Invesco,US Fund Intermediate Core Bond,US Fund Intermediate Core Bond
2026-03-31,NUVEEN Blend Fund A,A,Money Market Fund,FINET,BROKERAGE,BROKERAGE,PIM,QP,335289531.93,11,Y,N,Y,FSUSAGQ1Y8,Nuveen,US Fund Foreign Large Blend,US Fund Foreign Large Blend
2025-12-31,FIDELITY Bond Fund INST,INST,Equity Fund,WBS,BROKERAGE,BROKERAGE,PERSONALIZED UMA,QP,244423475.23,323,Y,Y,Y,FSINVQUXZJ,Fidelity,US Fund Intermediate Core Bond,US Fund Intermediate Core Bond
2025-03-31,INVESCO Allocation Fund S,S,Bond Fund,FINET,BROKERAGE,BROKERAGE,PERSONALIZED UMA,SIM,123813097.36,302,Y,Y,Y,FSINV12SDD,Invesco,US Fund Tactical Allocation,US Fund Tactical Allocation
2025-12-31,MFS Bond Fund C,C,Money Market Fund,WBS,ADVISORY,ADVISORY,FC/QC,IRA,284631030.05,337,Y,Y,N,FSUSAR848N,MFS,US Fund Multisector Bond,US Fund Multisector Bond
2025-01-31,JPMORGAN Bond Fund A,A,Alternative Fund,FINET,BROKERAGE,BROKERAGE,MASTERS,SEP,497976912.84,339,Y,N,Y,FSCAP0TE0V,JPMorgan,US Fund Multisector Bond,US Fund Multisector Bond
2025-10-31,FIRST EAGLE Estate Fund INST,INST,Alternative Fund,FINET,BROKERAGE,BROKERAGE,BROKERAGE,IRA,8658005.33,227,Y,N,Y,FSUSAS7SPG,First Eagle,US Fund Real Estate,US Fund Real Estate
2025-07-31,PIMCO Blend Fund A,A,Bond Fund,WBS,ADVISORY,ADVISORY,PIM,SEP,192936251.84,9,Y,Y,Y,FSINVNDQ6K,PIMCO,US Fund Small Blend,US Fund Small Blend
2025-07-31,BLACKROCK Bond Fund INST,INST,Money Market Fund,PCG,ADVISORY,ADVISORY,PIM,NON-RETIREMENT,292047639.52,431,Y,N,Y,FSCAPSG2R8,BlackRock,US Fund Short-Term Bond,US Fund Short-Term Bond
2025-05-31,FIRST EAGLE Blend Fund C,C,Equity Fund,PCG,BROKERAGE,BROKERAGE,PERSONALIZED UMA,IRA,491110452.1,344,Y,Y,Y,FSC7422675,First Eagle,US Fund Small Blend,US Fund Small Blend
2026-01-31,VANGUARD Bond Fund INV,INV,Equity Fund,WBS,ADVISORY,ADVISORY,PIM,NON-RETIREMENT,370840046.0,174,Y,Y,Y,FSUSAF3MVF,Vanguard,US Fund Short-Term Bond,US Fund Short-Term Bond
2026-02-28,NUVEEN Growth Fund S,S,Money Market Fund,PCG,BROKERAGE,BROKERAGE,BROKERAGE,SEP,41081514.32,98,Y,Y,Y,FSCAPUT3V8,Nuveen,US Fund Small Growth,US Fund Small Growth
2025-02-28,FIDELITY Bond Fund INST,INST,Balanced Fund,WBS,BROKERAGE,BROKERAGE,FC/QC,QP,121203887.46,231,Y,N,Y,FSINVQUXZJ,Fidelity,US Fund Intermediate Core Bond,US Fund Intermediate Core Bond
2026-03-31,VANGUARD Growth Fund C,C,International Equity Fund,WBS,ADVISORY,ADVISORY,CUSTOMCHOICE,IRA,144428274.55,492,Y,Y,Y,FSCAP2IIZJ,Vanguard,US Fund Large Growth,US Fund Large Growth
2025-02-28,INVESCO Bond Fund A,A,Money Market Fund,PCG,ADVISORY,ADVISORY,FUNDSOURCE,QP,17718349.67,491,Y,Y,Y,FSC9366170,Invesco,US Fund Intermediate Core Bond,US Fund Intermediate Core Bond
2025-05-31,T ROWE PRICE Blend Fund A,A,Money Market Fund,WBS,BROKERAGE,BROKERAGE,ASSET ADVISOR,SIM,221550567.0,102,Y,Y,Y,FSUSA99GZA,T. Rowe Price,US Fund Small Blend,US Fund Small Blend
2026-03-31,FIRST EAGLE Blend Fund INST,INST,Balanced Fund,WBS,ADVISORY,ADVISORY,PIM,SIM,392341779.4,377,Y,N,Y,FSCAP4FGYV,First Eagle,US Fund Small Blend,US Fund Small Blend
2025-06-30,VANGUARD Growth Fund A,A,Alternative Fund,FINET,BROKERAGE,BROKERAGE,PERSONALIZED UMA,SIM,450106524.34,67,Y,Y,Y,FSCAP853QJ,Vanguard,US Fund Large Growth,US Fund Large Growth
2025-12-31,JPMORGAN Bond Fund A,A,Alternative Fund,FINET,BROKERAGE,BROKERAGE,ASSET ADVISOR,IRA,314109917.69,467,Y,Y,Y,FSCAP0TE0V,JPMorgan,US Fund Multisector Bond,US Fund Multisector Bond
2025-06-30,NUVEEN Growth Fund S,S,Balanced Fund,PCG,ADVISORY,ADVISORY,PERSONALIZED UMA,NON-RETIREMENT,23280194.61,11,Y,N,Y,FSCAPUT3V8,Nuveen,US Fund Small Growth,US Fund Small Growth
2025-02-28,BLACKROCK Allocation Fund INST,INST,Alternative Fund,FINET,ADVISORY,ADVISORY,MASTERS,QP,122385351.53,208,Y,Y,Y,FSCAPJJ3ZW,BlackRock,US Fund Moderate Allocation,US Fund Moderate Allocation
2025-02-28,FIRST EAGLE Growth Fund INST,INST,Money Market Fund,PCG,ADVISORY,ADVISORY,FC/QC,IRA,115517379.93,146,Y,Y,Y,FSUSAUK54B,First Eagle,US Fund Small Growth,US Fund Small Growth
2025-01-31,VANGUARD Bond Fund A,A,Balanced Fund,WFAS,ADVISORY,ADVISORY,PIM,QP,150469480.49,486,Y,Y,Y,FSC4693666,Vanguard,US Fund Intermediate Core Bond,US Fund Intermediate Core Bond
2025-01-31,CAPITAL GROUP Bond Fund INST,INST,International Equity Fund,WFAS,ADVISORY,ADVISORY,BROKERAGE,SIM,155119003.21,405,Y,Y,Y,FSINV6Z5AS,capital group,US Fund Intermediate Core Bond,US Fund Intermediate Core Bond
2025-12-31,BLACKROCK Bond Fund INST,INST,International Equity Fund,WFAS,BROKERAGE,BROKERAGE,BROKERAGE,NON-RETIREMENT,394265842.51,202,Y,Y,Y,FSCAPSG2R8,BlackRock,US Fund Short-Term Bond,US Fund Short-Term Bond
2026-02-28,FIDELITY Bond Fund A,A,International Equity Fund,PCG,ADVISORY,ADVISORY,ASSET ADVISOR,SIM,19238822.72,374,Y,Y,Y,FSUSAP0XJP,Fidelity,US Fund Multisector Bond,US Fund Multisector Bond
2026-02-28,FRANKLIN TEMPLETON Growth Fund INST,INST,Balanced Fund,PCG,BROKERAGE,BROKERAGE,FC/QC,SIM,351188951.22,344,Y,N,Y,FSUSA9SEXI,Franklin Templeton,US Fund Small Growth,US Fund Small Growth
2025-06-30,PIMCO Blend Fund A,A,Alternative Fund,WFAS,ADVISORY,ADVISORY,BROKERAGE,SEP,350752825.65,447,Y,Y,Y,FSCAPPXIH2,PIMCO,US Fund Mid-Cap Blend,US Fund Mid-Cap Blend
2025-08-31,INVESCO Bond Fund A,A,Equity Fund,WFAS,BROKERAGE,BROKERAGE,MASTERS,IRA,343728005.47,193,Y,Y,Y,FSCAPRK315,Invesco,US Fund Intermediate Core Bond,US Fund Intermediate Core Bond
2025-08-31,JPMORGAN Allocation Fund A,A,Equity Fund,WBS,ADVISORY,ADVISORY,ASSET ADVISOR,SIM,484818100.87,492,Y,Y,Y,FSUSAD1XUN,JPMorgan,US Fund Moderate Allocation,US Fund Moderate Allocation
2025-04-30,DWS FUNDS Bond Fund A,A,Money Market Fund,WBS,BROKERAGE,BROKERAGE,ASSET ADVISOR,NON-RETIREMENT,274780472.34,187,Y,Y,Y,FSCAPZUVDG,DWS,US Fund High Yield Bond,US Fund High Yield Bond
2025-07-31,NUVEEN Blend Fund INV,INV,Bond Fund,PCG,BROKERAGE,BROKERAGE,ASSET ADVISOR,NON-RETIREMENT,433047286.34,113,Y,Y,Y,FSUSALNO19,Nuveen,US Fund Small Blend,US Fund Small Blend
2025-08-31,JPMORGAN Allocation Fund A,A,Bond Fund,FINET,ADVISORY,ADVISORY,PIM,SIM,395900511.83,328,Y,Y,Y,FSUSAD1XUN,JPMorgan,US Fund Moderate Allocation,US Fund Moderate Allocation
2025-09-30,LORD ABBETT Blend Fund INST,INST,International Equity Fund,WBS,ADVISORY,ADVISORY,PERSONALIZED UMA,IRA,233150339.91,119,Y,Y,Y,FSINVDZ4HR,Lord Abbett,US Fund Foreign Large Blend,US Fund Foreign Large Blend
2025-02-28,INVESCO Allocation Fund A,A,Balanced Fund,PCG,BROKERAGE,BROKERAGE,CUSTOMCHOICE,SIM,468914499.4,424,Y,N,Y,FSC8043975,Invesco,US Fund Tactical Allocation,US Fund Tactical Allocation
2025-02-28,T ROWE PRICE Estate Fund S,S,Balanced Fund,PCG,BROKERAGE,BROKERAGE,MASTERS,IRA,185021036.06,221,Y,N,Y,FSINVOVNZB,T. Rowe Price,US Fund Real Estate,US Fund Real Estate
2025-12-31,JPMORGAN Allocation Fund A,A,Money Market Fund,WBS,BROKERAGE,BROKERAGE,MASTERS,SEP,128512863.5,338,Y,Y,N,FSUSAD1XUN,JPMorgan,US Fund Moderate Allocation,US Fund Moderate Allocation
2026-03-31,CAPITAL GROUP Growth Fund A,A,Equity Fund,WBS,BROKERAGE,BROKERAGE,MASTERS,QP,253015429.12,425,Y,Y,Y,FSINVHRONH,capital group,US Fund Large Growth,US Fund Large Growth
2026-01-31,INVESCO Allocation Fund S,S,Money Market Fund,PCG,ADVISORY,ADVISORY,PIM,NON-RETIREMENT,156263570.96,89,Y,Y,Y,FSINV12SDD,Invesco,US Fund Tactical Allocation,US Fund Tactical Allocation
2025-05-31,MFS Blend Fund A,A,Money Market Fund,PCG,BROKERAGE,BROKERAGE,MASTERS,SEP,1750807.87,88,Y,Y,Y,FSCAPO8FAQ,MFS,US Fund Mid-Cap Blend,US Fund Mid-Cap Blend
2025-03-31,BLACKROCK Allocation Fund INST,INST,Equity Fund,PCG,ADVISORY,ADVISORY,FUNDSOURCE,NON-RETIREMENT,408636706.71,221,Y,N,Y,FSCAPJJ3ZW,BlackRock,US Fund Moderate Allocation,US Fund Moderate Allocation
2025-02-28,DWS FUNDS Allocation Fund A,A,Equity Fund,PCG,BROKERAGE,BROKERAGE,BROKERAGE,QP,333523272.07,140,Y,N,Y,FSCAPPGOXS,DWS,US Fund Moderate Allocation,US Fund Moderate Allocation
2026-02-28,PIMCO Blend Fund A,A,Money Market Fund,PCG,ADVISORY,ADVISORY,BROKERAGE,QP,452373615.89,332,Y,N,Y,FSINVNDQ6K,PIMCO,US Fund Small Blend,US Fund Small Blend
2025-03-31,PIMCO Growth Fund A,A,Bond Fund,PCG,ADVISORY,ADVISORY,FUNDSOURCE,SEP,16357927.24,340,Y,Y,Y,FSCAPS2MJ6,PIMCO,US Fund Small Growth,US Fund Small Growth
2025-12-31,PIMCO Bond Fund S,S,Money Market Fund,PCG,BROKERAGE,BROKERAGE,CUSTOMCHOICE,SIM,123766730.31,80,Y,Y,Y,FSCAP7M9HW,PIMCO,US Fund Short-Term Bond,US Fund Short-Term Bond
2025-08-31,VANGUARD Bond Fund A,A,Balanced Fund,WFAS,ADVISORY,ADVISORY,ASSET ADVISOR,QP,317297658.75,150,Y,Y,Y,FSINVZ17YR,Vanguard,US Fund Short-Term Bond,US Fund Short-Term Bond
2026-01-31,VANGUARD Allocation Fund INV,INV,International Equity Fund,FINET,ADVISORY,ADVISORY,MASTERS,SEP,303568154.82,100,Y,Y,Y,FSUSAMIGJS,Vanguard,US Fund Tactical Allocation,US Fund Tactical Allocation
2025-03-31,INVESCO Allocation Fund A,A,Money Market Fund,WFAS,BROKERAGE,BROKERAGE,FC/QC,QP,130354133.65,418,Y,N,N,FSC8043975,Invesco,US Fund Tactical Allocation,US Fund Tactical Allocation
2025-04-30,JPMORGAN Bond Fund A,A,Money Market Fund,WBS,ADVISORY,ADVISORY,FUNDSOURCE,NON-RETIREMENT,15922702.26,39,Y,N,Y,FSCAP0TE0V,JPMorgan,US Fund Multisector Bond,US Fund Multisector Bond
2026-02-28,LORD ABBETT Estate Fund A,A,Equity Fund,WBS,ADVISORY,ADVISORY,PIM,NON-RETIREMENT,151238407.85,469,Y,Y,Y,FSINVN2N0F,Lord Abbett,US Fund Real Estate,US Fund Real Estate
2025-02-28,JPMORGAN Value Fund S,S,Alternative Fund,FINET,BROKERAGE,BROKERAGE,ASSET ADVISOR,QP,7911297.8,204,Y,Y,Y,FSUSAS5BKX,JPMorgan,US Fund Large Value,US Fund Large Value
2025-07-31,FRANKLIN TEMPLETON Estate Fund C,C,Equity Fund,PCG,ADVISORY,ADVISORY,FUNDSOURCE,QP,264276523.6,355,Y,Y,N,FSC7392545,Franklin Templeton,US Fund Real Estate,US Fund Real Estate
2025-02-28,NUVEEN Blend Fund A,A,Alternative Fund,PCG,ADVISORY,ADVISORY,FUNDSOURCE,QP,242037876.9,466,Y,Y,Y,FSUSAGQ1Y8,Nuveen,US Fund Foreign Large Blend,US Fund Foreign Large Blend
2026-02-28,FIRST EAGLE Bond Fund A,A,Equity Fund,WFAS,ADVISORY,ADVISORY,FC/QC,SIM,6205447.1,216,Y,Y,Y,FSUSAMFLIX,First Eagle,US Fund Multisector Bond,US Fund Multisector Bond
2025-05-31,CAPITAL GROUP Blend Fund INST,INST,Money Market Fund,WFAS,ADVISORY,ADVISORY,CUSTOMCHOICE,NON-RETIREMENT,155504097.34,488,Y,Y,Y,FSC7363842,capital group,US Fund Small Blend,US Fund Small Blend
2025-02-28,BLACKROCK Bond Fund INST,INST,Alternative Fund,WBS,BROKERAGE,BROKERAGE,CUSTOMCHOICE,SIM,480835285.57,51,Y,N,Y,FSC6963457,BlackRock,US Fund High Yield Bond,US Fund High Yield Bond
2025-03-31,INVESCO Bond Fund A,A,Equity Fund,WBS,ADVISORY,ADVISORY,ASSET ADVISOR,SEP,433230627.28,433,Y,Y,N,FSCAPRK315,Invesco,US Fund Intermediate Core Bond,US Fund Intermediate Core Bond
2025-07-31,DWS FUNDS Bond Fund A,A,International Equity Fund,FINET,ADVISORY,ADVISORY,ASSET ADVISOR,IRA,282187374.11,314,Y,Y,N,FSCAPZUVDG,DWS,US Fund High Yield Bond,US Fund High Yield Bond
2025-09-30,VANGUARD Bond Fund A,A,Equity Fund,WFAS,ADVISORY,ADVISORY,FUNDSOURCE,SIM,276194823.6,391,Y,N,Y,FSINVZ17YR,Vanguard,US Fund Short-Term Bond,US Fund Short-Term Bond
2025-02-28,FIRST EAGLE Estate Fund INST,INST,Bond Fund,WBS,ADVISORY,ADVISORY,PERSONALIZED UMA,NON-RETIREMENT,27005745.61,352,N,Y,Y,FSUSAS7SPG,First Eagle,US Fund Real Estate,US Fund Real Estate
2025-10-31,JPMORGAN Value Fund S,S,International Equity Fund,FINET,ADVISORY,ADVISORY,CUSTOMCHOICE,IRA,456709739.69,175,Y,N,Y,FSUSAS5BKX,JPMorgan,US Fund Large Value,US Fund Large Value
2026-01-31,VANGUARD Bond Fund INST,INST,Bond Fund,PCG,ADVISORY,ADVISORY,MASTERS,SIM,142743935.78,423,Y,Y,Y,FSC4848373,Vanguard,US Fund High Yield Bond,US Fund High Yield Bond
2026-02-28,NUVEEN Estate Fund A,A,Bond Fund,PCG,ADVISORY,ADVISORY,CUSTOMCHOICE,SIM,114244634.7,61,Y,N,Y,FSCAP9SFEF,Nuveen,US Fund Real Estate,US Fund Real Estate
2025-03-31,LORD ABBETT Estate Fund A,A,Alternative Fund,WBS,ADVISORY,ADVISORY,CUSTOMCHOICE,SEP,127998303.18,58,Y,Y,Y,FSINVN2N0F,Lord Abbett,US Fund Real Estate,US Fund Real Estate
2025-11-30,INVESCO Allocation Fund S,S,Money Market Fund,WFAS,BROKERAGE,BROKERAGE,PIM,SEP,117400493.46,44,Y,Y,Y,FSINV12SDD,Invesco,US Fund Tactical Allocation,US Fund Tactical Allocation
2025-05-31,JPMORGAN Allocation Fund INST,INST,Money Market Fund,PCG,ADVISORY,ADVISORY,CUSTOMCHOICE,SEP,376772897.73,111,Y,N,N,FSCAPZ4DKB,JPMorgan,US Fund Tactical Allocation,US Fund Tactical Allocation
2025-08-31,INVESCO Bond Fund INST,INST,Alternative Fund,PCG,BROKERAGE,BROKERAGE,PIM,IRA,140107361.94,471,Y,Y,Y,FSINV30AHC,Invesco,US Fund High Yield Bond,US Fund High Yield Bond
2025-01-31,LORD ABBETT Blend Fund INST,INST,Money Market Fund,WBS,BROKERAGE,BROKERAGE,BROKERAGE,QP,290549542.79,375,Y,Y,Y,FSINVDZ4HR,Lord Abbett,US Fund Foreign Large Blend,US Fund Foreign Large Blend
2026-01-31,INVESCO Bond Fund C,C,International Equity Fund,PCG,ADVISORY,ADVISORY,BROKERAGE,SEP,96513343.25,122,Y,N,Y,FSUSAFVJ1Z,Invesco,US Fund Short-Term Bond,US Fund Short-Term Bond
2025-07-31,CAPITAL GROUP Bond Fund INST,INST,Equity Fund,PCG,ADVISORY,ADVISORY,MASTERS,SIM,15545580.04,454,Y,Y,N,FSCAPU9MJ4,capital group,US Fund Intermediate Core Bond,US Fund Intermediate Core Bond
2025-06-30,LORD ABBETT Estate Fund A,A,Money Market Fund,WFAS,ADVISORY,ADVISORY,CUSTOMCHOICE,NON-RETIREMENT,404735697.28,197,Y,Y,Y,FSINVN2N0F,Lord Abbett,US Fund Real Estate,US Fund Real Estate
2025-12-31,DWS FUNDS Blend Fund INV,INV,Money Market Fund,FINET,ADVISORY,ADVISORY,FUNDSOURCE,NON-RETIREMENT,58529843.35,49,Y,N,N,FSINVF3PFW,DWS,US Fund Large Blend,US Fund Large Blend
2025-02-28,NUVEEN Blend Fund A,A,Alternative Fund,WBS,ADVISORY,ADVISORY,PERSONALIZED UMA,IRA,301052606.78,299,Y,Y,Y,FSUSAGQ1Y8,Nuveen,US Fund Foreign Large Blend,US Fund Foreign Large Blend
2025-06-30,FIRST EAGLE Blend Fund INST,INST,Alternative Fund,FINET,BROKERAGE,BROKERAGE,PIM,IRA,277062107.31,307,Y,Y,N,FSCAP4FGYV,First Eagle,US Fund Small Blend,US Fund Small Blend
2025-07-31,JPMORGAN Bond Fund A,A,Bond Fund,FINET,BROKERAGE,BROKERAGE,PIM,NON-RETIREMENT,401294411.31,116,Y,Y,Y,FSCAP0TE0V,JPMorgan,US Fund Multisector Bond,US Fund Multisector Bond
